{
    "image_id": 1000,
    "seq": [
        {
            "height": 109.15000813802084,
            "label": "tennis racket",
            "left": 43.65938110351563,
            "top": 378.36253255208334,
            "width": 44.465625
        },
        {
            "height": 151.9125,
            "label": "handbag",
            "left": 18.787498474121094,
            "top": 282.7625325520833,
            "width": 49.959375
        },
        {
            "height": 146.9375,
            "label": "handbag",
            "left": 184.13436279296874,
            "top": 279.8125,
            "width": 65.86875
        },
        {
            "height": 285.5125,
            "label": "person",
            "left": 107.49375,
            "top": 189.5375,
            "width": 78.02811889648437
        },
        {
            "height": 56.9,
            "label": "person",
            "left": 380.090625,
            "top": 149.9,
            "width": 34.809375
        },
        {
            "height": 394.85,
            "label": "person",
            "left": 248.2781494140625,
            "top": 119.19995930989583,
            "width": 83.3625
        },
        {
            "height": 311.35003255208335,
            "label": "person",
            "left": 195.6843994140625,
            "top": 217.675,
            "width": 93.40311279296876
        },
        {
            "height": 360.0625,
            "label": "person",
            "left": 472.659375,
            "top": 239.31251627604166,
            "width": 126.871875
        },
        {
            "height": 339.3375,
            "label": "person",
            "left": 384.09375,
            "top": 260.03753255208335,
            "width": 107.71875
        },
        {
            "height": 399.0625,
            "label": "person",
            "left": 356.578125,
            "top": 199.2625,
            "width": 82.9125
        },
        {
            "height": 392.35,
            "label": "person",
            "left": 308.971875,
            "top": 192.1875,
            "width": 77.859375
        },
        {
            "height": 151.45,
            "label": "person",
            "left": 384.609375,
            "top": 133.1624755859375,
            "width": 82.58436889648438
        },
        {
            "height": 340.9375,
            "label": "person",
            "left": 171.46876220703126,
            "top": 151.05,
            "width": 89.78436889648438
        },
        {
            "height": 72.55,
            "label": "backpack",
            "left": 195.928125,
            "top": 204.22496744791667,
            "width": 58.51875
        },
        {
            "height": 63.725,
            "label": "backpack",
            "left": 39.58125,
            "top": 279.2375,
            "width": 52.246875
        },
        {
            "height": 265.6625,
            "label": "person",
            "left": 48.4125,
            "top": 230.77501627604167,
            "width": 55.556243896484375
        },
        {
            "height": 51.412495930989586,
            "label": "person",
            "left": 327.178125,
            "top": 147.76248372395833,
            "width": 49.35
        }
    ]
}