{
    "image_id": 1000,
    "seq": [
        {
            "height": 81.86250305175781,
            "label": "tennis racket",
            "left": 44.12812423706055,
            "top": 284.2406311035156,
            "width": 44.46562576293945
        },
        {
            "height": 113.93437194824219,
            "label": "handbag",
            "left": 19.256250381469727,
            "top": 212.54063415527344,
            "width": 49.959373474121094
        },
        {
            "height": 110.203125,
            "label": "handbag",
            "left": 184.60311889648438,
            "top": 210.32814025878906,
            "width": 65.8687515258789
        },
        {
            "height": 214.13436889648438,
            "label": "person",
            "left": 107.96250915527344,
            "top": 142.6218719482422,
            "width": 78.02812194824219
        },
        {
            "height": 42.67499923706055,
            "label": "person",
            "left": 380.5593566894531,
            "top": 112.89374542236328,
            "width": 34.80937576293945
        },
        {
            "height": 296.13751220703125,
            "label": "person",
            "left": 248.7468719482422,
            "top": 89.8687515258789,
            "width": 83.36250305175781
        },
        {
            "height": 233.51251220703125,
            "label": "person",
            "left": 196.1531219482422,
            "top": 163.72500610351562,
            "width": 93.40312194824219
        },
        {
            "height": 270.046875,
            "label": "person",
            "left": 473.1281433105469,
            "top": 179.953125,
            "width": 126.87187194824219
        },
        {
            "height": 254.50311279296875,
            "label": "person",
            "left": 384.5625,
            "top": 195.49688720703125,
            "width": 107.71875
        },
        {
            "height": 299.296875,
            "label": "person",
            "left": 357.046875,
            "top": 149.91563415527344,
            "width": 82.9124984741211
        },
        {
            "height": 294.26251220703125,
            "label": "person",
            "left": 309.44061279296875,
            "top": 144.609375,
            "width": 77.859375
        },
        {
            "height": 113.5875015258789,
            "label": "person",
            "left": 385.078125,
            "top": 100.34062194824219,
            "width": 82.5843734741211
        },
        {
            "height": 255.703125,
            "label": "person",
            "left": 171.9375,
            "top": 113.7562484741211,
            "width": 89.78437042236328
        },
        {
            "height": 54.412498474121094,
            "label": "backpack",
            "left": 196.39688110351562,
            "top": 153.63751220703125,
            "width": 58.51874542236328
        },
        {
            "height": 47.79375076293945,
            "label": "backpack",
            "left": 40.05000305175781,
            "top": 209.89688110351562,
            "width": 52.24687576293945
        },
        {
            "height": 199.2468719482422,
            "label": "person",
            "left": 48.881248474121094,
            "top": 173.54998779296875,
            "width": 55.55624771118164
        },
        {
            "height": 38.55937576293945,
            "label": "person",
            "left": 327.6468505859375,
            "top": 111.2906265258789,
            "width": 49.349998474121094
        }
    ]
}