{
    "image_id": 100238,
    "seq": [
        {
            "height": 17.0875,
            "label": "bottle",
            "left": 185.08125,
            "top": 438.1749674479167,
            "width": 12.309374237060547
        },
        {
            "height": 500.075,
            "label": "person",
            "left": 182.15625,
            "top": 99.29998372395833,
            "width": 216.01875
        },
        {
            "height": 591.875,
            "label": "person",
            "left": 325.603125,
            "top": 0.3875255584716797,
            "width": 170.653125
        },
        {
            "height": 329.7375,
            "label": "person",
            "left": 458.653173828125,
            "top": 266.93751627604166,
            "width": 124.659375
        },
        {
            "height": 548.525,
            "label": "person",
            "left": 0.5437463760375977,
            "top": 41.02499593098958,
            "width": 200.11876220703124
        },
        {
            "height": 83.8125,
            "label": "frisbee",
            "left": 63.890625,
            "top": 294.7500325520833,
            "width": 70.9875
        },
        {
            "height": 72.4875,
            "label": "frisbee",
            "left": 247.18125,
            "top": 302.725,
            "width": 81.54374389648437
        },
        {
            "height": 73.175,
            "label": "handbag",
            "left": 341.1468505859375,
            "top": 84.9375,
            "width": 27.140625
        },
        {
            "height": 341.3,
            "label": "handbag",
            "left": 164.3343505859375,
            "top": 200.41251627604166,
            "width": 90.0
        },
        {
            "height": 95.91250813802084,
            "label": "frisbee",
            "left": 389.315625,
            "top": 122.00000813802083,
            "width": 70.9125
        }
    ]
}