{
    "image_id": 100274,
    "seq": [
        {
            "height": 68.92271205357143,
            "label": "train",
            "left": 457.546875,
            "top": 204.02810304449648,
            "width": 37.865625
        },
        {
            "height": 456.89926083138175,
            "label": "train",
            "left": 248.9625,
            "top": 142.39815390807962,
            "width": 106.74375
        },
        {
            "height": 20.12177985948478,
            "label": "car",
            "left": 85.378125,
            "top": 237.83608387002343,
            "width": 18.084376525878906
        },
        {
            "height": 17.761124121779858,
            "label": "car",
            "left": 100.171875,
            "top": 233.22712968384076,
            "width": 9.290625
        },
        {
            "height": 27.7096018735363,
            "label": "car",
            "left": 161.85,
            "top": 288.0421545667447,
            "width": 54.009375
        },
        {
            "height": 32.866510538641684,
            "label": "truck",
            "left": 151.584375,
            "top": 302.5011892564403,
            "width": 65.428125
        },
        {
            "height": 22.62295081967213,
            "label": "truck",
            "left": 84.11249389648438,
            "top": 194.24824355971896,
            "width": 25.6125
        },
        {
            "height": 21.611241217798593,
            "label": "truck",
            "left": 78.24375610351562,
            "top": 191.24121779859485,
            "width": 22.47187194824219
        },
        {
            "height": 20.24824355971897,
            "label": "car",
            "left": 0.0,
            "top": 253.39111899882903,
            "width": 12.65625
        }
    ]
}