{
    "image_id": 100274,
    "seq": [
        {
            "height": 45.984371185302734,
            "label": "train",
            "left": 458.015625,
            "top": 136.59375,
            "width": 37.865623474121094
        },
        {
            "height": 304.8374938964844,
            "label": "train",
            "left": 249.43124389648438,
            "top": 95.4749984741211,
            "width": 106.74374389648438
        },
        {
            "height": 13.424999237060547,
            "label": "car",
            "left": 85.84687042236328,
            "top": 159.14999389648438,
            "width": 18.084375381469727
        },
        {
            "height": 11.850000381469727,
            "label": "car",
            "left": 100.640625,
            "top": 156.07498168945312,
            "width": 9.290624618530273
        },
        {
            "height": 18.487499237060547,
            "label": "car",
            "left": 162.31874084472656,
            "top": 192.64686584472656,
            "width": 54.009376525878906
        },
        {
            "height": 21.928125381469727,
            "label": "truck",
            "left": 152.05313110351562,
            "top": 202.2937469482422,
            "width": 65.4281234741211
        },
        {
            "height": 15.09375,
            "label": "truck",
            "left": 84.58125305175781,
            "top": 130.06875610351562,
            "width": 25.612499237060547
        },
        {
            "height": 14.418749809265137,
            "label": "truck",
            "left": 78.7125015258789,
            "top": 128.0625,
            "width": 22.471874237060547
        },
        {
            "height": 13.509374618530273,
            "label": "car",
            "left": 0.0,
            "top": 169.5281219482422,
            "width": 12.65625
        }
    ]
}