{
    "image_id": 100238,
    "seq": [
        {
            "height": 12.815625190734863,
            "label": "bottle",
            "left": 185.5500030517578,
            "top": 329.1000061035156,
            "width": 12.309374809265137
        },
        {
            "height": 375.0562438964844,
            "label": "person",
            "left": 182.625,
            "top": 74.94375610351562,
            "width": 216.0187530517578
        },
        {
            "height": 443.90625,
            "label": "person",
            "left": 326.0718688964844,
            "top": 0.7593749761581421,
            "width": 170.6531219482422
        },
        {
            "height": 247.3031463623047,
            "label": "person",
            "left": 459.1218566894531,
            "top": 200.671875,
            "width": 124.65937805175781
        },
        {
            "height": 411.39373779296875,
            "label": "person",
            "left": 1.0125000476837158,
            "top": 31.237499237060547,
            "width": 200.11875915527344
        },
        {
            "height": 62.859378814697266,
            "label": "frisbee",
            "left": 64.359375,
            "top": 221.53126525878906,
            "width": 70.98750305175781
        },
        {
            "height": 54.36562728881836,
            "label": "frisbee",
            "left": 247.65000915527344,
            "top": 227.5124969482422,
            "width": 81.54374694824219
        },
        {
            "height": 54.88125228881836,
            "label": "handbag",
            "left": 341.61566162109375,
            "top": 64.171875,
            "width": 27.140625
        },
        {
            "height": 255.97500610351562,
            "label": "handbag",
            "left": 164.80311584472656,
            "top": 150.7781219482422,
            "width": 90.0
        },
        {
            "height": 71.93437957763672,
            "label": "frisbee",
            "left": 389.78436279296875,
            "top": 91.96874237060547,
            "width": 70.9124984741211
        }
    ]
}