{
    "image_id": 100283,
    "seq": [
        {
            "height": 258.29998779296875,
            "label": "stop sign",
            "left": 193.72499084472656,
            "top": 30.871875762939453,
            "width": 246.1875
        },
        {
            "height": 29.868751525878906,
            "label": "car",
            "left": 166.58438110351562,
            "top": 378.8343811035156,
            "width": 91.14375305175781
        },
        {
            "height": 18.140625,
            "label": "car",
            "left": 81.67499542236328,
            "top": 374.109375,
            "width": 32.446876525878906
        },
        {
            "height": 17.100000381469727,
            "label": "car",
            "left": 40.44375228881836,
            "top": 377.92498779296875,
            "width": 41.681251525878906
        },
        {
            "height": 18.196874618530273,
            "label": "car",
            "left": 96.7125015258789,
            "top": 379.62188720703125,
            "width": 39.46875
        },
        {
            "height": 23.47500228881836,
            "label": "car",
            "left": 274.40625,
            "top": 378.0,
            "width": 113.74687957763672
        }
    ]
}