{
    "image_id": 100283,
    "seq": [
        {
            "height": 344.4,
            "label": "stop sign",
            "left": 193.25625,
            "top": 40.5375244140625,
            "width": 246.1875
        },
        {
            "height": 39.825,
            "label": "car",
            "left": 166.115625,
            "top": 504.48753255208334,
            "width": 91.14375
        },
        {
            "height": 24.1875,
            "label": "car",
            "left": 81.20625,
            "top": 498.1875,
            "width": 32.446875
        },
        {
            "height": 22.8,
            "label": "car",
            "left": 39.97500305175781,
            "top": 503.275,
            "width": 41.68125
        },
        {
            "height": 24.2625,
            "label": "car",
            "left": 96.24375610351562,
            "top": 505.53753255208335,
            "width": 39.46875
        },
        {
            "height": 31.30000203450521,
            "label": "car",
            "left": 273.9374755859375,
            "top": 503.37493489583335,
            "width": 113.746875
        }
    ]
}