{
    "image_id": 100428,
    "seq": [
        {
            "height": 28.3136436322556,
            "label": "tie",
            "left": 265.3781005859375,
            "top": 286.912391802444,
            "width": 177.91875
        },
        {
            "height": 469.20977596741346,
            "label": "person",
            "left": 244.6875244140625,
            "top": 121.67414237525458,
            "width": 336.1781494140625
        },
        {
            "height": 487.8452138492872,
            "label": "person",
            "left": 111.49686279296876,
            "top": 104.11405295315683,
            "width": 122.334375
        },
        {
            "height": 219.77596741344195,
            "label": "tie",
            "left": 173.31563720703124,
            "top": 295.79633401222,
            "width": 77.578125
        }
    ]
}