{
    "image_id": 100428,
    "seq": [
        {
            "height": 21.721874237060547,
            "label": "tie",
            "left": 265.8468933105469,
            "top": 220.58436584472656,
            "width": 177.91876220703125
        },
        {
            "height": 359.97186279296875,
            "label": "person",
            "left": 245.15625,
            "top": 93.81562805175781,
            "width": 336.1781311035156
        },
        {
            "height": 374.2687683105469,
            "label": "person",
            "left": 111.96562194824219,
            "top": 80.34375,
            "width": 122.33438110351562
        },
        {
            "height": 168.609375,
            "label": "tie",
            "left": 173.78436279296875,
            "top": 227.40000915527344,
            "width": 77.578125
        }
    ]
}