{
    "image_id": 100510,
    "seq": [
        {
            "height": 407.295,
            "label": "horse",
            "left": 28.619993489583333,
            "top": 106.004990234375,
            "width": 340.04
        },
        {
            "height": 180.045,
            "label": "person",
            "left": 179.74998697916666,
            "top": 36.27001953125,
            "width": 84.93
        },
        {
            "height": 137.31,
            "label": "person",
            "left": 524.36,
            "top": 210.7350390625,
            "width": 43.4
        },
        {
            "height": 74.325,
            "label": "person",
            "left": 0.0,
            "top": 9.239993896484375,
            "width": 17.95
        },
        {
            "height": 65.535,
            "label": "chair",
            "left": 575.55,
            "top": 276.135,
            "width": 15.23
        },
        {
            "height": 67.425,
            "label": "chair",
            "left": 324.62,
            "top": 281.89501953125,
            "width": 25.120001627604168
        }
    ]
}