{
    "image_id": 100582,
    "seq": [
        {
            "height": 391.83746337890625,
            "label": "dining table",
            "left": 0.9375,
            "top": 0.9375,
            "width": 599.0625
        },
        {
            "height": 31.41562271118164,
            "label": "fork",
            "left": 315.9375,
            "top": 0.5999999642372131,
            "width": 223.5
        },
        {
            "height": 389.5218811035156,
            "label": "pizza",
            "left": 1.8000000715255737,
            "top": 0.0,
            "width": 598.2000122070312
        }
    ]
}