{
    "image_id": 100510,
    "seq": [
        {
            "height": 271.5299987792969,
            "label": "horse",
            "left": 29.1200008392334,
            "top": 71.16999816894531,
            "width": 340.0400085449219
        },
        {
            "height": 120.02999877929688,
            "label": "person",
            "left": 180.25,
            "top": 24.68000030517578,
            "width": 84.93000030517578
        },
        {
            "height": 91.54000091552734,
            "label": "person",
            "left": 524.8599853515625,
            "top": 140.99000549316406,
            "width": 43.400001525878906
        },
        {
            "height": 49.54999923706055,
            "label": "person",
            "left": 0.0,
            "top": 6.659999847412109,
            "width": 17.950000762939453
        },
        {
            "height": 43.689998626708984,
            "label": "chair",
            "left": 576.0499877929688,
            "top": 184.58999633789062,
            "width": 15.229999542236328
        },
        {
            "height": 44.95000076293945,
            "label": "chair",
            "left": 325.1199951171875,
            "top": 188.42999267578125,
            "width": 25.1200008392334
        }
    ]
}