{
    "image_id": 100582,
    "seq": [
        {
            "height": 587.2973507025761,
            "label": "dining table",
            "left": 0.46874284744262695,
            "top": 0.7026082737942769,
            "width": 599.0625
        },
        {
            "height": 47.08664647980094,
            "label": "fork",
            "left": 315.46875,
            "top": 0.19672313395372878,
            "width": 223.5
        },
        {
            "height": 583.8266978922717,
            "label": "pizza",
            "left": 1.331216049194336,
            "top": 0.0,
            "width": 598.2
        }
    ]
}