{
    "image_id": 100624,
    "seq": [
        {
            "height": 51.45000076293945,
            "label": "cell phone",
            "left": 165.33749389648438,
            "top": 123.8531265258789,
            "width": 30.112499237060547
        },
        {
            "height": 124.85623931884766,
            "label": "person",
            "left": 304.08746337890625,
            "top": 101.5875015258789,
            "width": 54.95624923706055
        },
        {
            "height": 346.3312683105469,
            "label": "person",
            "left": 30.581249237060547,
            "top": 48.58125305175781,
            "width": 271.6781311035156
        },
        {
            "height": 152.44686889648438,
            "label": "person",
            "left": 247.2937469482422,
            "top": 78.2249984741211,
            "width": 56.28750228881836
        },
        {
            "height": 194.30624389648438,
            "label": "backpack",
            "left": 18.890623092651367,
            "top": 198.65623474121094,
            "width": 145.734375
        },
        {
            "height": 176.65310668945312,
            "label": "person",
            "left": 502.00311279296875,
            "top": 76.3968734741211,
            "width": 38.915626525878906
        },
        {
            "height": 55.912498474121094,
            "label": "backpack",
            "left": 248.625,
            "top": 108.87187194824219,
            "width": 48.62812423706055
        },
        {
            "height": 153.41250610351562,
            "label": "car",
            "left": 0.0,
            "top": 236.625,
            "width": 51.271873474121094
        },
        {
            "height": 15.524998664855957,
            "label": "car",
            "left": 62.03437042236328,
            "top": 90.8531265258789,
            "width": 28.96875
        }
    ]
}