{
    "image_id": 100624,
    "seq": [
        {
            "height": 77.11475409836065,
            "label": "cell phone",
            "left": 164.86875,
            "top": 184.93206601288057,
            "width": 30.1125
        },
        {
            "height": 187.1381550058548,
            "label": "person",
            "left": 303.6187744140625,
            "top": 151.55976471018735,
            "width": 54.95625
        },
        {
            "height": 519.0913714871194,
            "label": "person",
            "left": 30.1125,
            "top": 72.11240302985948,
            "width": 271.678125
        },
        {
            "height": 228.49180327868854,
            "label": "person",
            "left": 246.8249755859375,
            "top": 116.54330723067916,
            "width": 56.2875
        },
        {
            "height": 291.23185011709603,
            "label": "backpack",
            "left": 18.421876525878908,
            "top": 297.0491986241218,
            "width": 145.734375
        },
        {
            "height": 264.7728154274005,
            "label": "person",
            "left": 501.534326171875,
            "top": 113.80328783665105,
            "width": 38.915628051757814
        },
        {
            "height": 83.80327868852459,
            "label": "backpack",
            "left": 248.15625,
            "top": 162.47777005269322,
            "width": 48.628125
        },
        {
            "height": 229.9391100702576,
            "label": "car",
            "left": 0.0,
            "top": 353.9578088407494,
            "width": 51.271875
        },
        {
            "height": 23.269320843091336,
            "label": "car",
            "left": 61.56563110351563,
            "top": 135.47074429156908,
            "width": 28.96875
        }
    ]
}