{
    "image_id": 100723,
    "seq": [
        {
            "height": 143.67601013183594,
            "label": "stop sign",
            "left": 246.947998046875,
            "top": 51.18000411987305,
            "width": 148.16400146484375
        },
        {
            "height": 31.47599983215332,
            "label": "handbag",
            "left": 82.24800109863281,
            "top": 138.40798950195312,
            "width": 8.41200065612793
        },
        {
            "height": 170.0880126953125,
            "label": "person",
            "left": 307.8000183105469,
            "top": 133.65599060058594,
            "width": 102.60000610351562
        },
        {
            "height": 177.80398559570312,
            "label": "person",
            "left": 240.66000366210938,
            "top": 217.30799865722656,
            "width": 158.94000244140625
        },
        {
            "height": 127.00799560546875,
            "label": "person",
            "left": 403.12799072265625,
            "top": 87.51599884033203,
            "width": 34.40399932861328
        },
        {
            "height": 168.74398803710938,
            "label": "person",
            "left": 4.260000228881836,
            "top": 230.85601806640625,
            "width": 180.32400512695312
        },
        {
            "height": 172.60800170898438,
            "label": "person",
            "left": 453.9599914550781,
            "top": 225.88800048828125,
            "width": 111.06000518798828
        },
        {
            "height": 163.00799560546875,
            "label": "person",
            "left": 242.0760040283203,
            "top": 171.24000549316406,
            "width": 67.04399871826172
        },
        {
            "height": 41.772003173828125,
            "label": "person",
            "left": 558.5040283203125,
            "top": 11.41200065612793,
            "width": 33.5160026550293
        },
        {
            "height": 103.82398986816406,
            "label": "person",
            "left": 137.1959991455078,
            "top": 58.12799835205078,
            "width": 33.63600158691406
        },
        {
            "height": 194.1479949951172,
            "label": "person",
            "left": 131.94000244140625,
            "top": 201.2159881591797,
            "width": 106.5
        },
        {
            "height": 46.40399932861328,
            "label": "person",
            "left": 67.0199966430664,
            "top": 169.58399963378906,
            "width": 45.432003021240234
        },
        {
            "height": 212.843994140625,
            "label": "person",
            "left": 8.95199966430664,
            "top": 127.60800170898438,
            "width": 44.051998138427734
        },
        {
            "height": 87.64800262451172,
            "label": "backpack",
            "left": 433.9200134277344,
            "top": 276.47998046875,
            "width": 48.61199951171875
        },
        {
            "height": 39.599998474121094,
            "label": "backpack",
            "left": 467.54400634765625,
            "top": 169.32000732421875,
            "width": 47.772003173828125
        },
        {
            "height": 28.248001098632812,
            "label": "person",
            "left": 54.875999450683594,
            "top": 72.21600341796875,
            "width": 32.36399841308594
        },
        {
            "height": 115.52399444580078,
            "label": "person",
            "left": 69.3479995727539,
            "top": 100.36800384521484,
            "width": 68.08799743652344
        }
    ]
}