{
    "image_id": 100723,
    "seq": [
        {
            "height": 215.72972972972974,
            "label": "stop sign",
            "left": 246.347984375,
            "top": 75.94596940690691,
            "width": 148.164
        },
        {
            "height": 47.26126126126126,
            "label": "handbag",
            "left": 81.648,
            "top": 206.91889545795794,
            "width": 8.412
        },
        {
            "height": 255.38738738738738,
            "label": "person",
            "left": 307.2,
            "top": 199.78376032282281,
            "width": 102.6
        },
        {
            "height": 266.97297297297297,
            "label": "person",
            "left": 240.059984375,
            "top": 325.3873873873874,
            "width": 158.94
        },
        {
            "height": 190.70269097222223,
            "label": "person",
            "left": 402.52796875,
            "top": 130.50449277402402,
            "width": 34.404
        },
        {
            "height": 253.36936936936937,
            "label": "person",
            "left": 3.659999267578125,
            "top": 345.72977665165166,
            "width": 180.324
        },
        {
            "height": 259.1711711711712,
            "label": "person",
            "left": 453.36003125,
            "top": 338.27027027027026,
            "width": 111.06
        },
        {
            "height": 244.75675675675674,
            "label": "person",
            "left": 241.47596875,
            "top": 256.21619275525524,
            "width": 67.044
        },
        {
            "height": 62.72072072072072,
            "label": "person",
            "left": 557.904,
            "top": 16.234207840653152,
            "width": 33.516
        },
        {
            "height": 155.89188016141142,
            "label": "person",
            "left": 136.596,
            "top": 86.37841943506007,
            "width": 33.636
        },
        {
            "height": 291.5134900525525,
            "label": "person",
            "left": 131.34,
            "top": 301.2252486861862,
            "width": 106.5
        },
        {
            "height": 69.67566981043544,
            "label": "person",
            "left": 66.42,
            "top": 253.72970626876878,
            "width": 45.432
        },
        {
            "height": 319.5855855855856,
            "label": "person",
            "left": 8.3520009765625,
            "top": 190.7027144331832,
            "width": 44.052
        },
        {
            "height": 131.6036036036036,
            "label": "backpack",
            "left": 433.32,
            "top": 414.23423423423424,
            "width": 48.61199609375
        },
        {
            "height": 59.45945945945946,
            "label": "backpack",
            "left": 466.944,
            "top": 253.33338025525526,
            "width": 47.772
        },
        {
            "height": 42.41441734703454,
            "label": "person",
            "left": 54.276,
            "top": 107.53150807057057,
            "width": 32.364
        },
        {
            "height": 173.45944772897897,
            "label": "person",
            "left": 68.748,
            "top": 149.80180180180182,
            "width": 68.088
        }
    ]
}