{
    "image_id": 10092,
    "seq": [
        {
            "height": 177.29998779296875,
            "label": "bed",
            "left": 87.7593765258789,
            "top": 175.50938415527344,
            "width": 324.1499938964844
        },
        {
            "height": 34.24687194824219,
            "label": "chair",
            "left": 543.3937377929688,
            "top": 365.12811279296875,
            "width": 56.343746185302734
        },
        {
            "height": 151.47189331054688,
            "label": "dining table",
            "left": 512.0812377929688,
            "top": 247.20936584472656,
            "width": 87.72187805175781
        },
        {
            "height": 34.59375,
            "label": "bird",
            "left": 173.44686889648438,
            "top": 97.85624694824219,
            "width": 26.53125
        },
        {
            "height": 189.3937530517578,
            "label": "chair",
            "left": 504.5531311035156,
            "top": 191.94375610351562,
            "width": 95.44686889648438
        }
    ]
}