{
    "image_id": 10092,
    "seq": [
        {
            "height": 266.36619718309856,
            "label": "bed",
            "left": 87.29061279296874,
            "top": 262.9718493251174,
            "width": 324.15
        },
        {
            "height": 51.45070422535211,
            "label": "chair",
            "left": 542.925,
            "top": 547.8450337441315,
            "width": 56.34375
        },
        {
            "height": 227.56339862089203,
            "label": "dining table",
            "left": 511.612451171875,
            "top": 370.6901041666667,
            "width": 87.72188110351563
        },
        {
            "height": 51.971830985915496,
            "label": "bird",
            "left": 172.97813720703124,
            "top": 146.30985915492957,
            "width": 26.53125
        },
        {
            "height": 284.5351929284038,
            "label": "chair",
            "left": 504.084326171875,
            "top": 287.66195349178406,
            "width": 95.446875
        }
    ]
}