{
    "image_id": 101780,
    "seq": [
        {
            "height": 332.32501220703125,
            "label": "giraffe",
            "left": 67.8187484741211,
            "top": 163.171875,
            "width": 121.54686737060547
        },
        {
            "height": 111.89061737060547,
            "label": "giraffe",
            "left": 349.40625,
            "top": 207.53436279296875,
            "width": 87.90937042236328
        },
        {
            "height": 137.4187469482422,
            "label": "giraffe",
            "left": 0.0,
            "top": 240.92811584472656,
            "width": 98.78437805175781
        },
        {
            "height": 92.63436889648438,
            "label": "giraffe",
            "left": 0.22500000894069672,
            "top": 290.0625,
            "width": 55.94062423706055
        }
    ]
}