{
    "image_id": 101780,
    "seq": [
        {
            "height": 332.325,
            "label": "giraffe",
            "left": 89.79999186197917,
            "top": 162.70313720703126,
            "width": 162.0625
        },
        {
            "height": 111.89061279296875,
            "label": "giraffe",
            "left": 465.25,
            "top": 207.065625,
            "width": 117.21249186197916
        },
        {
            "height": 137.41875,
            "label": "giraffe",
            "left": 0.0,
            "top": 240.4593994140625,
            "width": 131.71251627604167
        },
        {
            "height": 92.634375,
            "label": "giraffe",
            "left": 0.0,
            "top": 289.59375,
            "width": 74.5875
        }
    ]
}