{
    "image_id": 101884,
    "seq": [
        {
            "height": 45.66196724618545,
            "label": "clock",
            "left": 434.953125,
            "top": 80.4366288879108,
            "width": 34.95
        },
        {
            "height": 43.19717851379108,
            "label": "truck",
            "left": 272.53125,
            "top": 506.7464421948357,
            "width": 38.953121948242185
        },
        {
            "height": 24.08450704225352,
            "label": "truck",
            "left": 151.640625,
            "top": 509.0845070422535,
            "width": 16.434375
        }
    ]
}