{
    "image_id": 101884,
    "seq": [
        {
            "height": 30.393749237060547,
            "label": "clock",
            "left": 435.421875,
            "top": 54.009376525878906,
            "width": 34.95000076293945
        },
        {
            "height": 28.753124237060547,
            "label": "truck",
            "left": 273.0,
            "top": 337.7718811035156,
            "width": 38.953121185302734
        },
        {
            "height": 16.03125,
            "label": "truck",
            "left": 152.109375,
            "top": 339.328125,
            "width": 16.434375762939453
        }
    ]
}