{
    "image_id": 102411,
    "seq": [
        {
            "height": 165.515625,
            "label": "motorcycle",
            "left": 176.3156280517578,
            "top": 170.02499389648438,
            "width": 214.0968780517578
        },
        {
            "height": 47.88750076293945,
            "label": "person",
            "left": 224.9718780517578,
            "top": 137.19374084472656,
            "width": 38.765621185302734
        },
        {
            "height": 214.03125,
            "label": "person",
            "left": 205.078125,
            "top": 118.30313110351562,
            "width": 111.05624389648438
        },
        {
            "height": 102.375,
            "label": "person",
            "left": 27.037500381469727,
            "top": 133.20936584472656,
            "width": 29.306249618530273
        },
        {
            "height": 184.27499389648438,
            "label": "person",
            "left": 259.04998779296875,
            "top": 115.99687957763672,
            "width": 109.125
        },
        {
            "height": 37.02187728881836,
            "label": "person",
            "left": 189.69374084472656,
            "top": 163.20001220703125,
            "width": 13.612500190734863
        },
        {
            "height": 37.97812271118164,
            "label": "person",
            "left": 364.98748779296875,
            "top": 156.41250610351562,
            "width": 38.484375
        },
        {
            "height": 62.69062805175781,
            "label": "person",
            "left": 533.6062622070312,
            "top": 154.44375610351562,
            "width": 46.05937576293945
        },
        {
            "height": 19.349998474121094,
            "label": "person",
            "left": 97.3968734741211,
            "top": 186.0,
            "width": 14.484375
        },
        {
            "height": 32.8125,
            "label": "person",
            "left": 167.5031280517578,
            "top": 168.03749084472656,
            "width": 14.21250057220459
        },
        {
            "height": 91.2093734741211,
            "label": "person",
            "left": 56.165626525878906,
            "top": 145.20938110351562,
            "width": 55.931251525878906
        },
        {
            "height": 89.41875457763672,
            "label": "car",
            "left": 1.040624976158142,
            "top": 186.12188720703125,
            "width": 35.35312271118164
        },
        {
            "height": 49.14374542236328,
            "label": "person",
            "left": 476.7937316894531,
            "top": 132.03749084472656,
            "width": 43.3125
        },
        {
            "height": 12.71250057220459,
            "label": "handbag",
            "left": 409.96875,
            "top": 210.19688415527344,
            "width": 8.090625762939453
        }
    ]
}