{
    "image_id": 102411,
    "seq": [
        {
            "height": 248.07962529274005,
            "label": "motorcycle",
            "left": 175.84688720703124,
            "top": 254.13583138173303,
            "width": 214.096875
        },
        {
            "height": 71.77518021809134,
            "label": "person",
            "left": 224.503125,
            "top": 204.92740046838406,
            "width": 38.765625
        },
        {
            "height": 320.7962529274005,
            "label": "person",
            "left": 204.60938720703126,
            "top": 176.6135831381733,
            "width": 111.05625
        },
        {
            "height": 153.44262295081967,
            "label": "person",
            "left": 26.568753051757813,
            "top": 198.95548521662764,
            "width": 29.306246948242187
        },
        {
            "height": 276.1967213114754,
            "label": "person",
            "left": 258.58125,
            "top": 173.1569086651054,
            "width": 109.125
        },
        {
            "height": 55.48946593237705,
            "label": "person",
            "left": 189.225,
            "top": 243.9063231850117,
            "width": 13.6125
        },
        {
            "height": 56.9227074795082,
            "label": "person",
            "left": 364.51875,
            "top": 233.73302107728338,
            "width": 38.484375
        },
        {
            "height": 93.96252927400468,
            "label": "person",
            "left": 533.1375,
            "top": 230.78216481264636,
            "width": 46.059375
        },
        {
            "height": 29.002341920374707,
            "label": "person",
            "left": 96.928125,
            "top": 278.0796618852459,
            "width": 14.484375
        },
        {
            "height": 49.18032786885246,
            "label": "person",
            "left": 167.03438720703124,
            "top": 251.15689036885246,
            "width": 14.2125
        },
        {
            "height": 136.70725995316158,
            "label": "person",
            "left": 55.696868896484375,
            "top": 216.94145199063232,
            "width": 55.93125
        },
        {
            "height": 134.02342835187355,
            "label": "car",
            "left": 0.5718760013580322,
            "top": 278.26231337822014,
            "width": 35.353125
        },
        {
            "height": 73.6580750512295,
            "label": "person",
            "left": 476.325,
            "top": 197.1990449355972,
            "width": 43.312496948242185
        },
        {
            "height": 19.053865312134075,
            "label": "handbag",
            "left": 409.5,
            "top": 314.3466042154567,
            "width": 8.090625
        }
    ]
}