{
    "image_id": 102707,
    "seq": [
        {
            "height": 397.421568627451,
            "label": "bottle",
            "left": 316.9313980800654,
            "top": 182.7353196486928,
            "width": 152.25488919526143
        },
        {
            "height": 238.64705882352942,
            "label": "cup",
            "left": 467.37254901960785,
            "top": 354.11764705882354,
            "width": 128.08823529411765
        },
        {
            "height": 227.86274509803923,
            "label": "oven",
            "left": 6.254893583409927,
            "top": 365.53919015522877,
            "width": 586.5098039215686
        }
    ]
}