{
    "image_id": 102707,
    "seq": [
        {
            "height": 397.4215393066406,
            "label": "bottle",
            "left": 317.42156982421875,
            "top": 183.22549438476562,
            "width": 152.25489807128906
        },
        {
            "height": 238.64706420898438,
            "label": "cup",
            "left": 467.8627624511719,
            "top": 354.60784912109375,
            "width": 128.08822631835938
        },
        {
            "height": 227.86273193359375,
            "label": "oven",
            "left": 6.745098114013672,
            "top": 366.0294189453125,
            "width": 586.5098266601562
        }
    ]
}