{
    "image_id": 102805,
    "seq": [
        {
            "height": 67.078125,
            "label": "car",
            "left": 355.05938720703125,
            "top": 250.18124389648438,
            "width": 213.22499084472656
        },
        {
            "height": 24.093751907348633,
            "label": "car",
            "left": 322.5,
            "top": 246.2250213623047,
            "width": 64.65937805175781
        },
        {
            "height": 318.6000061035156,
            "label": "person",
            "left": 55.640625,
            "top": 70.90312194824219,
            "width": 216.29063415527344
        },
        {
            "height": 78.08438110351562,
            "label": "frisbee",
            "left": 215.390625,
            "top": 319.4999694824219,
            "width": 111.2906265258789
        },
        {
            "height": 15.712499618530273,
            "label": "boat",
            "left": 476.1656188964844,
            "top": 238.8937530517578,
            "width": 37.3125
        },
        {
            "height": 29.64375114440918,
            "label": "backpack",
            "left": 48.974998474121094,
            "top": 369.73126220703125,
            "width": 65.765625
        },
        {
            "height": 179.4562530517578,
            "label": "backpack",
            "left": 144.1875,
            "top": 184.65000915527344,
            "width": 98.55000305175781
        },
        {
            "height": 15.046874046325684,
            "label": "truck",
            "left": 431.6343688964844,
            "top": 235.828125,
            "width": 44.35312271118164
        },
        {
            "height": 3.7874999046325684,
            "label": "car",
            "left": 354.64691162109375,
            "top": 242.56874084472656,
            "width": 24.459375381469727
        },
        {
            "height": 20.025001525878906,
            "label": "car",
            "left": 378.63751220703125,
            "top": 244.46250915527344,
            "width": 24.0
        }
    ]
}