{
    "image_id": 102805,
    "seq": [
        {
            "height": 100.77464788732394,
            "label": "car",
            "left": 354.590625,
            "top": 375.15496625586854,
            "width": 213.225
        },
        {
            "height": 36.19718309859155,
            "label": "car",
            "left": 322.03125,
            "top": 369.21123092723,
            "width": 64.659375
        },
        {
            "height": 478.6479240023474,
            "label": "person",
            "left": 55.171868896484376,
            "top": 105.81687389964789,
            "width": 216.290625
        },
        {
            "height": 117.30986832453051,
            "label": "frisbee",
            "left": 214.921875,
            "top": 479.2958113262911,
            "width": 111.29063720703125
        },
        {
            "height": 23.6056338028169,
            "label": "boat",
            "left": 475.696875,
            "top": 358.1972197769953,
            "width": 37.3125
        },
        {
            "height": 44.535215852406104,
            "label": "backpack",
            "left": 48.50625305175781,
            "top": 554.7605633802817,
            "width": 65.765625
        },
        {
            "height": 269.6056338028169,
            "label": "backpack",
            "left": 143.71875,
            "top": 276.70424369131456,
            "width": 98.55
        },
        {
            "height": 22.6056338028169,
            "label": "truck",
            "left": 431.165576171875,
            "top": 353.59158597417843,
            "width": 44.35312194824219
        },
        {
            "height": 5.690140845070423,
            "label": "car",
            "left": 354.178125,
            "top": 363.71834653755866,
            "width": 24.459375
        },
        {
            "height": 30.08450704225352,
            "label": "car",
            "left": 378.16875,
            "top": 366.5633436032864,
            "width": 23.999998474121092
        }
    ]
}