{
    "image_id": 103548,
    "seq": [
        {
            "height": 43.2375,
            "label": "sheep",
            "left": 442.9125,
            "top": 291.3749674479167,
            "width": 34.884375
        },
        {
            "height": 29.762502034505207,
            "label": "sheep",
            "left": 355.3218505859375,
            "top": 293.9125,
            "width": 20.12812194824219
        },
        {
            "height": 35.1625,
            "label": "sheep",
            "left": 286.70625,
            "top": 274.775,
            "width": 30.365625
        },
        {
            "height": 35.6875,
            "label": "sheep",
            "left": 231.2625,
            "top": 279.4625,
            "width": 24.018751525878905
        },
        {
            "height": 35.0,
            "label": "sheep",
            "left": 190.85625,
            "top": 277.5125325520833,
            "width": 31.453125
        },
        {
            "height": 29.9375,
            "label": "sheep",
            "left": 379.415625,
            "top": 295.38746744791666,
            "width": 30.61875
        },
        {
            "height": 38.4,
            "label": "sheep",
            "left": 312.909375,
            "top": 282.5375,
            "width": 32.578125
        },
        {
            "height": 34.6375,
            "label": "sheep",
            "left": 163.20001220703125,
            "top": 275.475,
            "width": 24.468751525878908
        },
        {
            "height": 35.4,
            "label": "sheep",
            "left": 216.15,
            "top": 268.9875162760417,
            "width": 22.48125
        },
        {
            "height": 34.8625,
            "label": "sheep",
            "left": 267.309375,
            "top": 269.7875,
            "width": 20.315625
        },
        {
            "height": 14.400001017252604,
            "label": "sheep",
            "left": 369.5718994140625,
            "top": 275.9625,
            "width": 28.096875
        },
        {
            "height": 43.6,
            "label": "sheep",
            "left": 421.696875,
            "top": 280.3250325520833,
            "width": 36.80624694824219
        },
        {
            "height": 112.325,
            "label": "person",
            "left": 504.4125,
            "top": 259.3500162760417,
            "width": 25.921871948242188
        },
        {
            "height": 41.75,
            "label": "sheep",
            "left": 538.059375,
            "top": 288.925,
            "width": 45.09375
        },
        {
            "height": 40.25,
            "label": "sheep",
            "left": 430.340673828125,
            "top": 282.0625,
            "width": 40.396875
        },
        {
            "height": 38.25,
            "label": "sheep",
            "left": 385.040625,
            "top": 285.2125,
            "width": 41.362493896484374
        },
        {
            "height": 32.525,
            "label": "sheep",
            "left": 369.05625,
            "top": 286.875,
            "width": 18.253125
        },
        {
            "height": 30.612497965494793,
            "label": "sheep",
            "left": 154.5375,
            "top": 263.34998372395836,
            "width": 22.003125
        },
        {
            "height": 13.3375,
            "label": "sheep",
            "left": 327.54375,
            "top": 261.3500162760417,
            "width": 22.021875
        }
    ]
}