{
    "image_id": 103585,
    "seq": [
        {
            "height": 65.8218765258789,
            "label": "toilet",
            "left": 293.953125,
            "top": 324.9281311035156,
            "width": 43.75312423706055
        },
        {
            "height": 50.23125076293945,
            "label": "sink",
            "left": 0.0,
            "top": 356.84063720703125,
            "width": 83.671875
        },
        {
            "height": 17.878124237060547,
            "label": "sink",
            "left": 180.94686889648438,
            "top": 301.8000183105469,
            "width": 58.75312423706055
        },
        {
            "height": 43.16250228881836,
            "label": "vase",
            "left": 108.07499694824219,
            "top": 289.51873779296875,
            "width": 26.034374237060547
        }
    ]
}