{
    "image_id": 103585,
    "seq": [
        {
            "height": 65.821875,
            "label": "toilet",
            "left": 441.9529411764706,
            "top": 324.459375,
            "width": 65.88705422794118
        },
        {
            "height": 50.23125305175781,
            "label": "sink",
            "left": 0.0,
            "top": 356.371875,
            "width": 126.0
        },
        {
            "height": 17.878125,
            "label": "sink",
            "left": 271.7788419117647,
            "top": 301.3312255859375,
            "width": 88.47529411764705
        },
        {
            "height": 43.1625,
            "label": "vase",
            "left": 162.04233455882354,
            "top": 289.0499755859375,
            "width": 39.20470588235294
        }
    ]
}