{
    "image_id": 103548,
    "seq": [
        {
            "height": 32.42812728881836,
            "label": "sheep",
            "left": 443.3812255859375,
            "top": 219.0,
            "width": 34.88437271118164
        },
        {
            "height": 22.321874618530273,
            "label": "sheep",
            "left": 355.7906188964844,
            "top": 220.9031219482422,
            "width": 20.128124237060547
        },
        {
            "height": 26.37187385559082,
            "label": "sheep",
            "left": 287.17498779296875,
            "top": 206.55001831054688,
            "width": 30.365623474121094
        },
        {
            "height": 26.765625,
            "label": "sheep",
            "left": 231.73123168945312,
            "top": 210.06564331054688,
            "width": 24.01875114440918
        },
        {
            "height": 26.25,
            "label": "sheep",
            "left": 191.32501220703125,
            "top": 208.60311889648438,
            "width": 31.453125
        },
        {
            "height": 22.453125,
            "label": "sheep",
            "left": 379.8843688964844,
            "top": 222.00936889648438,
            "width": 30.618749618530273
        },
        {
            "height": 28.80000114440918,
            "label": "sheep",
            "left": 313.37811279296875,
            "top": 212.3718719482422,
            "width": 32.578125
        },
        {
            "height": 25.978124618530273,
            "label": "sheep",
            "left": 163.6687469482422,
            "top": 207.07501220703125,
            "width": 24.468751907348633
        },
        {
            "height": 26.549999237060547,
            "label": "sheep",
            "left": 216.61874389648438,
            "top": 202.20938110351562,
            "width": 22.481250762939453
        },
        {
            "height": 26.146875381469727,
            "label": "sheep",
            "left": 267.77813720703125,
            "top": 202.8093719482422,
            "width": 20.31562614440918
        },
        {
            "height": 10.800000190734863,
            "label": "sheep",
            "left": 370.0406188964844,
            "top": 207.4406280517578,
            "width": 28.096874237060547
        },
        {
            "height": 32.70000076293945,
            "label": "sheep",
            "left": 422.1656188964844,
            "top": 210.71249389648438,
            "width": 36.80624771118164
        },
        {
            "height": 84.2437515258789,
            "label": "person",
            "left": 504.8812255859375,
            "top": 194.9812469482422,
            "width": 25.921873092651367
        },
        {
            "height": 31.312501907348633,
            "label": "sheep",
            "left": 538.5281372070312,
            "top": 217.16249084472656,
            "width": 45.09375
        },
        {
            "height": 30.1875,
            "label": "sheep",
            "left": 430.8093566894531,
            "top": 212.015625,
            "width": 40.396873474121094
        },
        {
            "height": 28.6875,
            "label": "sheep",
            "left": 385.5093688964844,
            "top": 214.3781280517578,
            "width": 41.36249542236328
        },
        {
            "height": 24.393749237060547,
            "label": "sheep",
            "left": 369.5249938964844,
            "top": 215.625,
            "width": 18.253124237060547
        },
        {
            "height": 22.959373474121094,
            "label": "sheep",
            "left": 155.00625610351562,
            "top": 197.9812469482422,
            "width": 22.003124237060547
        },
        {
            "height": 10.003125190734863,
            "label": "sheep",
            "left": 328.0124816894531,
            "top": 196.4812469482422,
            "width": 22.021875381469727
        }
    ]
}