{
    "image_id": 10363,
    "seq": [
        {
            "height": 225.50690356648198,
            "label": "cat",
            "left": 229.6968994140625,
            "top": 179.16899671052633,
            "width": 211.996875
        },
        {
            "height": 62.50969529085872,
            "label": "bottle",
            "left": 137.51248779296876,
            "top": 47.03601649065097,
            "width": 11.86875
        },
        {
            "height": 554.8420619806094,
            "label": "car",
            "left": 84.68438110351562,
            "top": 44.32686169061634,
            "width": 514.846875
        },
        {
            "height": 87.92243767313019,
            "label": "bicycle",
            "left": 461.296826171875,
            "top": 0.0,
            "width": 134.390625
        }
    ]
}