{
    "image_id": 10363,
    "seq": [
        {
            "height": 127.19998931884766,
            "label": "cat",
            "left": 230.16561889648438,
            "top": 101.53125,
            "width": 211.99688720703125
        },
        {
            "height": 35.259376525878906,
            "label": "bottle",
            "left": 137.9812469482422,
            "top": 26.999998092651367,
            "width": 11.86875057220459
        },
        {
            "height": 312.9656066894531,
            "label": "car",
            "left": 85.15312957763672,
            "top": 25.471874237060547,
            "width": 514.8468627929688
        },
        {
            "height": 49.59375,
            "label": "bicycle",
            "left": 461.7655944824219,
            "top": 0.0,
            "width": 134.39064025878906
        }
    ]
}