{
    "image_id": 103723,
    "seq": [
        {
            "height": 285.1687316894531,
            "label": "person",
            "left": 320.1468505859375,
            "top": 314.3156433105469,
            "width": 129.85311889648438
        },
        {
            "height": 326.46563720703125,
            "label": "elephant",
            "left": 145.94061279296875,
            "top": 208.49063110351562,
            "width": 216.1593780517578
        },
        {
            "height": 17.22187614440918,
            "label": "person",
            "left": 147.984375,
            "top": 347.8687438964844,
            "width": 16.65937614440918
        },
        {
            "height": 28.753124237060547,
            "label": "person",
            "left": 153.75,
            "top": 356.70001220703125,
            "width": 9.674999237060547
        },
        {
            "height": 31.781251907348633,
            "label": "person",
            "left": 363.890625,
            "top": 361.0500183105469,
            "width": 18.253124237060547
        },
        {
            "height": 19.05000114440918,
            "label": "person",
            "left": 344.6250305175781,
            "top": 361.33123779296875,
            "width": 14.831250190734863
        },
        {
            "height": 18.918750762939453,
            "label": "person",
            "left": 330.6000061035156,
            "top": 360.26251220703125,
            "width": 6.787499904632568
        },
        {
            "height": 23.240625381469727,
            "label": "person",
            "left": 378.3843688964844,
            "top": 359.04376220703125,
            "width": 12.0
        }
    ]
}