{
    "image_id": 103723,
    "seq": [
        {
            "height": 285.16875,
            "label": "person",
            "left": 426.2375,
            "top": 313.846826171875,
            "width": 173.1375
        },
        {
            "height": 326.465625,
            "label": "elephant",
            "left": 193.96246744791668,
            "top": 208.0218994140625,
            "width": 288.2125
        },
        {
            "height": 17.221876525878905,
            "label": "person",
            "left": 196.6875,
            "top": 347.4,
            "width": 22.2125
        },
        {
            "height": 28.75312194824219,
            "label": "person",
            "left": 204.37501627604166,
            "top": 356.23125,
            "width": 12.9
        },
        {
            "height": 31.78125,
            "label": "person",
            "left": 484.5625325520833,
            "top": 360.5812744140625,
            "width": 24.3375
        },
        {
            "height": 19.05,
            "label": "person",
            "left": 458.875,
            "top": 360.8624755859375,
            "width": 19.775
        },
        {
            "height": 18.91875,
            "label": "person",
            "left": 440.17503255208334,
            "top": 359.79375,
            "width": 9.05
        },
        {
            "height": 23.240626525878906,
            "label": "person",
            "left": 503.8875325520833,
            "top": 358.5749755859375,
            "width": 15.999998982747396
        }
    ]
}