{
    "image_id": 104119,
    "seq": [
        {
            "height": 424.89373779296875,
            "label": "bird",
            "left": 126.50625610351562,
            "top": 1.5468748807907104,
            "width": 277.14373779296875
        },
        {
            "height": 104.32500457763672,
            "label": "bird",
            "left": 449.6812438964844,
            "top": 220.21875,
            "width": 129.8625030517578
        },
        {
            "height": 63.65625,
            "label": "bird",
            "left": 26.54062271118164,
            "top": 237.69375610351562,
            "width": 90.8343734741211
        }
    ]
}