{
    "image_id": 104119,
    "seq": [
        {
            "height": 566.5249348958333,
            "label": "bird",
            "left": 126.0375,
            "top": 1.437520980834961,
            "width": 277.14375
        },
        {
            "height": 139.1,
            "label": "bird",
            "left": 449.2125,
            "top": 293.0,
            "width": 129.8625
        },
        {
            "height": 84.875,
            "label": "bird",
            "left": 26.071871948242187,
            "top": 316.2999674479167,
            "width": 90.834375
        }
    ]
}