{
    "image_id": 104424,
    "seq": [
        {
            "height": 7.209375,
            "label": "sports ball",
            "left": 134.40565116450472,
            "top": 335.953125,
            "width": 10.599056603773585
        },
        {
            "height": 9.965624237060547,
            "label": "sports ball",
            "left": 326.58962264150944,
            "top": 261.24375,
            "width": 8.900943396226415
        },
        {
            "height": 354.5625,
            "label": "person",
            "left": 206.2217165389151,
            "top": 152.54061279296874,
            "width": 167.51884949882074
        },
        {
            "height": 115.096875,
            "label": "tennis racket",
            "left": 316.0189047759434,
            "top": 174.09375,
            "width": 121.71225493808963
        }
    ]
}