{
    "image_id": 104424,
    "seq": [
        {
            "height": 7.209374904632568,
            "label": "sports ball",
            "left": 89.51250457763672,
            "top": 336.4219055175781,
            "width": 7.02187442779541
        },
        {
            "height": 9.965624809265137,
            "label": "sports ball",
            "left": 216.83436584472656,
            "top": 261.7124938964844,
            "width": 5.896874904632568
        },
        {
            "height": 354.5625,
            "label": "person",
            "left": 137.0906219482422,
            "top": 153.00938415527344,
            "width": 110.98124694824219
        },
        {
            "height": 115.09687042236328,
            "label": "tennis racket",
            "left": 209.8312530517578,
            "top": 174.56248474121094,
            "width": 80.6343765258789
        }
    ]
}