{
    "image_id": 104572,
    "seq": [
        {
            "height": 110.16229116945108,
            "label": "sink",
            "left": 84.2625,
            "top": 417.9808696300716,
            "width": 135.0
        },
        {
            "height": 27.880668257756565,
            "label": "sink",
            "left": 349.3031494140625,
            "top": 292.99761336515513,
            "width": 40.809375
        },
        {
            "height": 24.272076372315034,
            "label": "sink",
            "left": 364.70625,
            "top": 283.2028453162291,
            "width": 38.465625
        },
        {
            "height": 20.534606205250597,
            "label": "sink",
            "left": 381.4593994140625,
            "top": 276.25777520883054,
            "width": 31.959375
        },
        {
            "height": 33.19331742243437,
            "label": "toilet",
            "left": 419.79375,
            "top": 286.59669600238664,
            "width": 19.284375
        },
        {
            "height": 84.78758949880668,
            "label": "sink",
            "left": 0.0,
            "top": 514.4964200477327,
            "width": 79.575
        }
    ]
}