{
    "image_id": 104572,
    "seq": [
        {
            "height": 72.12187194824219,
            "label": "sink",
            "left": 84.73125457763672,
            "top": 274.1156311035156,
            "width": 135.0
        },
        {
            "height": 18.253124237060547,
            "label": "sink",
            "left": 349.7718505859375,
            "top": 192.29061889648438,
            "width": 40.80937194824219
        },
        {
            "height": 15.890625953674316,
            "label": "sink",
            "left": 365.17498779296875,
            "top": 185.8781280517578,
            "width": 38.46562194824219
        },
        {
            "height": 13.443750381469727,
            "label": "sink",
            "left": 381.9281311035156,
            "top": 181.33123779296875,
            "width": 31.959373474121094
        },
        {
            "height": 21.731250762939453,
            "label": "toilet",
            "left": 420.2624816894531,
            "top": 188.09999084472656,
            "width": 19.284374237060547
        },
        {
            "height": 55.509376525878906,
            "label": "sink",
            "left": 0.0,
            "top": 337.3031311035156,
            "width": 79.57499694824219
        }
    ]
}