{
    "image_id": 104669,
    "seq": [
        {
            "height": 424.1519775390625,
            "label": "dining table",
            "left": 0.0,
            "top": 25.84800148010254,
            "width": 600.0
        },
        {
            "height": 297.9840087890625,
            "label": "fork",
            "left": 554.7000122070312,
            "top": 145.0679931640625,
            "width": 44.29199981689453
        },
        {
            "height": 254.67599487304688,
            "label": "knife",
            "left": 0.7079999446868896,
            "top": 195.32400512695312,
            "width": 89.61599731445312
        },
        {
            "height": 120.41999816894531,
            "label": "orange",
            "left": 345.41998291015625,
            "top": 155.07598876953125,
            "width": 110.91600036621094
        },
        {
            "height": 204.34799194335938,
            "label": "broccoli",
            "left": 239.29200744628906,
            "top": 196.62001037597656,
            "width": 223.41600036621094
        },
        {
            "height": 76.05599975585938,
            "label": "carrot",
            "left": 382.3919982910156,
            "top": 219.3000030517578,
            "width": 83.447998046875
        },
        {
            "height": 92.53199768066406,
            "label": "carrot",
            "left": 212.2320098876953,
            "top": 291.7080078125,
            "width": 63.14399719238281
        },
        {
            "height": 83.5679931640625,
            "label": "carrot",
            "left": 265.2359924316406,
            "top": 211.18800354003906,
            "width": 21.851999282836914
        },
        {
            "height": 69.41999816894531,
            "label": "carrot",
            "left": 225.1920166015625,
            "top": 353.7720031738281,
            "width": 28.283998489379883
        },
        {
            "height": 41.231998443603516,
            "label": "carrot",
            "left": 283.1759948730469,
            "top": 223.99200439453125,
            "width": 54.02399826049805
        },
        {
            "height": 78.62399291992188,
            "label": "broccoli",
            "left": 183.59999084472656,
            "top": 301.9440002441406,
            "width": 31.163999557495117
        },
        {
            "height": 34.59600067138672,
            "label": "carrot",
            "left": 210.8520050048828,
            "top": 284.5679931640625,
            "width": 42.227996826171875
        },
        {
            "height": 40.06800079345703,
            "label": "carrot",
            "left": 252.16799926757812,
            "top": 258.09600830078125,
            "width": 21.87599754333496
        },
        {
            "height": 55.4640007019043,
            "label": "carrot",
            "left": 209.14797973632812,
            "top": 301.9679870605469,
            "width": 13.739999771118164
        },
        {
            "height": 51.25199890136719,
            "label": "carrot",
            "left": 235.44000244140625,
            "top": 244.97999572753906,
            "width": 31.055999755859375
        }
    ]
}