{
    "image_id": 104666,
    "seq": [
        {
            "height": 112.19062805175781,
            "label": "tv",
            "left": 490.0687255859375,
            "top": 250.95938110351562,
            "width": 109.5
        },
        {
            "height": 31.256250381469727,
            "label": "book",
            "left": 50.84062194824219,
            "top": 230.671875,
            "width": 8.00624942779541
        },
        {
            "height": 57.81562423706055,
            "label": "book",
            "left": 78.30937194824219,
            "top": 222.13125610351562,
            "width": 16.321874618530273
        },
        {
            "height": 54.75,
            "label": "book",
            "left": 86.41875457763672,
            "top": 226.1531219482422,
            "width": 17.306249618530273
        },
        {
            "height": 69.65625,
            "label": "book",
            "left": 0.375,
            "top": 213.46875,
            "width": 132.1687469482422
        },
        {
            "height": 55.78125,
            "label": "book",
            "left": 34.18124771118164,
            "top": 299.6156311035156,
            "width": 36.881248474121094
        },
        {
            "height": 88.85624694824219,
            "label": "couch",
            "left": 214.39686584472656,
            "top": 214.58438110351562,
            "width": 67.3125
        },
        {
            "height": 39.45937728881836,
            "label": "book",
            "left": 47.006248474121094,
            "top": 147.50624084472656,
            "width": 14.25937557220459
        },
        {
            "height": 37.631248474121094,
            "label": "book",
            "left": 95.61561584472656,
            "top": 142.85626220703125,
            "width": 21.67500114440918
        },
        {
            "height": 45.084373474121094,
            "label": "book",
            "left": 70.36874389648438,
            "top": 145.6687469482422,
            "width": 15.028125762939453
        },
        {
            "height": 37.22812271118164,
            "label": "book",
            "left": 34.040626525878906,
            "top": 148.81875610351562,
            "width": 8.868749618530273
        },
        {
            "height": 44.51250076293945,
            "label": "book",
            "left": 56.23125076293945,
            "top": 146.35311889648438,
            "width": 17.746875762939453
        },
        {
            "height": 41.19375228881836,
            "label": "book",
            "left": 20.690624237060547,
            "top": 150.96563720703125,
            "width": 11.765625
        },
        {
            "height": 19.80937385559082,
            "label": "book",
            "left": 15.656250953674316,
            "top": 304.3500061035156,
            "width": 22.509374618530273
        },
        {
            "height": 33.06562423706055,
            "label": "book",
            "left": 89.83124542236328,
            "top": 147.3562469482422,
            "width": 10.265625
        }
    ]
}