{
    "image_id": 104612,
    "seq": [
        {
            "height": 248.68751627604166,
            "label": "broccoli",
            "left": 146.31561279296875,
            "top": 168.51251627604168,
            "width": 159.271875
        },
        {
            "height": 71.875,
            "label": "broccoli",
            "left": 140.48436279296874,
            "top": 121.50001627604166,
            "width": 74.4
        },
        {
            "height": 101.9375,
            "label": "broccoli",
            "left": 109.89375,
            "top": 403.2999674479167,
            "width": 38.428121948242186
        },
        {
            "height": 213.17498372395832,
            "label": "broccoli",
            "left": 38.70938415527344,
            "top": 147.61248372395832,
            "width": 102.703125
        },
        {
            "height": 121.7,
            "label": "broccoli",
            "left": 445.284375,
            "top": 299.375,
            "width": 50.94375
        },
        {
            "height": 102.75,
            "label": "broccoli",
            "left": 46.93125610351562,
            "top": 357.85,
            "width": 79.359375
        },
        {
            "height": 187.8,
            "label": "broccoli",
            "left": 138.47813720703124,
            "top": 341.5125,
            "width": 143.934375
        },
        {
            "height": 122.97498372395833,
            "label": "broccoli",
            "left": 293.446875,
            "top": 252.75,
            "width": 132.778125
        },
        {
            "height": 49.15,
            "label": "broccoli",
            "left": 405.15,
            "top": 96.76251627604167,
            "width": 114.328125
        },
        {
            "height": 78.3625,
            "label": "broccoli",
            "left": 371.8218505859375,
            "top": 57.41248779296875,
            "width": 45.71249694824219
        },
        {
            "height": 82.975,
            "label": "broccoli",
            "left": 391.2562744140625,
            "top": 120.7625,
            "width": 112.228125
        },
        {
            "height": 77.775,
            "label": "broccoli",
            "left": 464.559375,
            "top": 379.58753255208336,
            "width": 73.2
        }
    ]
}