{
    "image_id": 104666,
    "seq": [
        {
            "height": 168.1545667447307,
            "label": "tv",
            "left": 489.600048828125,
            "top": 375.44265954332553,
            "width": 109.5
        },
        {
            "height": 46.84777517564403,
            "label": "book",
            "left": 50.37187805175781,
            "top": 345.0351288056206,
            "width": 8.00625
        },
        {
            "height": 86.65573770491804,
            "label": "book",
            "left": 77.840625,
            "top": 332.23419203747073,
            "width": 16.321875
        },
        {
            "height": 82.06088992974239,
            "label": "book",
            "left": 85.95000610351562,
            "top": 338.26229508196724,
            "width": 17.306248474121094
        },
        {
            "height": 104.40281030444964,
            "label": "book",
            "left": 0.0,
            "top": 319.25058548009366,
            "width": 132.16875
        },
        {
            "height": 83.60655737704919,
            "label": "book",
            "left": 33.712503051757814,
            "top": 448.3700600117096,
            "width": 36.88125
        },
        {
            "height": 133.18032786885246,
            "label": "couch",
            "left": 213.928125,
            "top": 320.9226800351288,
            "width": 67.3125
        },
        {
            "height": 59.142857142857146,
            "label": "book",
            "left": 46.537496948242186,
            "top": 220.38409323770492,
            "width": 14.259375
        },
        {
            "height": 56.40281030444965,
            "label": "book",
            "left": 95.14688110351562,
            "top": 213.41457479508196,
            "width": 21.675001525878905
        },
        {
            "height": 67.57377049180327,
            "label": "book",
            "left": 69.9,
            "top": 217.6299399882904,
            "width": 15.028125
        },
        {
            "height": 55.79859484777518,
            "label": "book",
            "left": 33.57187194824219,
            "top": 222.3512880562061,
            "width": 8.86875
        },
        {
            "height": 66.71663220872365,
            "label": "book",
            "left": 55.7625,
            "top": 218.65573770491804,
            "width": 17.746875
        },
        {
            "height": 61.74239333284543,
            "label": "book",
            "left": 20.221875,
            "top": 225.56908665105385,
            "width": 11.765625
        },
        {
            "height": 29.690864223507027,
            "label": "book",
            "left": 15.187498474121094,
            "top": 455.4660787470726,
            "width": 22.509375
        },
        {
            "height": 49.559718969555036,
            "label": "book",
            "left": 89.3625,
            "top": 220.15923228922716,
            "width": 10.265625762939454
        }
    ]
}