{
    "image_id": 104669,
    "seq": [
        {
            "height": 565.536,
            "label": "dining table",
            "left": 0.0,
            "top": 33.66401041666666,
            "width": 600.0
        },
        {
            "height": 397.312,
            "label": "fork",
            "left": 554.1,
            "top": 192.62397916666666,
            "width": 44.292
        },
        {
            "height": 339.568,
            "label": "knife",
            "left": 0.1079991455078125,
            "top": 259.6320416666667,
            "width": 89.616
        },
        {
            "height": 160.56,
            "label": "orange",
            "left": 344.82,
            "top": 205.96802083333333,
            "width": 110.916
        },
        {
            "height": 272.46397916666666,
            "label": "broccoli",
            "left": 238.692,
            "top": 261.3599791666667,
            "width": 223.415984375
        },
        {
            "height": 101.40801041666667,
            "label": "carrot",
            "left": 381.79196875,
            "top": 291.6,
            "width": 83.448
        },
        {
            "height": 123.376,
            "label": "carrot",
            "left": 211.632,
            "top": 388.14395833333333,
            "width": 63.144
        },
        {
            "height": 111.424,
            "label": "carrot",
            "left": 264.636,
            "top": 280.78404166666667,
            "width": 21.851998046875
        },
        {
            "height": 92.56,
            "label": "carrot",
            "left": 224.592,
            "top": 470.89595833333334,
            "width": 28.284
        },
        {
            "height": 54.976,
            "label": "carrot",
            "left": 282.576,
            "top": 297.85597916666666,
            "width": 54.024
        },
        {
            "height": 104.83198958333334,
            "label": "broccoli",
            "left": 183.0,
            "top": 401.792,
            "width": 31.164
        },
        {
            "height": 46.128,
            "label": "carrot",
            "left": 210.251984375,
            "top": 378.624,
            "width": 42.228
        },
        {
            "height": 53.424,
            "label": "carrot",
            "left": 251.568015625,
            "top": 343.3279791666667,
            "width": 21.876
        },
        {
            "height": 73.952,
            "label": "carrot",
            "left": 208.548015625,
            "top": 401.824,
            "width": 13.74
        },
        {
            "height": 68.336,
            "label": "carrot",
            "left": 234.84,
            "top": 325.84,
            "width": 31.055998046875
        }
    ]
}