{
    "image_id": 104612,
    "seq": [
        {
            "height": 186.515625,
            "label": "broccoli",
            "left": 146.7843780517578,
            "top": 126.8531265258789,
            "width": 159.27188110351562
        },
        {
            "height": 53.90625,
            "label": "broccoli",
            "left": 140.953125,
            "top": 91.59374237060547,
            "width": 74.4000015258789
        },
        {
            "height": 76.45313262939453,
            "label": "broccoli",
            "left": 110.36250305175781,
            "top": 302.94378662109375,
            "width": 38.428123474121094
        },
        {
            "height": 159.88124084472656,
            "label": "broccoli",
            "left": 39.178123474121094,
            "top": 111.17811584472656,
            "width": 102.703125
        },
        {
            "height": 91.2750015258789,
            "label": "broccoli",
            "left": 445.7531433105469,
            "top": 225.0,
            "width": 50.943748474121094
        },
        {
            "height": 77.06249237060547,
            "label": "broccoli",
            "left": 47.400001525878906,
            "top": 268.8562316894531,
            "width": 79.359375
        },
        {
            "height": 140.85000610351562,
            "label": "broccoli",
            "left": 138.94688415527344,
            "top": 256.6031188964844,
            "width": 143.9343719482422
        },
        {
            "height": 92.23124694824219,
            "label": "broccoli",
            "left": 293.9156494140625,
            "top": 190.03125,
            "width": 132.7781219482422
        },
        {
            "height": 36.86249923706055,
            "label": "broccoli",
            "left": 405.6187438964844,
            "top": 73.0406265258789,
            "width": 114.328125
        },
        {
            "height": 58.77187728881836,
            "label": "broccoli",
            "left": 372.2906188964844,
            "top": 43.52812576293945,
            "width": 45.71249771118164
        },
        {
            "height": 62.23124694824219,
            "label": "broccoli",
            "left": 391.7250061035156,
            "top": 91.0406265258789,
            "width": 112.22811889648438
        },
        {
            "height": 58.33125305175781,
            "label": "broccoli",
            "left": 465.02813720703125,
            "top": 285.1593933105469,
            "width": 73.20000457763672
        }
    ]
}