{
    "image_id": 105014,
    "seq": [
        {
            "height": 197.625,
            "label": "fork",
            "left": 302.66982581967216,
            "top": 401.906201171875,
            "width": 201.1615925058548
        },
        {
            "height": 381.571875,
            "label": "bowl",
            "left": 39.709592725409834,
            "top": 57.506256103515625,
            "width": 436.5245901639344
        },
        {
            "height": 86.46563110351562,
            "label": "broccoli",
            "left": 369.90632318501173,
            "top": 183.57188720703124,
            "width": 105.24590163934427
        },
        {
            "height": 48.403125,
            "label": "broccoli",
            "left": 366.8290398126464,
            "top": 120.075,
            "width": 82.98829039812647
        },
        {
            "height": 61.846875,
            "label": "carrot",
            "left": 329.5222482435597,
            "top": 131.11875,
            "width": 105.85011709601874
        },
        {
            "height": 600.0,
            "label": "dining table",
            "left": 0.0,
            "top": 0.0,
            "width": 600.0
        }
    ]
}