{
    "image_id": 105014,
    "seq": [
        {
            "height": 197.625,
            "label": "fork",
            "left": 202.40625,
            "top": 402.3750305175781,
            "width": 134.21249389648438
        },
        {
            "height": 381.5718688964844,
            "label": "bowl",
            "left": 26.962499618530273,
            "top": 57.974998474121094,
            "width": 291.2437438964844
        },
        {
            "height": 86.46562957763672,
            "label": "broccoli",
            "left": 247.265625,
            "top": 184.04063415527344,
            "width": 70.21875
        },
        {
            "height": 48.40312576293945,
            "label": "broccoli",
            "left": 245.21249389648438,
            "top": 120.54374694824219,
            "width": 55.368751525878906
        },
        {
            "height": 61.84687805175781,
            "label": "carrot",
            "left": 220.32186889648438,
            "top": 131.58750915527344,
            "width": 70.62187194824219
        },
        {
            "height": 600.0,
            "label": "dining table",
            "left": 0.0,
            "top": 0.0,
            "width": 400.3125
        }
    ]
}