{
    "image_id": 105249,
    "seq": [
        {
            "height": 209.2072072072072,
            "label": "toilet",
            "left": 270.588,
            "top": 389.8918918918919,
            "width": 144.576
        },
        {
            "height": 43.44144144144144,
            "label": "sink",
            "left": 164.34,
            "top": 342.2702937312312,
            "width": 96.54
        },
        {
            "height": 124.66666666666667,
            "label": "sink",
            "left": 166.5,
            "top": 359.0990990990991,
            "width": 90.3
        }
    ]
}