{
    "image_id": 105249,
    "seq": [
        {
            "height": 139.33200073242188,
            "label": "toilet",
            "left": 271.1880187988281,
            "top": 260.26800537109375,
            "width": 144.5760040283203
        },
        {
            "height": 28.9320011138916,
            "label": "sink",
            "left": 164.9399871826172,
            "top": 228.55201721191406,
            "width": 96.54000091552734
        },
        {
            "height": 83.02799987792969,
            "label": "sink",
            "left": 167.09999084472656,
            "top": 239.75999450683594,
            "width": 90.30000305175781
        }
    ]
}