{
    "image_id": 105264,
    "seq": [
        {
            "height": 407.74707259953163,
            "label": "cow",
            "left": 57.20625610351563,
            "top": 156.7166093384075,
            "width": 276.346875
        },
        {
            "height": 300.59016393442624,
            "label": "person",
            "left": 371.475,
            "top": 154.1171143149883,
            "width": 91.865625
        },
        {
            "height": 159.87822014051523,
            "label": "person",
            "left": 503.56875,
            "top": 254.81032274590163,
            "width": 35.221875
        },
        {
            "height": 180.8992974238876,
            "label": "person",
            "left": 296.00625,
            "top": 242.3887587822014,
            "width": 42.234378051757815
        },
        {
            "height": 92.48711943793911,
            "label": "person",
            "left": 452.334375,
            "top": 300.74473067915693,
            "width": 36.16875305175781
        },
        {
            "height": 139.93910092213116,
            "label": "person",
            "left": 406.846875,
            "top": 276.96957333138175,
            "width": 29.784375
        },
        {
            "height": 114.67447306791568,
            "label": "person",
            "left": 13.996875,
            "top": 283.37704918032784,
            "width": 43.603128051757814
        },
        {
            "height": 104.90867425351288,
            "label": "person",
            "left": 0.0,
            "top": 287.64873024004686,
            "width": 27.76875
        },
        {
            "height": 81.03512880562062,
            "label": "person",
            "left": 37.81875305175781,
            "top": 357.9203381147541,
            "width": 42.59999389648438
        }
    ]
}