{
    "image_id": 105264,
    "seq": [
        {
            "height": 272.0437316894531,
            "label": "cow",
            "left": 57.67499923706055,
            "top": 105.02812194824219,
            "width": 276.34686279296875
        },
        {
            "height": 200.5500030517578,
            "label": "person",
            "left": 371.9437561035156,
            "top": 103.29374694824219,
            "width": 91.8656234741211
        },
        {
            "height": 106.66875457763672,
            "label": "person",
            "left": 504.0375061035156,
            "top": 170.47500610351562,
            "width": 35.22187423706055
        },
        {
            "height": 120.69375610351562,
            "label": "person",
            "left": 296.4749755859375,
            "top": 162.1875,
            "width": 42.234375
        },
        {
            "height": 61.70624923706055,
            "label": "person",
            "left": 452.8031311035156,
            "top": 201.1218719482422,
            "width": 36.16875076293945
        },
        {
            "height": 93.3656234741211,
            "label": "person",
            "left": 407.31561279296875,
            "top": 185.25936889648438,
            "width": 29.78437614440918
        },
        {
            "height": 76.5093765258789,
            "label": "person",
            "left": 14.465624809265137,
            "top": 189.53436279296875,
            "width": 43.603126525878906
        },
        {
            "height": 69.9937515258789,
            "label": "person",
            "left": 0.0,
            "top": 192.38436889648438,
            "width": 27.76875114440918
        },
        {
            "height": 54.06562423706055,
            "label": "person",
            "left": 38.28750228881836,
            "top": 239.26873779296875,
            "width": 42.599998474121094
        }
    ]
}