{
    "image_id": 105335,
    "seq": [
        {
            "height": 91.23529411764706,
            "label": "carrot",
            "left": 76.67646420547386,
            "top": 283.1666411356209,
            "width": 122.2843137254902
        },
        {
            "height": 66.76470588235294,
            "label": "carrot",
            "left": 261.558797998366,
            "top": 284.5686274509804,
            "width": 84.18627450980392
        },
        {
            "height": 68.225483813317,
            "label": "carrot",
            "left": 380.39218239379085,
            "top": 358.11764705882354,
            "width": 86.36273871527777
        },
        {
            "height": 66.17647058823529,
            "label": "carrot",
            "left": 20.372547423917485,
            "top": 239.99019607843138,
            "width": 94.41175832312092
        },
        {
            "height": 322.2450980392157,
            "label": "bowl",
            "left": 2.2058845470154207,
            "top": 228.72549019607843,
            "width": 597.3039215686274
        },
        {
            "height": 277.1372549019608,
            "label": "person",
            "left": 170.36277062908496,
            "top": 0.4019647735396242,
            "width": 414.3529667075163
        },
        {
            "height": 63.03921568627451,
            "label": "broccoli",
            "left": 232.54901960784315,
            "top": 271.8725234885621,
            "width": 46.18627450980392
        },
        {
            "height": 50.411758323120914,
            "label": "person",
            "left": 116.21567350898692,
            "top": 549.0979881535948,
            "width": 206.86274509803923
        },
        {
            "height": 33.40196078431372,
            "label": "carrot",
            "left": 197.02941176470588,
            "top": 379.96078431372547,
            "width": 39.166666666666664
        },
        {
            "height": 57.588241676879086,
            "label": "carrot",
            "left": 0.0,
            "top": 386.52941176470586,
            "width": 81.57843137254902
        },
        {
            "height": 63.57843137254902,
            "label": "carrot",
            "left": 226.2843137254902,
            "top": 300.2059078839869,
            "width": 80.42156862745098
        }
    ]
}