{
    "image_id": 105335,
    "seq": [
        {
            "height": 91.23529815673828,
            "label": "carrot",
            "left": 77.16666412353516,
            "top": 283.6568603515625,
            "width": 122.28431701660156
        },
        {
            "height": 66.76470947265625,
            "label": "carrot",
            "left": 262.0490417480469,
            "top": 285.058837890625,
            "width": 84.186279296875
        },
        {
            "height": 68.2254867553711,
            "label": "carrot",
            "left": 380.88238525390625,
            "top": 358.60784912109375,
            "width": 86.36273956298828
        },
        {
            "height": 66.17646789550781,
            "label": "carrot",
            "left": 20.86274528503418,
            "top": 240.4803924560547,
            "width": 94.4117660522461
        },
        {
            "height": 322.2450866699219,
            "label": "bowl",
            "left": 2.6960785388946533,
            "top": 229.21568298339844,
            "width": 597.3038940429688
        },
        {
            "height": 277.1372375488281,
            "label": "person",
            "left": 170.85293579101562,
            "top": 0.8921568989753723,
            "width": 414.3529357910156
        },
        {
            "height": 63.039222717285156,
            "label": "broccoli",
            "left": 233.03919982910156,
            "top": 272.3627624511719,
            "width": 46.186275482177734
        },
        {
            "height": 50.41176223754883,
            "label": "person",
            "left": 116.70587921142578,
            "top": 549.5882568359375,
            "width": 206.8627471923828
        },
        {
            "height": 33.40195846557617,
            "label": "carrot",
            "left": 197.5196075439453,
            "top": 380.4509582519531,
            "width": 39.16666793823242
        },
        {
            "height": 57.58823776245117,
            "label": "carrot",
            "left": 0.0,
            "top": 387.0196228027344,
            "width": 81.57843017578125
        },
        {
            "height": 63.57843017578125,
            "label": "carrot",
            "left": 226.77452087402344,
            "top": 300.6960754394531,
            "width": 80.42156982421875
        }
    ]
}