{
    "image_id": 105455,
    "seq": [
        {
            "height": 60.0,
            "label": "clock",
            "left": 116.953125,
            "top": 137.6062469482422,
            "width": 57.01874923706055
        },
        {
            "height": 56.12812423706055,
            "label": "clock",
            "left": 177.41249084472656,
            "top": 143.9250030517578,
            "width": 24.57187271118164
        },
        {
            "height": 13.668749809265137,
            "label": "car",
            "left": 312.7124938964844,
            "top": 484.8843688964844,
            "width": 16.340625762939453
        }
    ]
}