{
    "image_id": 105455,
    "seq": [
        {
            "height": 60.0,
            "label": "clock",
            "left": 174.59018223067915,
            "top": 137.13748779296876,
            "width": 85.46135831381733
        },
        {
            "height": 56.128125,
            "label": "clock",
            "left": 265.20843091334893,
            "top": 143.45625,
            "width": 36.82903752561475
        },
        {
            "height": 13.66875,
            "label": "car",
            "left": 467.99996340749414,
            "top": 484.415625,
            "width": 24.491803278688526
        }
    ]
}