{
    "image_id": 10583,
    "seq": [
        {
            "height": 78.22549019607843,
            "label": "knife",
            "left": 465.41171364379085,
            "top": 187.19607843137254,
            "width": 134.09803921568627
        },
        {
            "height": 600.0,
            "label": "dining table",
            "left": 0.0,
            "top": 0.0,
            "width": 600.0
        },
        {
            "height": 142.7843137254902,
            "label": "sandwich",
            "left": 215.89213133169935,
            "top": 62.35294117647059,
            "width": 215.3235294117647
        },
        {
            "height": 331.03919015522877,
            "label": "sandwich",
            "left": 88.17645782271242,
            "top": 132.01959507761438,
            "width": 381.2843137254902
        }
    ]
}