{
    "image_id": 10583,
    "seq": [
        {
            "height": 78.2254867553711,
            "label": "knife",
            "left": 465.9019470214844,
            "top": 187.68626403808594,
            "width": 134.09803771972656
        },
        {
            "height": 600.0,
            "label": "dining table",
            "left": 0.0,
            "top": 0.0,
            "width": 600.0
        },
        {
            "height": 142.78431701660156,
            "label": "sandwich",
            "left": 216.3823699951172,
            "top": 62.8431396484375,
            "width": 215.3235321044922
        },
        {
            "height": 331.0392150878906,
            "label": "sandwich",
            "left": 88.66667175292969,
            "top": 132.5098114013672,
            "width": 381.2843017578125
        }
    ]
}