{
    "image_id": 105912,
    "seq": [
        {
            "height": 41.84,
            "label": "car",
            "left": 45.20399609375,
            "top": 215.08802083333333,
            "width": 52.176
        },
        {
            "height": 100.608,
            "label": "bus",
            "left": 218.028015625,
            "top": 176.33597916666668,
            "width": 194.615984375
        },
        {
            "height": 66.41599479166666,
            "label": "person",
            "left": 406.31996875,
            "top": 239.328,
            "width": 18.336
        },
        {
            "height": 43.968,
            "label": "person",
            "left": 291.372,
            "top": 240.096,
            "width": 11.46
        },
        {
            "height": 52.128005208333335,
            "label": "person",
            "left": 281.328,
            "top": 232.048,
            "width": 13.032
        },
        {
            "height": 45.728,
            "label": "person",
            "left": 257.676015625,
            "top": 228.896,
            "width": 15.792
        },
        {
            "height": 21.92,
            "label": "person",
            "left": 471.144,
            "top": 244.04802083333334,
            "width": 5.41200048828125
        },
        {
            "height": 41.92,
            "label": "person",
            "left": 37.188,
            "top": 208.06404166666667,
            "width": 14.592
        },
        {
            "height": 48.32,
            "label": "person",
            "left": 65.38799609375,
            "top": 207.2,
            "width": 20.196
        },
        {
            "height": 57.376,
            "label": "person",
            "left": 5.71199951171875,
            "top": 192.8,
            "width": 11.4720009765625
        },
        {
            "height": 50.11199479166667,
            "label": "person",
            "left": 433.176,
            "top": 249.04002083333333,
            "width": 12.636
        },
        {
            "height": 50.655994791666664,
            "label": "car",
            "left": 0.0,
            "top": 197.13604166666667,
            "width": 44.448
        },
        {
            "height": 50.768,
            "label": "person",
            "left": 447.516,
            "top": 250.256,
            "width": 16.212
        },
        {
            "height": 166.88,
            "label": "person",
            "left": 505.33196875,
            "top": 167.48797916666666,
            "width": 39.168
        },
        {
            "height": 127.424,
            "label": "person",
            "left": 353.748,
            "top": 191.024,
            "width": 44.868
        },
        {
            "height": 358.992,
            "label": "fire hydrant",
            "left": 130.991984375,
            "top": 154.64001041666666,
            "width": 119.34
        }
    ]
}