{
    "image_id": 105912,
    "seq": [
        {
            "height": 31.3799991607666,
            "label": "car",
            "left": 45.80399703979492,
            "top": 161.91600036621094,
            "width": 52.176002502441406
        },
        {
            "height": 75.45600128173828,
            "label": "bus",
            "left": 218.6280059814453,
            "top": 132.8520050048828,
            "width": 194.61599731445312
        },
        {
            "height": 49.81199645996094,
            "label": "person",
            "left": 406.9200134277344,
            "top": 180.0959930419922,
            "width": 18.336000442504883
        },
        {
            "height": 32.97599792480469,
            "label": "person",
            "left": 291.9720153808594,
            "top": 180.6719970703125,
            "width": 11.460000991821289
        },
        {
            "height": 39.096004486083984,
            "label": "person",
            "left": 281.9280090332031,
            "top": 174.63600158691406,
            "width": 13.031999588012695
        },
        {
            "height": 34.29600143432617,
            "label": "person",
            "left": 258.2760009765625,
            "top": 172.27198791503906,
            "width": 15.791999816894531
        },
        {
            "height": 16.440000534057617,
            "label": "person",
            "left": 471.7439880371094,
            "top": 183.635986328125,
            "width": 5.41200065612793
        },
        {
            "height": 31.440000534057617,
            "label": "person",
            "left": 37.78799819946289,
            "top": 156.6479949951172,
            "width": 14.591999053955078
        },
        {
            "height": 36.2400016784668,
            "label": "person",
            "left": 65.98799896240234,
            "top": 156.0,
            "width": 20.195999145507812
        },
        {
            "height": 43.03200149536133,
            "label": "person",
            "left": 6.311999797821045,
            "top": 145.1999969482422,
            "width": 11.472000122070312
        },
        {
            "height": 37.58399963378906,
            "label": "person",
            "left": 433.7760009765625,
            "top": 187.3800048828125,
            "width": 12.63599967956543
        },
        {
            "height": 37.99199676513672,
            "label": "car",
            "left": 0.0,
            "top": 148.45199584960938,
            "width": 44.448001861572266
        },
        {
            "height": 38.07600021362305,
            "label": "person",
            "left": 448.115966796875,
            "top": 188.29200744628906,
            "width": 16.211999893188477
        },
        {
            "height": 125.15999603271484,
            "label": "person",
            "left": 505.9320068359375,
            "top": 126.21600341796875,
            "width": 39.167999267578125
        },
        {
            "height": 95.56800079345703,
            "label": "person",
            "left": 354.3480224609375,
            "top": 143.8679962158203,
            "width": 44.86800003051758
        },
        {
            "height": 269.2439880371094,
            "label": "fire hydrant",
            "left": 131.59201049804688,
            "top": 116.57999420166016,
            "width": 119.33999633789062
        }
    ]
}