{
    "image_id": 105923,
    "seq": [
        {
            "height": 65.2051282051282,
            "label": "car",
            "left": 28.865625,
            "top": 256.3717781784188,
            "width": 78.01875
        },
        {
            "height": 12.858975402310364,
            "label": "person",
            "left": 193.81875,
            "top": 245.3461705395299,
            "width": 3.496875
        },
        {
            "height": 11.692307692307692,
            "label": "person",
            "left": 175.04063720703124,
            "top": 245.4487513354701,
            "width": 3.984375
        },
        {
            "height": 12.025641025641026,
            "label": "person",
            "left": 121.03125,
            "top": 242.83333333333334,
            "width": 3.69375
        },
        {
            "height": 310.7692307692308,
            "label": "elephant",
            "left": 394.9968505859375,
            "top": 111.46153846153847,
            "width": 121.00313720703124
        },
        {
            "height": 13.435896392561432,
            "label": "person",
            "left": 162.91875,
            "top": 244.99998330662393,
            "width": 3.6
        },
        {
            "height": 11.91025641025641,
            "label": "person",
            "left": 94.359375,
            "top": 244.5897435897436,
            "width": 3.5249996185302734
        },
        {
            "height": 12.692307692307692,
            "label": "person",
            "left": 130.734375,
            "top": 245.44871794871796,
            "width": 2.540625
        },
        {
            "height": 36.06410256410256,
            "label": "person",
            "left": 210.309375,
            "top": 240.423093616453,
            "width": 4.78125
        }
    ]
}