{
    "image_id": 105923,
    "seq": [
        {
            "height": 47.681251525878906,
            "label": "car",
            "left": 29.33437728881836,
            "top": 187.9406280517578,
            "width": 78.01875305175781
        },
        {
            "height": 9.403124809265137,
            "label": "person",
            "left": 194.28750610351562,
            "top": 179.8781280517578,
            "width": 3.496875047683716
        },
        {
            "height": 8.550000190734863,
            "label": "person",
            "left": 175.50938415527344,
            "top": 179.953125,
            "width": 3.984375
        },
        {
            "height": 8.793749809265137,
            "label": "person",
            "left": 121.50000762939453,
            "top": 178.04063415527344,
            "width": 3.6937499046325684
        },
        {
            "height": 227.25,
            "label": "elephant",
            "left": 395.4656066894531,
            "top": 81.97500610351562,
            "width": 121.00312805175781
        },
        {
            "height": 9.824999809265137,
            "label": "person",
            "left": 163.3874969482422,
            "top": 179.625,
            "width": 3.6000001430511475
        },
        {
            "height": 8.709375381469727,
            "label": "person",
            "left": 94.828125,
            "top": 179.3249969482422,
            "width": 3.5249998569488525
        },
        {
            "height": 9.28125,
            "label": "person",
            "left": 131.203125,
            "top": 179.953125,
            "width": 2.5406250953674316
        },
        {
            "height": 26.37187385559082,
            "label": "person",
            "left": 210.7781219482422,
            "top": 176.2781219482422,
            "width": 4.78125
        }
    ]
}