{
    "image_id": 106235,
    "seq": [
        {
            "height": 158.7875,
            "label": "potted plant",
            "left": 261.946875,
            "top": 19.512504069010415,
            "width": 62.175
        },
        {
            "height": 160.08751627604167,
            "label": "potted plant",
            "left": 180.14063720703126,
            "top": 34.35,
            "width": 80.70936889648438
        },
        {
            "height": 442.575,
            "label": "couch",
            "left": 0.49692392349243164,
            "top": 147.76248372395833,
            "width": 599.034326171875
        },
        {
            "height": 21.30000203450521,
            "label": "remote",
            "left": 109.64998779296874,
            "top": 311.1375,
            "width": 56.634375
        },
        {
            "height": 14.837501017252604,
            "label": "remote",
            "left": 417.046875,
            "top": 380.6875,
            "width": 25.274998474121094
        },
        {
            "height": 15.6875,
            "label": "remote",
            "left": 104.325,
            "top": 301.95,
            "width": 47.521875
        },
        {
            "height": 240.0,
            "label": "chair",
            "left": 1.8656194686889649,
            "top": 349.5625325520833,
            "width": 327.271875
        },
        {
            "height": 218.1875,
            "label": "chair",
            "left": 502.125,
            "top": 175.47498372395833,
            "width": 97.40625
        },
        {
            "height": 228.5,
            "label": "dining table",
            "left": 349.2750244140625,
            "top": 290.22496744791664,
            "width": 209.8406005859375
        },
        {
            "height": 13.1375,
            "label": "remote",
            "left": 103.18125,
            "top": 337.6125,
            "width": 30.009371948242187
        }
    ]
}