{
    "image_id": 106235,
    "seq": [
        {
            "height": 119.09062194824219,
            "label": "potted plant",
            "left": 262.4156494140625,
            "top": 15.10312557220459,
            "width": 62.17499923706055
        },
        {
            "height": 120.06563568115234,
            "label": "potted plant",
            "left": 180.609375,
            "top": 26.23124885559082,
            "width": 80.70936584472656
        },
        {
            "height": 331.9312438964844,
            "label": "couch",
            "left": 0.965624988079071,
            "top": 111.2906265258789,
            "width": 599.0343627929688
        },
        {
            "height": 15.975001335144043,
            "label": "remote",
            "left": 110.1187515258789,
            "top": 233.82186889648438,
            "width": 56.63437271118164
        },
        {
            "height": 11.128125190734863,
            "label": "remote",
            "left": 417.515625,
            "top": 285.984375,
            "width": 25.274999618530273
        },
        {
            "height": 11.765625,
            "label": "remote",
            "left": 104.79374694824219,
            "top": 226.93124389648438,
            "width": 47.521873474121094
        },
        {
            "height": 180.0,
            "label": "chair",
            "left": 2.3343749046325684,
            "top": 262.640625,
            "width": 327.2718811035156
        },
        {
            "height": 163.640625,
            "label": "chair",
            "left": 502.5937194824219,
            "top": 132.0749969482422,
            "width": 97.40625
        },
        {
            "height": 171.375,
            "label": "dining table",
            "left": 349.7437438964844,
            "top": 218.1374969482422,
            "width": 209.8406219482422
        },
        {
            "height": 9.853124618530273,
            "label": "remote",
            "left": 103.64999389648438,
            "top": 253.67813110351562,
            "width": 30.00937271118164
        }
    ]
}