{
    "image_id": 106389,
    "seq": [
        {
            "height": 180.3937530517578,
            "label": "cat",
            "left": 85.34062194824219,
            "top": 78.5531234741211,
            "width": 133.83749389648438
        },
        {
            "height": 295.1625061035156,
            "label": "chair",
            "left": 0.965624988079071,
            "top": 73.546875,
            "width": 297.1031188964844
        },
        {
            "height": 15.178125381469727,
            "label": "book",
            "left": 493.5749816894531,
            "top": 84.1968765258789,
            "width": 88.6781234741211
        },
        {
            "height": 13.012499809265137,
            "label": "book",
            "left": 489.0937805175781,
            "top": 91.6500015258789,
            "width": 75.48750305175781
        },
        {
            "height": 19.912500381469727,
            "label": "book",
            "left": 494.2406311035156,
            "top": 98.54061889648438,
            "width": 69.91875457763672
        },
        {
            "height": 26.981250762939453,
            "label": "book",
            "left": 476.9250183105469,
            "top": 113.8687515258789,
            "width": 69.1875
        },
        {
            "height": 17.868749618530273,
            "label": "book",
            "left": 486.64691162109375,
            "top": 104.4375,
            "width": 67.32186889648438
        },
        {
            "height": 22.359375,
            "label": "book",
            "left": 470.8499755859375,
            "top": 125.95313262939453,
            "width": 73.47187805175781
        },
        {
            "height": 33.131248474121094,
            "label": "scissors",
            "left": 563.1656494140625,
            "top": 88.63125610351562,
            "width": 14.840624809265137
        },
        {
            "height": 168.4968719482422,
            "label": "bed",
            "left": 47.41875076293945,
            "top": 22.143749237060547,
            "width": 250.22811889648438
        },
        {
            "height": 19.631250381469727,
            "label": "scissors",
            "left": 554.0343627929688,
            "top": 104.09062194824219,
            "width": 17.287500381469727
        },
        {
            "height": 19.818748474121094,
            "label": "book",
            "left": 486.0843505859375,
            "top": 109.50936889648438,
            "width": 61.171875
        }
    ]
}