{
    "image_id": 106389,
    "seq": [
        {
            "height": 240.52501627604167,
            "label": "cat",
            "left": 84.87188110351562,
            "top": 104.11250813802083,
            "width": 133.8375
        },
        {
            "height": 393.55,
            "label": "chair",
            "left": 0.49687919616699217,
            "top": 97.43748372395834,
            "width": 297.103125
        },
        {
            "height": 20.2375,
            "label": "book",
            "left": 493.106298828125,
            "top": 111.6375,
            "width": 88.67811889648438
        },
        {
            "height": 17.35,
            "label": "book",
            "left": 488.625,
            "top": 121.5750244140625,
            "width": 75.48750610351563
        },
        {
            "height": 26.55000203450521,
            "label": "book",
            "left": 493.771875,
            "top": 130.76250813802082,
            "width": 69.91875
        },
        {
            "height": 35.975,
            "label": "book",
            "left": 476.45625,
            "top": 151.2,
            "width": 69.1875
        },
        {
            "height": 23.825,
            "label": "book",
            "left": 486.178173828125,
            "top": 138.625,
            "width": 67.321875
        },
        {
            "height": 29.8125,
            "label": "book",
            "left": 470.38125,
            "top": 167.31248372395834,
            "width": 73.471875
        },
        {
            "height": 44.175,
            "label": "scissors",
            "left": 562.696875,
            "top": 117.54999186197917,
            "width": 14.840625
        },
        {
            "height": 224.6625,
            "label": "bed",
            "left": 46.95000305175781,
            "top": 28.899979654947916,
            "width": 250.228125
        },
        {
            "height": 26.175,
            "label": "scissors",
            "left": 553.565673828125,
            "top": 138.1625,
            "width": 17.2875
        },
        {
            "height": 26.425,
            "label": "book",
            "left": 485.615625,
            "top": 145.3875,
            "width": 61.171875
        }
    ]
}