{
    "image_id": 106757,
    "seq": [
        {
            "height": 390.62811279296875,
            "label": "person",
            "left": 199.6125030517578,
            "top": 209.3718719482422,
            "width": 195.5625
        },
        {
            "height": 8.268749237060547,
            "label": "person",
            "left": 259.1437683105469,
            "top": 180.3000030517578,
            "width": 4.078125
        },
        {
            "height": 566.4187622070312,
            "label": "elephant",
            "left": 0.0,
            "top": 33.58124923706055,
            "width": 282.6937561035156
        }
    ]
}