{
    "image_id": 106757,
    "seq": [
        {
            "height": 390.6281005859375,
            "label": "person",
            "left": 299.18311693075117,
            "top": 208.9031494140625,
            "width": 293.80281690140845
        },
        {
            "height": 8.26875,
            "label": "person",
            "left": 388.6196816314554,
            "top": 179.83123779296875,
            "width": 6.126760563380282
        },
        {
            "height": 566.41875,
            "label": "elephant",
            "left": 0.0,
            "top": 33.11251525878906,
            "width": 424.7042253521127
        }
    ]
}