{
    "image_id": 107087,
    "seq": [
        {
            "height": 247.50938415527344,
            "label": "cat",
            "left": 46.584373474121094,
            "top": 78.30937194824219,
            "width": 197.3625030517578
        },
        {
            "height": 369.2531433105469,
            "label": "chair",
            "left": 94.90312957763672,
            "top": 0.0,
            "width": 364.94061279296875
        },
        {
            "height": 238.4718780517578,
            "label": "car",
            "left": 0.862500011920929,
            "top": 157.7531280517578,
            "width": 596.5968627929688
        }
    ]
}