{
    "image_id": 107094,
    "seq": [
        {
            "height": 323.09063720703125,
            "label": "person",
            "left": 446.9437561035156,
            "top": 72.91874694824219,
            "width": 139.1062469482422
        },
        {
            "height": 58.162498474121094,
            "label": "backpack",
            "left": 546.3093872070312,
            "top": 177.0187530517578,
            "width": 33.96562576293945
        },
        {
            "height": 54.890625,
            "label": "skis",
            "left": 341.83123779296875,
            "top": 344.4844055175781,
            "width": 150.66563415527344
        }
    ]
}