{
    "image_id": 10707,
    "seq": [
        {
            "height": 76.2875,
            "label": "bottle",
            "left": 198.40311279296876,
            "top": 412.225,
            "width": 15.91875
        },
        {
            "height": 290.1,
            "label": "couch",
            "left": 498.825,
            "top": 309.27503255208336,
            "width": 100.70625
        },
        {
            "height": 282.65,
            "label": "couch",
            "left": 0.0,
            "top": 251.325,
            "width": 221.625
        },
        {
            "height": 153.8875,
            "label": "dining table",
            "left": 93.76874389648438,
            "top": 438.525,
            "width": 194.821875
        },
        {
            "height": 387.4375,
            "label": "person",
            "left": 213.43125,
            "top": 183.83753255208333,
            "width": 158.409375
        },
        {
            "height": 330.975,
            "label": "person",
            "left": 324.853125,
            "top": 233.78751627604166,
            "width": 117.6
        },
        {
            "height": 589.2125,
            "label": "person",
            "left": 395.9343505859375,
            "top": 2.0750045776367188,
            "width": 166.85626220703125
        },
        {
            "height": 72.80000813802083,
            "label": "cup",
            "left": 113.83123779296875,
            "top": 446.1625,
            "width": 25.1625
        },
        {
            "height": 83.7625,
            "label": "remote",
            "left": 401.775,
            "top": 57.83748779296875,
            "width": 17.2875
        },
        {
            "height": 74.9625,
            "label": "bottle",
            "left": 151.921875,
            "top": 435.2374674479167,
            "width": 17.971875
        },
        {
            "height": 35.775,
            "label": "cup",
            "left": 117.740625,
            "top": 428.45,
            "width": 23.821875
        },
        {
            "height": 31.55,
            "label": "laptop",
            "left": 115.87501220703125,
            "top": 310.8,
            "width": 72.365625
        },
        {
            "height": 39.0125,
            "label": "remote",
            "left": 218.840625,
            "top": 454.20006510416664,
            "width": 29.25
        },
        {
            "height": 158.3625,
            "label": "backpack",
            "left": 69.15938110351563,
            "top": 403.7125,
            "width": 83.728125
        },
        {
            "height": 22.95,
            "label": "remote",
            "left": 180.609375,
            "top": 451.5625,
            "width": 18.9375
        }
    ]
}