{
    "image_id": 107094,
    "seq": [
        {
            "height": 485.3943661971831,
            "label": "person",
            "left": 446.475,
            "top": 108.84507042253522,
            "width": 139.10625
        },
        {
            "height": 87.38028169014085,
            "label": "backpack",
            "left": 545.840625,
            "top": 265.2394182805164,
            "width": 33.965625
        },
        {
            "height": 82.46478873239437,
            "label": "skis",
            "left": 341.3625244140625,
            "top": 516.8309492370892,
            "width": 150.66563720703124
        }
    ]
}