{
    "image_id": 10707,
    "seq": [
        {
            "height": 57.21562194824219,
            "label": "bottle",
            "left": 198.87188720703125,
            "top": 309.63751220703125,
            "width": 15.918749809265137
        },
        {
            "height": 217.5749969482422,
            "label": "couch",
            "left": 499.2937927246094,
            "top": 232.4250030517578,
            "width": 100.70624542236328
        },
        {
            "height": 211.98748779296875,
            "label": "couch",
            "left": 0.0,
            "top": 188.96249389648438,
            "width": 221.625
        },
        {
            "height": 115.4156265258789,
            "label": "dining table",
            "left": 94.23750305175781,
            "top": 329.36248779296875,
            "width": 194.82186889648438
        },
        {
            "height": 290.578125,
            "label": "person",
            "left": 213.89999389648438,
            "top": 138.3468780517578,
            "width": 158.40936279296875
        },
        {
            "height": 248.23126220703125,
            "label": "person",
            "left": 325.3218688964844,
            "top": 175.8093719482422,
            "width": 117.60000610351562
        },
        {
            "height": 441.9093933105469,
            "label": "person",
            "left": 396.4031066894531,
            "top": 2.0250000953674316,
            "width": 166.8562469482422
        },
        {
            "height": 54.60000228881836,
            "label": "cup",
            "left": 114.29999542236328,
            "top": 335.09063720703125,
            "width": 25.162500381469727
        },
        {
            "height": 62.821876525878906,
            "label": "remote",
            "left": 402.2437438964844,
            "top": 43.84687423706055,
            "width": 17.287500381469727
        },
        {
            "height": 56.22187805175781,
            "label": "bottle",
            "left": 152.39064025878906,
            "top": 326.8968811035156,
            "width": 17.97187614440918
        },
        {
            "height": 26.831249237060547,
            "label": "cup",
            "left": 118.20936584472656,
            "top": 321.8062438964844,
            "width": 23.821874618530273
        },
        {
            "height": 23.662498474121094,
            "label": "laptop",
            "left": 116.34375,
            "top": 233.56874084472656,
            "width": 72.36563110351562
        },
        {
            "height": 29.25937271118164,
            "label": "remote",
            "left": 219.3093719482422,
            "top": 341.1187438964844,
            "width": 29.250001907348633
        },
        {
            "height": 118.77188110351562,
            "label": "backpack",
            "left": 69.62812042236328,
            "top": 303.25311279296875,
            "width": 83.72811889648438
        },
        {
            "height": 17.212501525878906,
            "label": "remote",
            "left": 181.07810974121094,
            "top": 339.140625,
            "width": 18.9375
        }
    ]
}