{
    "image_id": 107087,
    "seq": [
        {
            "height": 370.9742388758782,
            "label": "cat",
            "left": 46.11561889648438,
            "top": 116.66979837529274,
            "width": 197.3625
        },
        {
            "height": 553.4473067915691,
            "label": "chair",
            "left": 94.43436889648437,
            "top": 0.0,
            "width": 364.940625
        },
        {
            "height": 357.42857142857144,
            "label": "car",
            "left": 0.39374828338623047,
            "top": 235.74235216627633,
            "width": 596.596875
        }
    ]
}