{
    "image_id": 107226,
    "seq": [
        {
            "height": 193.47186279296875,
            "label": "dog",
            "left": 137.39999389648438,
            "top": 271.9781188964844,
            "width": 100.3218765258789
        },
        {
            "height": 214.1906280517578,
            "label": "dog",
            "left": 54.196876525878906,
            "top": 265.80938720703125,
            "width": 92.8968734741211
        },
        {
            "height": 214.1999969482422,
            "label": "dog",
            "left": 1.2937499284744263,
            "top": 338.0625,
            "width": 70.96875
        },
        {
            "height": 270.3093566894531,
            "label": "person",
            "left": 324.4593811035156,
            "top": 72.0562515258789,
            "width": 125.54063415527344
        },
        {
            "height": 58.03125,
            "label": "person",
            "left": 10.425000190734863,
            "top": 145.60311889648438,
            "width": 40.01250076293945
        },
        {
            "height": 197.96250915527344,
            "label": "person",
            "left": 128.6999969482422,
            "top": 122.94375610351562,
            "width": 160.4718780517578
        },
        {
            "height": 70.96875,
            "label": "umbrella",
            "left": 0.48749998211860657,
            "top": 31.565624237060547,
            "width": 194.80311584472656
        },
        {
            "height": 45.703125,
            "label": "umbrella",
            "left": 79.6968765258789,
            "top": 74.0062484741211,
            "width": 163.01251220703125
        },
        {
            "height": 35.08124923706055,
            "label": "umbrella",
            "left": 292.1156311035156,
            "top": 98.953125,
            "width": 90.59062957763672
        },
        {
            "height": 24.056249618530273,
            "label": "umbrella",
            "left": 203.54063415527344,
            "top": 121.41561889648438,
            "width": 77.61563110351562
        },
        {
            "height": 35.88749694824219,
            "label": "person",
            "left": 218.10000610351562,
            "top": 119.47500610351562,
            "width": 37.76249694824219
        },
        {
            "height": 74.23125457763672,
            "label": "person",
            "left": 305.87811279296875,
            "top": 125.18437194824219,
            "width": 22.293750762939453
        },
        {
            "height": 62.70937728881836,
            "label": "person",
            "left": 33.1875,
            "top": 139.27499389648438,
            "width": 44.896873474121094
        },
        {
            "height": 108.62812042236328,
            "label": "person",
            "left": 96.86249542236328,
            "top": 117.1500015258789,
            "width": 54.571876525878906
        },
        {
            "height": 176.484375,
            "label": "person",
            "left": 250.52813720703125,
            "top": 129.13125610351562,
            "width": 60.09375
        },
        {
            "height": 222.08436584472656,
            "label": "bicycle",
            "left": 362.390625,
            "top": 237.796875,
            "width": 87.39375305175781
        },
        {
            "height": 57.09375,
            "label": "person",
            "left": 322.71563720703125,
            "top": 132.5625,
            "width": 24.618749618530273
        },
        {
            "height": 99.06562042236328,
            "label": "person",
            "left": 59.64374923706055,
            "top": 104.26874542236328,
            "width": 55.46249771118164
        }
    ]
}