{
    "image_id": 107226,
    "seq": [
        {
            "height": 193.471875,
            "label": "dog",
            "left": 182.57501627604168,
            "top": 271.509423828125,
            "width": 133.7625
        },
        {
            "height": 214.190625,
            "label": "dog",
            "left": 71.63750813802083,
            "top": 265.3406494140625,
            "width": 123.86249186197917
        },
        {
            "height": 214.2,
            "label": "dog",
            "left": 1.100000762939453,
            "top": 337.5937255859375,
            "width": 94.625
        },
        {
            "height": 270.3093505859375,
            "label": "person",
            "left": 431.9875,
            "top": 71.58750610351562,
            "width": 167.3875
        },
        {
            "height": 58.03125,
            "label": "person",
            "left": 13.274997965494792,
            "top": 145.134375,
            "width": 53.35
        },
        {
            "height": 197.9625,
            "label": "person",
            "left": 170.975,
            "top": 122.47498779296875,
            "width": 213.96251627604167
        },
        {
            "height": 70.96875,
            "label": "umbrella",
            "left": 0.025010108947753906,
            "top": 31.09687194824219,
            "width": 259.73748372395835
        },
        {
            "height": 45.703125,
            "label": "umbrella",
            "left": 105.6375,
            "top": 73.5375,
            "width": 217.35
        },
        {
            "height": 35.08124694824219,
            "label": "umbrella",
            "left": 388.8625,
            "top": 98.484375,
            "width": 120.78750813802084
        },
        {
            "height": 24.05625,
            "label": "umbrella",
            "left": 270.7625,
            "top": 120.946875,
            "width": 103.4875
        },
        {
            "height": 35.8875,
            "label": "person",
            "left": 290.17503255208334,
            "top": 119.00625,
            "width": 50.35
        },
        {
            "height": 74.23125,
            "label": "person",
            "left": 407.2125,
            "top": 124.71561279296876,
            "width": 29.725
        },
        {
            "height": 62.709375,
            "label": "person",
            "left": 43.625,
            "top": 138.80626220703124,
            "width": 59.8625
        },
        {
            "height": 108.628125,
            "label": "person",
            "left": 128.525,
            "top": 116.68125,
            "width": 72.7625
        },
        {
            "height": 176.484375,
            "label": "person",
            "left": 333.4125,
            "top": 128.6625,
            "width": 80.125
        },
        {
            "height": 222.0843505859375,
            "label": "bicycle",
            "left": 482.5625,
            "top": 237.328125,
            "width": 116.525
        },
        {
            "height": 57.09375,
            "label": "person",
            "left": 429.66246744791664,
            "top": 132.09375,
            "width": 32.824997965494795
        },
        {
            "height": 99.065625,
            "label": "person",
            "left": 78.89999186197916,
            "top": 103.8,
            "width": 73.95
        }
    ]
}