{
    "image_id": 107339,
    "seq": [
        {
            "height": 137.5749969482422,
            "label": "couch",
            "left": 344.70001220703125,
            "top": 175.77499389648438,
            "width": 254.8000030517578
        },
        {
            "height": 161.25,
            "label": "couch",
            "left": 8.75,
            "top": 176.875,
            "width": 342.5
        },
        {
            "height": 301.82501220703125,
            "label": "person",
            "left": 308.0249938964844,
            "top": 45.90000534057617,
            "width": 151.75
        },
        {
            "height": 135.5749969482422,
            "label": "person",
            "left": 109.57500457763672,
            "top": 205.14999389648438,
            "width": 100.87499237060547
        },
        {
            "height": 5.724999904632568,
            "label": "remote",
            "left": 309.0,
            "top": 131.85000610351562,
            "width": 10.149999618530273
        },
        {
            "height": 15.574999809265137,
            "label": "book",
            "left": 355.9999694824219,
            "top": 255.5500030517578,
            "width": 44.95000076293945
        },
        {
            "height": 17.299999237060547,
            "label": "book",
            "left": 380.32501220703125,
            "top": 259.6000061035156,
            "width": 43.79999923706055
        },
        {
            "height": 3.8249998092651367,
            "label": "remote",
            "left": 323.4999694824219,
            "top": 130.9499969482422,
            "width": 7.625
        }
    ]
}