{
    "image_id": 107339,
    "seq": [
        {
            "height": 183.43333333333334,
            "label": "couch",
            "left": 343.44996744791666,
            "top": 232.6999565972222,
            "width": 254.8
        },
        {
            "height": 215.0,
            "label": "couch",
            "left": 7.500010681152344,
            "top": 234.16664496527778,
            "width": 342.5
        },
        {
            "height": 402.43333333333334,
            "label": "person",
            "left": 306.77496744791665,
            "top": 59.53333333333333,
            "width": 151.75
        },
        {
            "height": 180.76666666666668,
            "label": "person",
            "left": 108.32501627604167,
            "top": 271.8666666666667,
            "width": 100.875
        },
        {
            "height": 7.633333333333334,
            "label": "remote",
            "left": 307.75,
            "top": 174.13334418402778,
            "width": 10.15
        },
        {
            "height": 20.766666666666666,
            "label": "book",
            "left": 354.75,
            "top": 339.06666666666666,
            "width": 44.95
        },
        {
            "height": 23.066666666666666,
            "label": "book",
            "left": 379.075,
            "top": 344.4666449652778,
            "width": 43.8
        },
        {
            "height": 5.1,
            "label": "remote",
            "left": 322.2500325520833,
            "top": 172.93332248263889,
            "width": 7.625
        }
    ]
}