{
    "image_id": 107851,
    "seq": [
        {
            "height": 14.04374885559082,
            "label": "person",
            "left": 367.01251220703125,
            "top": 224.11874389648438,
            "width": 12.159375190734863
        },
        {
            "height": 11.91562557220459,
            "label": "person",
            "left": 210.98439025878906,
            "top": 221.25,
            "width": 7.171875
        },
        {
            "height": 77.88750457763672,
            "label": "person",
            "left": 297.3562316894531,
            "top": 225.1687469482422,
            "width": 42.11249542236328
        },
        {
            "height": 31.34062385559082,
            "label": "person",
            "left": 373.359375,
            "top": 235.77188110351562,
            "width": 14.090624809265137
        },
        {
            "height": 164.62501525878906,
            "label": "elephant",
            "left": 282.9937438964844,
            "top": 273.7781066894531,
            "width": 96.39374542236328
        },
        {
            "height": 81.55311584472656,
            "label": "elephant",
            "left": 376.2187194824219,
            "top": 280.4437561035156,
            "width": 31.003124237060547
        },
        {
            "height": 35.521873474121094,
            "label": "elephant",
            "left": 199.0593719482422,
            "top": 233.625,
            "width": 42.48749923706055
        },
        {
            "height": 46.28437423706055,
            "label": "elephant",
            "left": 4.012500286102295,
            "top": 238.49998474121094,
            "width": 54.16874694824219
        },
        {
            "height": 16.678125381469727,
            "label": "person",
            "left": 226.25624084472656,
            "top": 225.0281219482422,
            "width": 6.253125190734863
        },
        {
            "height": 85.00312042236328,
            "label": "person",
            "left": 335.1281433105469,
            "top": 225.50624084472656,
            "width": 45.984371185302734
        },
        {
            "height": 17.0625,
            "label": "person",
            "left": 202.72500610351562,
            "top": 219.0749969482422,
            "width": 10.265625
        },
        {
            "height": 37.25625228881836,
            "label": "person",
            "left": 35.16562271118164,
            "top": 212.94375610351562,
            "width": 23.371875762939453
        },
        {
            "height": 29.953126907348633,
            "label": "person",
            "left": 15.309374809265137,
            "top": 214.22811889648438,
            "width": 13.85624885559082
        },
        {
            "height": 18.946874618530273,
            "label": "person",
            "left": 28.490625381469727,
            "top": 215.5500030517578,
            "width": 10.481250762939453
        },
        {
            "height": 42.96562576293945,
            "label": "person",
            "left": 388.2562561035156,
            "top": 239.6531219482422,
            "width": 21.262500762939453
        },
        {
            "height": 16.106250762939453,
            "label": "person",
            "left": 382.7624816894531,
            "top": 236.84063720703125,
            "width": 10.74375057220459
        },
        {
            "height": 16.003124237060547,
            "label": "person",
            "left": 216.89999389648438,
            "top": 219.6750030517578,
            "width": 8.100000381469727
        }
    ]
}