{
    "image_id": 107851,
    "seq": [
        {
            "height": 18.725,
            "label": "person",
            "left": 366.5437255859375,
            "top": 298.2,
            "width": 12.159375
        },
        {
            "height": 15.8875,
            "label": "person",
            "left": 210.515625,
            "top": 294.3750325520833,
            "width": 7.171875
        },
        {
            "height": 103.85,
            "label": "person",
            "left": 296.8875244140625,
            "top": 299.6,
            "width": 42.11249694824219
        },
        {
            "height": 41.7875,
            "label": "person",
            "left": 372.890625,
            "top": 313.7375,
            "width": 14.090625
        },
        {
            "height": 219.5,
            "label": "elephant",
            "left": 282.5250244140625,
            "top": 364.41253255208335,
            "width": 96.39374389648438
        },
        {
            "height": 108.73748372395833,
            "label": "elephant",
            "left": 375.75,
            "top": 373.30003255208334,
            "width": 31.003125
        },
        {
            "height": 47.3625,
            "label": "elephant",
            "left": 198.59063720703125,
            "top": 310.875,
            "width": 42.4875
        },
        {
            "height": 61.7125,
            "label": "elephant",
            "left": 3.5437480926513674,
            "top": 317.3749674479167,
            "width": 54.16875
        },
        {
            "height": 22.23750203450521,
            "label": "person",
            "left": 225.7875,
            "top": 299.41246744791664,
            "width": 6.253125
        },
        {
            "height": 113.3375,
            "label": "person",
            "left": 334.6593505859375,
            "top": 300.05,
            "width": 45.984371948242185
        },
        {
            "height": 22.75,
            "label": "person",
            "left": 202.25625,
            "top": 291.475,
            "width": 10.265625762939454
        },
        {
            "height": 49.67500406901042,
            "label": "person",
            "left": 34.69687194824219,
            "top": 283.30003255208334,
            "width": 23.371875
        },
        {
            "height": 39.9375,
            "label": "person",
            "left": 14.840626525878907,
            "top": 285.01246744791666,
            "width": 13.856248474121093
        },
        {
            "height": 25.26249796549479,
            "label": "person",
            "left": 28.021875,
            "top": 286.775,
            "width": 10.48125
        },
        {
            "height": 57.28750406901042,
            "label": "person",
            "left": 387.7875244140625,
            "top": 318.9125,
            "width": 21.2625
        },
        {
            "height": 21.475,
            "label": "person",
            "left": 382.2937744140625,
            "top": 315.1625,
            "width": 10.74375
        },
        {
            "height": 21.3375,
            "label": "person",
            "left": 216.43125,
            "top": 292.275,
            "width": 8.1
        }
    ]
}