{
    "image_id": 108026,
    "seq": [
        {
            "height": 396.75,
            "label": "person",
            "left": 104.36250305175781,
            "top": 0.0,
            "width": 495.63751220703125
        },
        {
            "height": 41.540626525878906,
            "label": "mouse",
            "left": 80.5406265258789,
            "top": 115.48124694824219,
            "width": 145.55624389648438
        },
        {
            "height": 244.39688110351562,
            "label": "keyboard",
            "left": 0.0,
            "top": 156.85311889648438,
            "width": 236.6437530517578
        }
    ]
}