{
    "image_id": 108026,
    "seq": [
        {
            "height": 593.2710280373832,
            "label": "person",
            "left": 103.89373779296875,
            "top": 0.0,
            "width": 495.6375
        },
        {
            "height": 62.11682242990654,
            "label": "mouse",
            "left": 80.07186889648438,
            "top": 171.98129015771028,
            "width": 145.55625
        },
        {
            "height": 365.45327102803736,
            "label": "keyboard",
            "left": 0.0,
            "top": 233.84579439252337,
            "width": 236.6437744140625
        }
    ]
}