{
    "image_id": 108253,
    "seq": [
        {
            "height": 299.6062255859375,
            "label": "bottle",
            "left": 302.8375,
            "top": 0.0,
            "width": 154.7625
        },
        {
            "height": 591.909375,
            "label": "dining table",
            "left": 1.1749982198079427,
            "top": 0.881248664855957,
            "width": 598.2
        },
        {
            "height": 109.80936279296876,
            "label": "cup",
            "left": 0.4999995231628418,
            "top": 0.0,
            "width": 102.4375
        },
        {
            "height": 13.575,
            "label": "fork",
            "left": 234.45001627604168,
            "top": 224.990625,
            "width": 32.08749796549479
        },
        {
            "height": 229.8,
            "label": "pizza",
            "left": 152.425,
            "top": 332.259375,
            "width": 446.95
        },
        {
            "height": 65.75625,
            "label": "pizza",
            "left": 137.5625,
            "top": 253.059375,
            "width": 181.96251627604167
        },
        {
            "height": 8.5875,
            "label": "spoon",
            "left": 589.2875,
            "top": 223.78125,
            "width": 10.0875
        },
        {
            "height": 29.53125,
            "label": "pizza",
            "left": 0.6000041961669922,
            "top": 340.7625,
            "width": 164.7
        },
        {
            "height": 55.70625,
            "label": "pizza",
            "left": 235.625,
            "top": 276.4312744140625,
            "width": 88.9
        },
        {
            "height": 267.7875244140625,
            "label": "person",
            "left": 0.0,
            "top": 30.67498779296875,
            "width": 199.8625
        },
        {
            "height": 14.025001525878906,
            "label": "knife",
            "left": 20.14999796549479,
            "top": 284.728125,
            "width": 139.225
        },
        {
            "height": 95.1,
            "label": "bottle",
            "left": 524.5250325520833,
            "top": 225.825,
            "width": 74.85
        },
        {
            "height": 46.24687805175781,
            "label": "pizza",
            "left": 142.26248372395833,
            "top": 253.2750244140625,
            "width": 128.01250813802082
        }
    ]
}