{
    "image_id": 108253,
    "seq": [
        {
            "height": 299.6062316894531,
            "label": "bottle",
            "left": 227.5968780517578,
            "top": 0.0,
            "width": 116.07186889648438
        },
        {
            "height": 591.9093627929688,
            "label": "dining table",
            "left": 1.350000023841858,
            "top": 1.350000023841858,
            "width": 448.6499938964844
        },
        {
            "height": 109.80937194824219,
            "label": "cup",
            "left": 0.8437499403953552,
            "top": 0.3375000059604645,
            "width": 76.828125
        },
        {
            "height": 13.574999809265137,
            "label": "fork",
            "left": 176.30624389648438,
            "top": 225.45936584472656,
            "width": 24.065624237060547
        },
        {
            "height": 229.79998779296875,
            "label": "pizza",
            "left": 114.78750610351562,
            "top": 332.7281494140625,
            "width": 335.2124938964844
        },
        {
            "height": 65.7562484741211,
            "label": "pizza",
            "left": 103.640625,
            "top": 253.5281219482422,
            "width": 136.4718780517578
        },
        {
            "height": 8.587499618530273,
            "label": "spoon",
            "left": 442.43438720703125,
            "top": 224.25,
            "width": 7.565624713897705
        },
        {
            "height": 29.53125,
            "label": "pizza",
            "left": 0.9187500476837158,
            "top": 341.23126220703125,
            "width": 123.52499389648438
        },
        {
            "height": 55.70624923706055,
            "label": "pizza",
            "left": 177.1875,
            "top": 276.8999938964844,
            "width": 66.67500305175781
        },
        {
            "height": 267.7875061035156,
            "label": "person",
            "left": 0.0,
            "top": 31.14375114440918,
            "width": 149.89688110351562
        },
        {
            "height": 14.02500057220459,
            "label": "knife",
            "left": 15.581250190734863,
            "top": 285.1968688964844,
            "width": 104.41874694824219
        },
        {
            "height": 95.0999984741211,
            "label": "bottle",
            "left": 393.8625183105469,
            "top": 226.29376220703125,
            "width": 56.13750076293945
        },
        {
            "height": 46.24687576293945,
            "label": "pizza",
            "left": 107.16561889648438,
            "top": 253.74374389648438,
            "width": 96.0093765258789
        }
    ]
}