{
    "image_id": 108503,
    "seq": [
        {
            "height": 67.171875,
            "label": "person",
            "left": 309.9187316894531,
            "top": 306.29058837890625,
            "width": 24.57187271118164
        },
        {
            "height": 64.85625457763672,
            "label": "person",
            "left": 338.8312683105469,
            "top": 310.2749938964844,
            "width": 27.384374618530273
        },
        {
            "height": 7.715624809265137,
            "label": "person",
            "left": 539.4937744140625,
            "top": 193.36874389648438,
            "width": 8.90625
        },
        {
            "height": 32.26874923706055,
            "label": "surfboard",
            "left": 296.109375,
            "top": 317.2875061035156,
            "width": 39.69375228881836
        },
        {
            "height": 36.375,
            "label": "surfboard",
            "left": 341.0624694824219,
            "top": 318.0000305175781,
            "width": 38.94375228881836
        },
        {
            "height": 4.565624713897705,
            "label": "person",
            "left": 552.6281127929688,
            "top": 197.47499084472656,
            "width": 4.734375
        },
        {
            "height": 6.665625095367432,
            "label": "person",
            "left": 481.171875,
            "top": 209.63436889648438,
            "width": 2.878124713897705
        },
        {
            "height": 7.059375286102295,
            "label": "person",
            "left": 584.4750366210938,
            "top": 202.34999084472656,
            "width": 2.606250047683716
        },
        {
            "height": 8.699999809265137,
            "label": "person",
            "left": 546.8812866210938,
            "top": 194.83126831054688,
            "width": 2.606250047683716
        },
        {
            "height": 5.240625381469727,
            "label": "person",
            "left": 533.4656372070312,
            "top": 214.36875915527344,
            "width": 2.700000047683716
        },
        {
            "height": 6.056250095367432,
            "label": "person",
            "left": 575.1375122070312,
            "top": 203.66250610351562,
            "width": 6.440624713897705
        },
        {
            "height": 5.334374904632568,
            "label": "person",
            "left": 526.5187377929688,
            "top": 216.140625,
            "width": 2.4281251430511475
        },
        {
            "height": 3.5437498092651367,
            "label": "person",
            "left": 159.9562530517578,
            "top": 240.41250610351562,
            "width": 3.84375
        },
        {
            "height": 16.640625,
            "label": "person",
            "left": 71.90625,
            "top": 225.75936889648438,
            "width": 6.478124618530273
        },
        {
            "height": 5.878124713897705,
            "label": "person",
            "left": 80.71875,
            "top": 243.41250610351562,
            "width": 4.181250095367432
        }
    ]
}