{
    "image_id": 108503,
    "seq": [
        {
            "height": 100.6791569086651,
            "label": "person",
            "left": 309.4500244140625,
            "top": 458.37470725995314,
            "width": 24.571873474121094
        },
        {
            "height": 97.20843091334895,
            "label": "person",
            "left": 338.3624755859375,
            "top": 464.3466042154567,
            "width": 27.384375
        },
        {
            "height": 11.564401666788642,
            "label": "person",
            "left": 539.025,
            "top": 289.1240851873536,
            "width": 8.90625
        },
        {
            "height": 48.3653350043911,
            "label": "surfboard",
            "left": 295.640625,
            "top": 474.8571794496487,
            "width": 39.69375305175781
        },
        {
            "height": 54.51990632318501,
            "label": "surfboard",
            "left": 340.5937744140625,
            "top": 475.9250219555035,
            "width": 38.94375
        },
        {
            "height": 6.843091334894614,
            "label": "person",
            "left": 552.159326171875,
            "top": 295.27872511709603,
            "width": 4.734375
        },
        {
            "height": 9.990632318501172,
            "label": "person",
            "left": 480.703125,
            "top": 313.5035128805621,
            "width": 2.8781246185302733
        },
        {
            "height": 10.580796252927401,
            "label": "person",
            "left": 584.00625,
            "top": 302.58551668618264,
            "width": 2.60625
        },
        {
            "height": 13.039812646370024,
            "label": "person",
            "left": 546.412451171875,
            "top": 291.3161226580796,
            "width": 2.60625
        },
        {
            "height": 7.85480093676815,
            "label": "person",
            "left": 532.996826171875,
            "top": 320.59953161592506,
            "width": 2.700000190734863
        },
        {
            "height": 9.07728337236534,
            "label": "person",
            "left": 574.66875,
            "top": 304.5526932084309,
            "width": 6.440625
        },
        {
            "height": 7.995316159250586,
            "label": "person",
            "left": 526.05,
            "top": 323.25526932084307,
            "width": 2.428125190734863
        },
        {
            "height": 5.311475409836065,
            "label": "person",
            "left": 159.4875,
            "top": 359.6346604215457,
            "width": 3.84375
        },
        {
            "height": 24.94145199063232,
            "label": "person",
            "left": 71.4375,
            "top": 337.67209455503513,
            "width": 6.478125
        },
        {
            "height": 8.810303877890808,
            "label": "person",
            "left": 80.25,
            "top": 364.13118413348946,
            "width": 4.18125
        }
    ]
}