{
    "image_id": 109118,
    "seq": [
        {
            "height": 527.184375,
            "label": "person",
            "left": 306.5555234053498,
            "top": 38.634359741210936,
            "width": 292.82716049382714
        },
        {
            "height": 462.478125,
            "label": "person",
            "left": 140.99998392489712,
            "top": 131.953125,
            "width": 292.61728395061726
        },
        {
            "height": 528.853125,
            "label": "person",
            "left": 15.296300315072017,
            "top": 6.375020599365234,
            "width": 205.03703703703704
        },
        {
            "height": 82.678125,
            "label": "baseball glove",
            "left": 495.8765110596708,
            "top": 302.11875,
            "width": 99.03703703703704
        },
        {
            "height": 21.665625,
            "label": "sports ball",
            "left": 309.0987654320988,
            "top": 361.0125244140625,
            "width": 31.19753086419753
        },
        {
            "height": 146.30625,
            "label": "chair",
            "left": 209.72842721193416,
            "top": 407.71875,
            "width": 134.33333333333334
        }
    ]
}