{
    "image_id": 109118,
    "seq": [
        {
            "height": 527.1843872070312,
            "label": "person",
            "left": 233.25938415527344,
            "top": 39.103126525878906,
            "width": 222.36563110351562
        },
        {
            "height": 462.4781494140625,
            "label": "person",
            "left": 107.54061889648438,
            "top": 132.421875,
            "width": 222.2062530517578
        },
        {
            "height": 528.8530883789062,
            "label": "person",
            "left": 12.084375381469727,
            "top": 6.84375,
            "width": 155.6999969482422
        },
        {
            "height": 82.67813110351562,
            "label": "baseball glove",
            "left": 377.0249938964844,
            "top": 302.5875244140625,
            "width": 75.20625305175781
        },
        {
            "height": 21.665626525878906,
            "label": "sports ball",
            "left": 235.1906280517578,
            "top": 361.4812316894531,
            "width": 23.690624237060547
        },
        {
            "height": 146.30624389648438,
            "label": "chair",
            "left": 159.7312469482422,
            "top": 408.1875,
            "width": 102.00936889648438
        }
    ]
}