{
    "image_id": 109313,
    "seq": [
        {
            "height": 256.78125,
            "label": "couch",
            "left": 1.2937499284744263,
            "top": 319.9968566894531,
            "width": 67.09687805175781
        },
        {
            "height": 506.9718933105469,
            "label": "person",
            "left": 35.053123474121094,
            "top": 36.40312576293945,
            "width": 268.3218688964844
        },
        {
            "height": 26.26875114440918,
            "label": "remote",
            "left": 237.50624084472656,
            "top": 203.5031280517578,
            "width": 42.49687576293945
        },
        {
            "height": 38.0625,
            "label": "book",
            "left": 362.1187438964844,
            "top": 202.41561889648438,
            "width": 23.296876907348633
        },
        {
            "height": 17.634374618530273,
            "label": "cup",
            "left": 206.46560668945312,
            "top": 269.1093444824219,
            "width": 17.371875762939453
        },
        {
            "height": 25.124998092651367,
            "label": "cup",
            "left": 182.2312469482422,
            "top": 262.2750244140625,
            "width": 20.784374237060547
        },
        {
            "height": 21.403125762939453,
            "label": "book",
            "left": 338.88751220703125,
            "top": 218.79376220703125,
            "width": 21.571876525878906
        },
        {
            "height": 34.05937576293945,
            "label": "remote",
            "left": 93.53437042236328,
            "top": 332.60626220703125,
            "width": 28.912500381469727
        },
        {
            "height": 26.15625,
            "label": "book",
            "left": 387.375,
            "top": 251.2312469482422,
            "width": 4.190624713897705
        },
        {
            "height": 36.55312728881836,
            "label": "book",
            "left": 298.6875,
            "top": 250.3312530517578,
            "width": 89.4468765258789
        }
    ]
}