{
    "image_id": 109313,
    "seq": [
        {
            "height": 256.78125,
            "label": "couch",
            "left": 1.100000762939453,
            "top": 319.5281494140625,
            "width": 89.4625
        },
        {
            "height": 506.971875,
            "label": "person",
            "left": 46.11251220703125,
            "top": 35.93435974121094,
            "width": 357.7625
        },
        {
            "height": 26.26875,
            "label": "remote",
            "left": 316.05,
            "top": 203.03438720703124,
            "width": 56.66250406901042
        },
        {
            "height": 38.0625,
            "label": "book",
            "left": 482.2,
            "top": 201.946875,
            "width": 31.062502034505208
        },
        {
            "height": 17.634375,
            "label": "cup",
            "left": 274.6625,
            "top": 268.640625,
            "width": 23.1625
        },
        {
            "height": 25.125,
            "label": "cup",
            "left": 242.35,
            "top": 261.80625,
            "width": 27.7125
        },
        {
            "height": 21.403125,
            "label": "book",
            "left": 451.22496744791664,
            "top": 218.325,
            "width": 28.762502034505207
        },
        {
            "height": 34.05937805175781,
            "label": "remote",
            "left": 124.08749186197916,
            "top": 332.1375,
            "width": 38.55
        },
        {
            "height": 26.15625,
            "label": "book",
            "left": 515.875,
            "top": 250.7625,
            "width": 5.5874994913736975
        },
        {
            "height": 36.55312805175781,
            "label": "book",
            "left": 397.6249674479167,
            "top": 249.8625244140625,
            "width": 119.26250813802083
        }
    ]
}