{
    "image_id": 109441,
    "seq": [
        {
            "height": 21.065624237060547,
            "label": "traffic light",
            "left": 183.36563110351562,
            "top": 315.58123779296875,
            "width": 9.459375381469727
        },
        {
            "height": 21.825000762939453,
            "label": "traffic light",
            "left": 120.65625,
            "top": 312.20623779296875,
            "width": 11.8125
        },
        {
            "height": 16.678125381469727,
            "label": "fire hydrant",
            "left": 429.7781066894531,
            "top": 416.98126220703125,
            "width": 10.875000953674316
        },
        {
            "height": 22.078125,
            "label": "traffic light",
            "left": 296.46563720703125,
            "top": 301.91253662109375,
            "width": 8.971874237060547
        },
        {
            "height": 25.378124237060547,
            "label": "traffic light",
            "left": 328.4624938964844,
            "top": 295.3500061035156,
            "width": 10.96875
        },
        {
            "height": 35.13750076293945,
            "label": "traffic light",
            "left": 229.38748168945312,
            "top": 266.6812438964844,
            "width": 15.393749237060547
        },
        {
            "height": 37.34062576293945,
            "label": "traffic light",
            "left": 95.296875,
            "top": 257.8874816894531,
            "width": 20.193750381469727
        },
        {
            "height": 20.193750381469727,
            "label": "traffic light",
            "left": 252.25314331054688,
            "top": 282.1499938964844,
            "width": 21.637500762939453
        },
        {
            "height": 9.19687557220459,
            "label": "car",
            "left": 117.24374389648438,
            "top": 395.5406494140625,
            "width": 19.134374618530273
        },
        {
            "height": 9.253125190734863,
            "label": "car",
            "left": 150.4875030517578,
            "top": 392.2781066894531,
            "width": 9.056249618530273
        },
        {
            "height": 8.484375,
            "label": "car",
            "left": 99.77812194824219,
            "top": 392.109375,
            "width": 14.07187557220459
        },
        {
            "height": 6.459374904632568,
            "label": "car",
            "left": 80.9437484741211,
            "top": 394.0218811035156,
            "width": 16.828125
        },
        {
            "height": 6.768750190734863,
            "label": "car",
            "left": 56.615623474121094,
            "top": 393.7124938964844,
            "width": 12.66562557220459
        }
    ]
}