{
    "image_id": 109441,
    "seq": [
        {
            "height": 28.0875,
            "label": "traffic light",
            "left": 182.896875,
            "top": 420.15,
            "width": 9.459375
        },
        {
            "height": 29.1,
            "label": "traffic light",
            "left": 120.1875,
            "top": 415.65,
            "width": 11.8125
        },
        {
            "height": 22.23750203450521,
            "label": "fire hydrant",
            "left": 429.309375,
            "top": 555.3499348958334,
            "width": 10.875
        },
        {
            "height": 29.4375,
            "label": "traffic light",
            "left": 295.996875,
            "top": 401.925,
            "width": 8.971875
        },
        {
            "height": 33.8375,
            "label": "traffic light",
            "left": 327.9937255859375,
            "top": 393.17506510416666,
            "width": 10.96875
        },
        {
            "height": 46.85,
            "label": "traffic light",
            "left": 228.91875,
            "top": 354.95,
            "width": 15.39375
        },
        {
            "height": 49.78750406901042,
            "label": "traffic light",
            "left": 94.82811889648437,
            "top": 343.22503255208335,
            "width": 20.193751525878906
        },
        {
            "height": 26.92500203450521,
            "label": "traffic light",
            "left": 251.7843505859375,
            "top": 375.5750325520833,
            "width": 21.637501525878907
        },
        {
            "height": 12.262501017252605,
            "label": "car",
            "left": 116.775,
            "top": 526.7625,
            "width": 19.134375
        },
        {
            "height": 12.3375,
            "label": "car",
            "left": 150.01875,
            "top": 522.4125,
            "width": 9.05625
        },
        {
            "height": 11.3125,
            "label": "car",
            "left": 99.309375,
            "top": 522.1875,
            "width": 14.071875
        },
        {
            "height": 8.6125,
            "label": "car",
            "left": 80.47500610351562,
            "top": 524.7374674479166,
            "width": 16.828125
        },
        {
            "height": 9.025,
            "label": "car",
            "left": 56.14686889648438,
            "top": 524.325,
            "width": 12.665625
        }
    ]
}