{
    "image_id": 109798,
    "seq": [
        {
            "height": 297.98198198198196,
            "label": "donut",
            "left": 241.848015625,
            "top": 280.9009009009009,
            "width": 242.46
        },
        {
            "height": 155.06306306306305,
            "label": "donut",
            "left": 59.5680078125,
            "top": 166.28830001876878,
            "width": 257.712
        },
        {
            "height": 252.16216216216216,
            "label": "donut",
            "left": 8.507994140625,
            "top": 315.0450450450451,
            "width": 253.92
        },
        {
            "height": 189.63963963963963,
            "label": "dining table",
            "left": 483.88803125,
            "top": 400.054100975976,
            "width": 112.836
        }
    ]
}