{
    "image_id": 109798,
    "seq": [
        {
            "height": 198.45599365234375,
            "label": "donut",
            "left": 242.44798278808594,
            "top": 187.67999267578125,
            "width": 242.4600067138672
        },
        {
            "height": 103.2719955444336,
            "label": "donut",
            "left": 60.167999267578125,
            "top": 111.3479995727539,
            "width": 257.71197509765625
        },
        {
            "height": 167.9399871826172,
            "label": "donut",
            "left": 9.107999801635742,
            "top": 210.42001342773438,
            "width": 253.92001342773438
        },
        {
            "height": 126.30000305175781,
            "label": "dining table",
            "left": 484.48797607421875,
            "top": 267.0359802246094,
            "width": 112.83599853515625
        }
    ]
}