{
    "image_id": 109900,
    "seq": [
        {
            "height": 89.4468765258789,
            "label": "airplane",
            "left": 98.83124542236328,
            "top": 128.1374969482422,
            "width": 264.63751220703125
        },
        {
            "height": 34.3125,
            "label": "airplane",
            "left": 0.0,
            "top": 126.66561889648438,
            "width": 106.98750305175781
        },
        {
            "height": 141.234375,
            "label": "person",
            "left": 172.49063110351562,
            "top": 170.953125,
            "width": 45.50625228881836
        },
        {
            "height": 187.15313720703125,
            "label": "person",
            "left": 58.78125,
            "top": 165.8249969482422,
            "width": 60.103126525878906
        },
        {
            "height": 69.375,
            "label": "person",
            "left": 274.28436279296875,
            "top": 183.5343780517578,
            "width": 27.112499237060547
        },
        {
            "height": 77.7093734741211,
            "label": "person",
            "left": 248.89686584472656,
            "top": 188.2312469482422,
            "width": 31.021875381469727
        },
        {
            "height": 17.90625,
            "label": "person",
            "left": 239.8312530517578,
            "top": 186.55313110351562,
            "width": 11.54062557220459
        },
        {
            "height": 167.3156280517578,
            "label": "person",
            "left": 18.571874618530273,
            "top": 163.6593780517578,
            "width": 51.95624923706055
        },
        {
            "height": 146.11875915527344,
            "label": "person",
            "left": 199.35000610351562,
            "top": 178.1531219482422,
            "width": 70.921875
        },
        {
            "height": 16.5,
            "label": "person",
            "left": 473.2781066894531,
            "top": 185.10935974121094,
            "width": 19.33125114440918
        },
        {
            "height": 54.515625,
            "label": "person",
            "left": 173.24063110351562,
            "top": 182.39999389648438,
            "width": 16.931249618530273
        },
        {
            "height": 53.578125,
            "label": "person",
            "left": 115.4625015258789,
            "top": 185.39999389648438,
            "width": 18.84375
        },
        {
            "height": 216.49685668945312,
            "label": "truck",
            "left": 343.3687438964844,
            "top": 65.18437194824219,
            "width": 236.28749084472656
        }
    ]
}