{
    "image_id": 109900,
    "seq": [
        {
            "height": 119.76151444822176,
            "label": "airplane",
            "left": 98.36248168945312,
            "top": 170.9372548378661,
            "width": 264.6375
        },
        {
            "height": 45.94142259414226,
            "label": "airplane",
            "left": 0.0,
            "top": 168.966543540795,
            "width": 106.98751220703124
        },
        {
            "height": 189.10041841004184,
            "label": "person",
            "left": 172.02186279296876,
            "top": 228.26358198221757,
            "width": 45.50625
        },
        {
            "height": 250.581589958159,
            "label": "person",
            "left": 58.3125,
            "top": 221.3974731956067,
            "width": 60.103125
        },
        {
            "height": 92.88702928870293,
            "label": "person",
            "left": 273.815625,
            "top": 245.10875392259413,
            "width": 27.1125
        },
        {
            "height": 104.0460251046025,
            "label": "person",
            "left": 248.428125,
            "top": 251.39750588389123,
            "width": 31.021875
        },
        {
            "height": 23.97489539748954,
            "label": "person",
            "left": 239.3625,
            "top": 249.15066030334728,
            "width": 11.540625762939452
        },
        {
            "height": 224.02092050209205,
            "label": "person",
            "left": 18.103126525878906,
            "top": 218.49787526150627,
            "width": 51.95625
        },
        {
            "height": 195.64016736401675,
            "label": "person",
            "left": 198.88125,
            "top": 237.90374934623432,
            "width": 70.921875
        },
        {
            "height": 22.09205020920502,
            "label": "person",
            "left": 472.809375,
            "top": 247.21758956589957,
            "width": 19.331251525878905
        },
        {
            "height": 72.99163179916317,
            "label": "person",
            "left": 172.77188720703126,
            "top": 243.5899581589958,
            "width": 16.93125
        },
        {
            "height": 71.73640167364017,
            "label": "person",
            "left": 114.99376220703125,
            "top": 247.6067109048117,
            "width": 18.84375
        },
        {
            "height": 289.8702928870293,
            "label": "truck",
            "left": 342.9,
            "top": 86.64851104864017,
            "width": 236.2874755859375
        }
    ]
}