{
    "image_id": 109976,
    "seq": [
        {
            "height": 33.00937271118164,
            "label": "bottle",
            "left": 166.18124389648438,
            "top": 134.859375,
            "width": 11.73750114440918
        },
        {
            "height": 22.19062614440918,
            "label": "bottle",
            "left": 161.296875,
            "top": 144.71249389648438,
            "width": 6.599999904632568
        },
        {
            "height": 118.1343765258789,
            "label": "microwave",
            "left": 148.3406219482422,
            "top": 0.0,
            "width": 205.0500030517578
        },
        {
            "height": 111.234375,
            "label": "oven",
            "left": 106.1812515258789,
            "top": 159.7781219482422,
            "width": 248.765625
        },
        {
            "height": 200.39999389648438,
            "label": "oven",
            "left": 111.328125,
            "top": 238.4718780517578,
            "width": 130.078125
        },
        {
            "height": 24.515625,
            "label": "bottle",
            "left": 190.3406219482422,
            "top": 160.6125030517578,
            "width": 9.13124942779541
        },
        {
            "height": 25.19062614440918,
            "label": "bottle",
            "left": 177.83438110351562,
            "top": 158.10000610351562,
            "width": 6.206250190734863
        }
    ]
}