{
    "image_id": 109916,
    "seq": [
        {
            "height": 197.63436889648438,
            "label": "bowl",
            "left": 102.36563110351562,
            "top": 7.603125095367432,
            "width": 229.0500030517578
        },
        {
            "height": 251.68124389648438,
            "label": "bowl",
            "left": 264.7687683105469,
            "top": 186.33749389648438,
            "width": 285.8999938964844
        },
        {
            "height": 152.91563415527344,
            "label": "cake",
            "left": 114.2906265258789,
            "top": 23.484373092651367,
            "width": 206.81251525878906
        }
    ]
}