{
    "image_id": 109916,
    "seq": [
        {
            "height": 263.5125,
            "label": "bowl",
            "left": 101.896875,
            "top": 9.51253153483073,
            "width": 229.05
        },
        {
            "height": 335.575,
            "label": "bowl",
            "left": 264.2999755859375,
            "top": 247.82501627604168,
            "width": 285.9
        },
        {
            "height": 203.88751627604168,
            "label": "cake",
            "left": 113.821875,
            "top": 30.6875,
            "width": 206.8125
        }
    ]
}