{
    "image_id": 109976,
    "seq": [
        {
            "height": 44.0125,
            "label": "bottle",
            "left": 165.7125,
            "top": 179.18746744791667,
            "width": 11.737500762939453
        },
        {
            "height": 29.58750203450521,
            "label": "bottle",
            "left": 160.828125,
            "top": 192.325,
            "width": 6.6
        },
        {
            "height": 157.5125,
            "label": "microwave",
            "left": 147.871875,
            "top": 0.0,
            "width": 205.05
        },
        {
            "height": 148.3125,
            "label": "oven",
            "left": 105.7125,
            "top": 212.41248372395833,
            "width": 248.765625
        },
        {
            "height": 267.2,
            "label": "oven",
            "left": 110.85938720703125,
            "top": 317.3375,
            "width": 130.078125
        },
        {
            "height": 32.6875,
            "label": "bottle",
            "left": 189.871875,
            "top": 213.52498372395834,
            "width": 9.13125
        },
        {
            "height": 33.587502034505206,
            "label": "bottle",
            "left": 177.365625,
            "top": 210.17501627604167,
            "width": 6.20625
        }
    ]
}