{
    "image_id": 110042,
    "seq": [
        {
            "height": 51.590625,
            "label": "person",
            "left": 413.7035294117647,
            "top": 159.2625,
            "width": 66.79058363970589
        },
        {
            "height": 62.278125,
            "label": "person",
            "left": 470.5270588235294,
            "top": 150.046875,
            "width": 31.058823529411764
        },
        {
            "height": 94.18124389648438,
            "label": "person",
            "left": 114.46588235294118,
            "top": 98.86875610351562,
            "width": 43.411764705882355
        },
        {
            "height": 45.86249694824219,
            "label": "person",
            "left": 34.376468290441174,
            "top": 118.528125,
            "width": 32.56941176470588
        },
        {
            "height": 158.6343994140625,
            "label": "toilet",
            "left": 188.62588235294118,
            "top": 412.265576171875,
            "width": 172.36235294117648
        },
        {
            "height": 76.33125,
            "label": "potted plant",
            "left": 31.863529411764706,
            "top": 196.57498779296876,
            "width": 112.27764705882353
        },
        {
            "height": 71.45625,
            "label": "potted plant",
            "left": 422.6823897058824,
            "top": 233.4374755859375,
            "width": 70.26353400735294
        },
        {
            "height": 367.8187744140625,
            "label": "person",
            "left": 0.0,
            "top": 148.575,
            "width": 55.77881893382353
        }
    ]
}