{
    "image_id": 110042,
    "seq": [
        {
            "height": 51.59062194824219,
            "label": "person",
            "left": 275.1937561035156,
            "top": 159.7312469482422,
            "width": 44.35312271118164
        },
        {
            "height": 62.27812576293945,
            "label": "person",
            "left": 312.9281311035156,
            "top": 150.515625,
            "width": 20.625
        },
        {
            "height": 94.18124389648438,
            "label": "person",
            "left": 76.48124694824219,
            "top": 99.33749389648438,
            "width": 28.828125
        },
        {
            "height": 45.86249923706055,
            "label": "person",
            "left": 23.296876907348633,
            "top": 118.99687194824219,
            "width": 21.628124237060547
        },
        {
            "height": 158.63438415527344,
            "label": "toilet",
            "left": 125.7281265258789,
            "top": 412.734375,
            "width": 114.4593734741211
        },
        {
            "height": 76.33125305175781,
            "label": "potted plant",
            "left": 21.628124237060547,
            "top": 197.0437469482422,
            "width": 74.55937194824219
        },
        {
            "height": 71.45625305175781,
            "label": "potted plant",
            "left": 281.15625,
            "top": 233.90625,
            "width": 46.65937805175781
        },
        {
            "height": 367.8187561035156,
            "label": "person",
            "left": 0.16875000298023224,
            "top": 149.0437469482422,
            "width": 37.04062271118164
        }
    ]
}