{
    "image_id": 110211,
    "seq": [
        {
            "height": 182.3156280517578,
            "label": "zebra",
            "left": 1.453125,
            "top": 123.84375762939453,
            "width": 164.8781280517578
        },
        {
            "height": 125.79374694824219,
            "label": "zebra",
            "left": 150.41250610351562,
            "top": 124.32186889648438,
            "width": 147.28126525878906
        },
        {
            "height": 32.259376525878906,
            "label": "zebra",
            "left": 57.553123474121094,
            "top": 140.05313110351562,
            "width": 50.77499771118164
        },
        {
            "height": 64.453125,
            "label": "zebra",
            "left": 498.984375,
            "top": 168.43124389648438,
            "width": 48.11249923706055
        },
        {
            "height": 88.0218734741211,
            "label": "zebra",
            "left": 509.37188720703125,
            "top": 150.10311889648438,
            "width": 76.03125
        }
    ]
}