{
    "image_id": 110211,
    "seq": [
        {
            "height": 339.1918604651163,
            "label": "zebra",
            "left": 0.9843796730041504,
            "top": 229.53488372093022,
            "width": 164.878125
        },
        {
            "height": 234.0348610101744,
            "label": "zebra",
            "left": 149.94375,
            "top": 230.42444131540697,
            "width": 147.28125
        },
        {
            "height": 60.01744186046512,
            "label": "zebra",
            "left": 57.084375,
            "top": 259.6918604651163,
            "width": 50.775
        },
        {
            "height": 119.91279069767442,
            "label": "zebra",
            "left": 498.515625,
            "top": 312.4883493822674,
            "width": 48.1125
        },
        {
            "height": 163.76162790697674,
            "label": "zebra",
            "left": 508.903125,
            "top": 278.38955759447674,
            "width": 76.03125
        }
    ]
}