{
    "image_id": 110449,
    "seq": [
        {
            "height": 554.048,
            "label": "person",
            "left": 175.752015625,
            "top": 25.551963541666666,
            "width": 423.648
        },
        {
            "height": 97.072,
            "label": "laptop",
            "left": 369.516,
            "top": 413.13604166666664,
            "width": 128.4239921875
        },
        {
            "height": 460.08,
            "label": "person",
            "left": 1.4160006103515625,
            "top": 22.880005208333333,
            "width": 294.624
        },
        {
            "height": 116.304,
            "label": "remote",
            "left": 12.5760009765625,
            "top": 143.93597916666667,
            "width": 32.328
        }
    ]
}