{
    "image_id": 110449,
    "seq": [
        {
            "height": 415.5360107421875,
            "label": "person",
            "left": 176.3520050048828,
            "top": 19.763999938964844,
            "width": 423.64801025390625
        },
        {
            "height": 72.80400085449219,
            "label": "laptop",
            "left": 370.1159973144531,
            "top": 310.4519958496094,
            "width": 128.4239959716797
        },
        {
            "height": 345.05999755859375,
            "label": "person",
            "left": 2.0160000324249268,
            "top": 17.760000228881836,
            "width": 294.6240234375
        },
        {
            "height": 87.2280044555664,
            "label": "remote",
            "left": 13.175999641418457,
            "top": 108.552001953125,
            "width": 32.3280029296875
        }
    ]
}