{
    "image_id": 11051,
    "seq": [
        {
            "height": 212.4656219482422,
            "label": "tie",
            "left": 183.234375,
            "top": 185.5968780517578,
            "width": 57.337501525878906
        },
        {
            "height": 430.2281188964844,
            "label": "person",
            "left": 233.74688720703125,
            "top": 72.2718734741211,
            "width": 361.3499755859375
        },
        {
            "height": 492.3374938964844,
            "label": "person",
            "left": 6.778124809265137,
            "top": 2.2593750953674316,
            "width": 362.4750061035156
        }
    ]
}