{
    "image_id": 11051,
    "seq": [
        {
            "height": 253.6902985074627,
            "label": "tie",
            "left": 182.765625,
            "top": 221.04850746268656,
            "width": 57.33750610351562
        },
        {
            "height": 513.7051655783582,
            "label": "person",
            "left": 233.2781005859375,
            "top": 85.73509649020522,
            "width": 361.35
        },
        {
            "height": 587.8656133395523,
            "label": "person",
            "left": 6.309378051757813,
            "top": 2.1380551466301307,
            "width": 362.4750244140625
        }
    ]
}