{
    "image_id": 110638,
    "seq": [
        {
            "height": 489.44262295081967,
            "label": "elephant",
            "left": 100.2843994140625,
            "top": 3.428553418197453,
            "width": 449.784326171875
        },
        {
            "height": 299.3255269320843,
            "label": "elephant",
            "left": 213.5718994140625,
            "top": 181.98128293325527,
            "width": 197.015625
        },
        {
            "height": 432.6463700234192,
            "label": "elephant",
            "left": 0.0,
            "top": 0.0,
            "width": 117.58125
        }
    ]
}