{
    "image_id": 110638,
    "seq": [
        {
            "height": 326.5500183105469,
            "label": "elephant",
            "left": 100.75312042236328,
            "top": 2.7562499046325684,
            "width": 449.78436279296875
        },
        {
            "height": 199.7062530517578,
            "label": "elephant",
            "left": 214.04061889648438,
            "top": 121.88436889648438,
            "width": 197.015625
        },
        {
            "height": 288.65625,
            "label": "elephant",
            "left": 0.0,
            "top": 0.0,
            "width": 117.58124542236328
        }
    ]
}