{
    "image_id": 110784,
    "seq": [
        {
            "height": 106.4156265258789,
            "label": "bus",
            "left": 187.5187530517578,
            "top": 256.7906188964844,
            "width": 81.86250305175781
        },
        {
            "height": 104.10938262939453,
            "label": "person",
            "left": 174.03749084472656,
            "top": 254.57810974121094,
            "width": 45.62812042236328
        },
        {
            "height": 175.23748779296875,
            "label": "truck",
            "left": 0.0,
            "top": 218.40000915527344,
            "width": 256.4437561035156
        }
    ]
}