{
    "image_id": 110784,
    "seq": [
        {
            "height": 106.415625,
            "label": "bus",
            "left": 276.47111359699767,
            "top": 256.3218994140625,
            "width": 120.99769955254041
        },
        {
            "height": 104.109375,
            "label": "person",
            "left": 256.5450346420323,
            "top": 254.1093994140625,
            "width": 67.44110403435334
        },
        {
            "height": 175.2375,
            "label": "truck",
            "left": 0.0,
            "top": 217.9312744140625,
            "width": 379.0392609699769
        }
    ]
}