{
    "image_id": 110884,
    "seq": [
        {
            "height": 58.44375228881836,
            "label": "bowl",
            "left": 15.787500381469727,
            "top": 325.9781188964844,
            "width": 60.05624771118164
        },
        {
            "height": 167.80313110351562,
            "label": "toilet",
            "left": 352.40625,
            "top": 418.9031066894531,
            "width": 222.64688110351562
        },
        {
            "height": 122.07188415527344,
            "label": "sink",
            "left": 26.662500381469727,
            "top": 329.3343811035156,
            "width": 267.0375061035156
        }
    ]
}