{
    "image_id": 110884,
    "seq": [
        {
            "height": 58.443756103515625,
            "label": "bowl",
            "left": 15.31875,
            "top": 325.5093994140625,
            "width": 60.05625
        },
        {
            "height": 167.803125,
            "label": "toilet",
            "left": 351.9374755859375,
            "top": 418.434375,
            "width": 222.646875
        },
        {
            "height": 122.07188720703125,
            "label": "sink",
            "left": 26.193746948242186,
            "top": 328.865625,
            "width": 267.0375
        }
    ]
}