{
    "image_id": 110999,
    "seq": [
        {
            "height": 113.90625,
            "label": "cup",
            "left": 256.6875,
            "top": 330.4781188964844,
            "width": 79.87499237060547
        },
        {
            "height": 78.5999984741211,
            "label": "fork",
            "left": 78.375,
            "top": 477.2906188964844,
            "width": 59.634376525878906
        },
        {
            "height": 73.19062805175781,
            "label": "knife",
            "left": 92.8687515258789,
            "top": 471.984375,
            "width": 102.7874984741211
        },
        {
            "height": 83.93437194824219,
            "label": "apple",
            "left": 186.95623779296875,
            "top": 412.23748779296875,
            "width": 78.3375015258789
        },
        {
            "height": 48.421875,
            "label": "apple",
            "left": 224.33436584472656,
            "top": 394.43438720703125,
            "width": 58.040626525878906
        },
        {
            "height": 47.71875,
            "label": "apple",
            "left": 85.38749694824219,
            "top": 296.2875061035156,
            "width": 58.650001525878906
        },
        {
            "height": 51.26250076293945,
            "label": "orange",
            "left": 123.23436737060547,
            "top": 360.09375,
            "width": 70.9781265258789
        },
        {
            "height": 48.02812576293945,
            "label": "spoon",
            "left": 84.3656234741211,
            "top": 500.5312805175781,
            "width": 45.73124694824219
        },
        {
            "height": 59.428123474121094,
            "label": "orange",
            "left": 262.9125061035156,
            "top": 429.1781311035156,
            "width": 67.5843734741211
        },
        {
            "height": 165.4968719482422,
            "label": "person",
            "left": 107.04375457763672,
            "top": 125.86874389648438,
            "width": 147.3093719482422
        },
        {
            "height": 70.28437805175781,
            "label": "bowl",
            "left": 32.77499771118164,
            "top": 379.2281188964844,
            "width": 204.0
        }
    ]
}