{
    "image_id": 110999,
    "seq": [
        {
            "height": 113.90625,
            "label": "cup",
            "left": 456.76884575208913,
            "top": 330.009375,
            "width": 142.39554317548746
        },
        {
            "height": 78.59999389648438,
            "label": "fork",
            "left": 138.88578299094706,
            "top": 476.821875,
            "width": 106.31197771587743
        },
        {
            "height": 73.190625,
            "label": "knife",
            "left": 164.72424486420613,
            "top": 471.515625,
            "width": 183.24233983286908
        },
        {
            "height": 83.934375,
            "label": "apple",
            "left": 332.4568245125348,
            "top": 411.768701171875,
            "width": 139.65459610027855
        },
        {
            "height": 48.421875,
            "label": "apple",
            "left": 399.091922005571,
            "top": 393.9656005859375,
            "width": 103.4707520891365
        },
        {
            "height": 47.71875,
            "label": "apple",
            "left": 151.38718662952647,
            "top": 295.8187255859375,
            "width": 104.55710306406685
        },
        {
            "height": 51.2625,
            "label": "orange",
            "left": 218.8579169568245,
            "top": 359.625,
            "width": 126.53481894150418
        },
        {
            "height": 48.02812805175781,
            "label": "spoon",
            "left": 149.56545961002786,
            "top": 500.0625,
            "width": 81.52646239554318
        },
        {
            "height": 59.428125,
            "label": "orange",
            "left": 467.86629526462394,
            "top": 428.709375,
            "width": 120.48466878481894
        },
        {
            "height": 165.496875,
            "label": "person",
            "left": 189.99440720752088,
            "top": 125.4,
            "width": 262.61281337047353
        },
        {
            "height": 70.284375,
            "label": "bowl",
            "left": 57.59329844185237,
            "top": 378.7593505859375,
            "width": 363.67688022284125
        }
    ]
}