{
    "image_id": 111086,
    "seq": [
        {
            "height": 126.3239974975586,
            "label": "car",
            "left": 536.447998046875,
            "top": 248.843994140625,
            "width": 63.552001953125
        },
        {
            "height": 124.41600036621094,
            "label": "car",
            "left": 359.6159973144531,
            "top": 248.364013671875,
            "width": 187.06800842285156
        },
        {
            "height": 87.45600128173828,
            "label": "car",
            "left": 390.97198486328125,
            "top": 167.49600219726562,
            "width": 157.4040069580078
        },
        {
            "height": 71.45999908447266,
            "label": "car",
            "left": 253.44000244140625,
            "top": 268.83599853515625,
            "width": 105.52799987792969
        },
        {
            "height": 69.92400360107422,
            "label": "car",
            "left": 272.50799560546875,
            "top": 193.9320068359375,
            "width": 123.50399780273438
        },
        {
            "height": 66.14399719238281,
            "label": "car",
            "left": 197.52000427246094,
            "top": 272.7959899902344,
            "width": 71.58000183105469
        },
        {
            "height": 57.78000259399414,
            "label": "car",
            "left": 225.10800170898438,
            "top": 213.89999389648438,
            "width": 72.46800231933594
        },
        {
            "height": 52.29600524902344,
            "label": "car",
            "left": 147.5159912109375,
            "top": 288.635986328125,
            "width": 57.768001556396484
        },
        {
            "height": 38.96400451660156,
            "label": "car",
            "left": 181.2119903564453,
            "top": 230.8920135498047,
            "width": 45.29999923706055
        },
        {
            "height": 41.111995697021484,
            "label": "car",
            "left": 117.51599884033203,
            "top": 299.5439758300781,
            "width": 37.47599792480469
        },
        {
            "height": 256.9200134277344,
            "label": "boat",
            "left": 0.0,
            "top": 1.8239998817443848,
            "width": 600.0
        },
        {
            "height": 20.687999725341797,
            "label": "person",
            "left": 125.33999633789062,
            "top": 271.4759826660156,
            "width": 19.272001266479492
        },
        {
            "height": 37.52400207519531,
            "label": "car",
            "left": 152.2320098876953,
            "top": 241.20001220703125,
            "width": 35.220001220703125
        },
        {
            "height": 55.15199661254883,
            "label": "person",
            "left": 480.4319763183594,
            "top": 110.74800109863281,
            "width": 61.02000045776367
        },
        {
            "height": 28.404001235961914,
            "label": "person",
            "left": 408.0480041503906,
            "top": 300.2879943847656,
            "width": 35.099998474121094
        },
        {
            "height": 36.672000885009766,
            "label": "car",
            "left": 87.13199615478516,
            "top": 304.2359924316406,
            "width": 31.14000129699707
        },
        {
            "height": 41.507999420166016,
            "label": "person",
            "left": 524.3880004882812,
            "top": 105.80400085449219,
            "width": 33.33599853515625
        }
    ]
}