{
    "image_id": 111086,
    "seq": [
        {
            "height": 187.9821312313988,
            "label": "car",
            "left": 535.848,
            "top": 369.4107375372024,
            "width": 63.552
        },
        {
            "height": 185.14285714285714,
            "label": "car",
            "left": 359.016,
            "top": 368.69642857142856,
            "width": 187.068
        },
        {
            "height": 130.14285714285714,
            "label": "car",
            "left": 390.37196875,
            "top": 248.35709635416666,
            "width": 157.404
        },
        {
            "height": 106.33928571428571,
            "label": "car",
            "left": 252.84,
            "top": 399.1607142857143,
            "width": 105.528
        },
        {
            "height": 104.05357142857143,
            "label": "car",
            "left": 271.90796875,
            "top": 287.69642857142856,
            "width": 123.504
        },
        {
            "height": 98.42857142857143,
            "label": "car",
            "left": 196.92,
            "top": 405.05357142857144,
            "width": 71.58
        },
        {
            "height": 85.98214285714286,
            "label": "car",
            "left": 224.508015625,
            "top": 317.4107142857143,
            "width": 72.468
        },
        {
            "height": 77.8214343843006,
            "label": "car",
            "left": 146.916015625,
            "top": 428.625,
            "width": 57.768
        },
        {
            "height": 57.982142857142854,
            "label": "car",
            "left": 180.612,
            "top": 342.6964053199405,
            "width": 45.3
        },
        {
            "height": 61.178565615699405,
            "label": "car",
            "left": 116.916,
            "top": 444.85714285714283,
            "width": 37.476
        },
        {
            "height": 382.32142857142856,
            "label": "boat",
            "left": 0.0,
            "top": 1.821462177094959,
            "width": 600.0
        },
        {
            "height": 30.785714285714285,
            "label": "person",
            "left": 124.7400078125,
            "top": 403.0892857142857,
            "width": 19.272
        },
        {
            "height": 55.839285714285715,
            "label": "car",
            "left": 151.632015625,
            "top": 358.0357142857143,
            "width": 35.22
        },
        {
            "height": 82.07142857142857,
            "label": "person",
            "left": 479.83203125,
            "top": 163.91071428571428,
            "width": 61.02
        },
        {
            "height": 42.267857142857146,
            "label": "person",
            "left": 407.448,
            "top": 445.9643322172619,
            "width": 35.1
        },
        {
            "height": 54.57142857142857,
            "label": "car",
            "left": 86.5319921875,
            "top": 451.8392392113095,
            "width": 31.14
        },
        {
            "height": 61.767857142857146,
            "label": "person",
            "left": 523.788,
            "top": 156.55358305431548,
            "width": 33.336
        }
    ]
}