{
    "image_id": 111207,
    "seq": [
        {
            "height": 200.77500915527344,
            "label": "person",
            "left": 146.47500610351562,
            "top": 328.9875183105469,
            "width": 90.1875
        },
        {
            "height": 62.34375,
            "label": "bench",
            "left": 249.09376525878906,
            "top": 147.3562469482422,
            "width": 84.4124984741211
        },
        {
            "height": 45.63750076293945,
            "label": "bench",
            "left": 171.8156280517578,
            "top": 150.46875,
            "width": 83.22187042236328
        },
        {
            "height": 26.325000762939453,
            "label": "skateboard",
            "left": 147.52499389648438,
            "top": 517.3500366210938,
            "width": 69.11250305175781
        },
        {
            "height": 247.21876525878906,
            "label": "person",
            "left": 95.79375457763672,
            "top": 28.434375762939453,
            "width": 107.88750457763672
        },
        {
            "height": 17.118749618530273,
            "label": "skateboard",
            "left": 118.37812042236328,
            "top": 252.11251831054688,
            "width": 45.20624923706055
        }
    ]
}