{
    "image_id": 111207,
    "seq": [
        {
            "height": 200.775,
            "label": "person",
            "left": 195.4895234048117,
            "top": 328.5187255859375,
            "width": 120.75313807531381
        },
        {
            "height": 62.34375,
            "label": "bench",
            "left": 332.8869966004184,
            "top": 146.88748779296876,
            "width": 113.02091233002092
        },
        {
            "height": 45.6375,
            "label": "bench",
            "left": 229.418410041841,
            "top": 150.0,
            "width": 111.4267700706067
        },
        {
            "height": 26.32500305175781,
            "label": "skateboard",
            "left": 196.89539748953976,
            "top": 516.881298828125,
            "width": 92.53556485355648
        },
        {
            "height": 247.21875,
            "label": "person",
            "left": 127.63179916317992,
            "top": 27.96561279296875,
            "width": 144.4518828451883
        },
        {
            "height": 17.11875,
            "label": "skateboard",
            "left": 157.87030923117155,
            "top": 251.6437255859375,
            "width": 60.52719665271967
        }
    ]
}