{
    "image_id": 11149,
    "seq": [
        {
            "height": 217.42799377441406,
            "label": "bicycle",
            "left": 237.9840087890625,
            "top": 109.40399932861328,
            "width": 269.5559997558594
        },
        {
            "height": 338.5199890136719,
            "label": "motorcycle",
            "left": 0.0,
            "top": 82.59600067138672,
            "width": 164.1840057373047
        },
        {
            "height": 140.8800048828125,
            "label": "person",
            "left": 0.0,
            "top": 4.559999942779541,
            "width": 90.20399475097656
        },
        {
            "height": 377.19598388671875,
            "label": "person",
            "left": 500.5559997558594,
            "top": 1.847999930381775,
            "width": 99.44400024414062
        },
        {
            "height": 205.83599853515625,
            "label": "bicycle",
            "left": 105.93599700927734,
            "top": 70.73999786376953,
            "width": 133.18798828125
        }
    ]
}