{
    "image_id": 11149,
    "seq": [
        {
            "height": 289.904,
            "label": "bicycle",
            "left": 237.384015625,
            "top": 145.07204166666668,
            "width": 269.556
        },
        {
            "height": 451.36,
            "label": "motorcycle",
            "left": 0.0,
            "top": 109.328,
            "width": 164.184015625
        },
        {
            "height": 187.84,
            "label": "person",
            "left": 0.0,
            "top": 5.28001171875,
            "width": 90.204
        },
        {
            "height": 502.9279583333333,
            "label": "person",
            "left": 499.956,
            "top": 1.6639710286458333,
            "width": 99.444
        },
        {
            "height": 274.448,
            "label": "bicycle",
            "left": 105.336,
            "top": 93.51997916666667,
            "width": 133.188
        }
    ]
}