{
    "image_id": 111609,
    "seq": [
        {
            "height": 347.0625,
            "label": "bed",
            "left": 401.2875061035156,
            "top": 48.52499771118164,
            "width": 198.71250915527344
        },
        {
            "height": 254.86874389648438,
            "label": "person",
            "left": 328.9781188964844,
            "top": 77.7281265258789,
            "width": 116.5875015258789
        },
        {
            "height": 71.32500457763672,
            "label": "laptop",
            "left": 474.4125061035156,
            "top": 330.86248779296875,
            "width": 125.58750915527344
        }
    ]
}