{
    "image_id": 111609,
    "seq": [
        {
            "height": 517.7622377622378,
            "label": "bed",
            "left": 400.81875,
            "top": 71.69230313956876,
            "width": 198.71251220703124
        },
        {
            "height": 380.2237398018648,
            "label": "person",
            "left": 328.509375,
            "top": 115.25872304778555,
            "width": 116.5875
        },
        {
            "height": 106.4055944055944,
            "label": "laptop",
            "left": 473.94375,
            "top": 492.8951777389277,
            "width": 125.58751220703125
        }
    ]
}