{
    "image_id": 11197,
    "seq": [
        {
            "height": 26.953125,
            "label": "bicycle",
            "left": 519.3656005859375,
            "top": 152.28749084472656,
            "width": 44.953125
        },
        {
            "height": 37.828125,
            "label": "car",
            "left": 375.140625,
            "top": 144.0656280517578,
            "width": 80.59687805175781
        },
        {
            "height": 22.76249885559082,
            "label": "car",
            "left": 161.50314331054688,
            "top": 134.5124969482422,
            "width": 37.6875
        },
        {
            "height": 132.2156219482422,
            "label": "person",
            "left": 290.3812255859375,
            "top": 105.01874542236328,
            "width": 49.89374923706055
        },
        {
            "height": 68.84062194824219,
            "label": "person",
            "left": 16.3125,
            "top": 105.90937805175781,
            "width": 25.38749885559082
        },
        {
            "height": 41.93437576293945,
            "label": "person",
            "left": 532.4155883789062,
            "top": 137.7843780517578,
            "width": 21.365625381469727
        },
        {
            "height": 17.512500762939453,
            "label": "traffic light",
            "left": 168.41250610351562,
            "top": 64.453125,
            "width": 7.649999618530273
        },
        {
            "height": 36.24374771118164,
            "label": "traffic light",
            "left": 232.8468780517578,
            "top": 18.440624237060547,
            "width": 34.171875
        },
        {
            "height": 16.162500381469727,
            "label": "traffic light",
            "left": 206.20310974121094,
            "top": 68.6624984741211,
            "width": 9.41249942779541
        },
        {
            "height": 11.100000381469727,
            "label": "person",
            "left": 283.85626220703125,
            "top": 111.74063110351562,
            "width": 10.79062557220459
        },
        {
            "height": 9.506250381469727,
            "label": "traffic light",
            "left": 83.4375,
            "top": 89.4281234741211,
            "width": 5.671875
        },
        {
            "height": 14.34375,
            "label": "traffic light",
            "left": 39.77812576293945,
            "top": 88.36875915527344,
            "width": 7.443750381469727
        },
        {
            "height": 31.359375,
            "label": "backpack",
            "left": 4.275000095367432,
            "top": 132.03749084472656,
            "width": 18.487499237060547
        },
        {
            "height": 9.225000381469727,
            "label": "traffic light",
            "left": 523.6499633789062,
            "top": 100.2093734741211,
            "width": 12.346875190734863
        },
        {
            "height": 13.603124618530273,
            "label": "backpack",
            "left": 542.4656372070312,
            "top": 142.828125,
            "width": 15.562500953674316
        },
        {
            "height": 109.453125,
            "label": "person",
            "left": 281.7937316894531,
            "top": 120.75936889648438,
            "width": 18.412500381469727
        }
    ]
}