{
    "image_id": 111951,
    "seq": [
        {
            "height": 185.84470588235294,
            "label": "toilet",
            "left": 420.571875,
            "top": 413.43525735294116,
            "width": 178.95938720703126
        },
        {
            "height": 95.98588235294118,
            "label": "sink",
            "left": 36.937493896484376,
            "top": 329.36470588235295,
            "width": 111.684375
        },
        {
            "height": 59.32235294117647,
            "label": "sink",
            "left": 206.3625,
            "top": 274.34823529411767,
            "width": 66.253125
        },
        {
            "height": 78.64941176470589,
            "label": "vase",
            "left": 138.6375,
            "top": 306.31060661764707,
            "width": 42.09375
        }
    ]
}