{
    "image_id": 11197,
    "seq": [
        {
            "height": 40.39812646370024,
            "label": "bicycle",
            "left": 518.896875,
            "top": 227.55035128805622,
            "width": 44.953125
        },
        {
            "height": 56.69789227166277,
            "label": "car",
            "left": 374.671875,
            "top": 215.2271479800937,
            "width": 80.596875
        },
        {
            "height": 34.11709373170375,
            "label": "car",
            "left": 161.034375,
            "top": 200.9086651053864,
            "width": 37.6875
        },
        {
            "height": 198.1686182669789,
            "label": "person",
            "left": 289.9125,
            "top": 156.70261270491804,
            "width": 49.89375
        },
        {
            "height": 103.18032786885246,
            "label": "person",
            "left": 15.843751525878906,
            "top": 158.0374524297424,
            "width": 25.3875
        },
        {
            "height": 62.85245901639344,
            "label": "person",
            "left": 531.946923828125,
            "top": 205.8126280737705,
            "width": 21.365626525878906
        },
        {
            "height": 26.24824355971897,
            "label": "traffic light",
            "left": 167.94375,
            "top": 95.90163934426229,
            "width": 7.65
        },
        {
            "height": 54.323185011709604,
            "label": "traffic light",
            "left": 232.378125,
            "top": 26.936763575819672,
            "width": 34.171875
        },
        {
            "height": 24.224824355971897,
            "label": "traffic light",
            "left": 205.734375,
            "top": 102.21075453747072,
            "width": 9.412499237060548
        },
        {
            "height": 16.637002341920375,
            "label": "person",
            "left": 283.3875,
            "top": 166.77748097189695,
            "width": 10.790625
        },
        {
            "height": 14.24824355971897,
            "label": "traffic light",
            "left": 82.96875,
            "top": 133.33488546545667,
            "width": 5.671875
        },
        {
            "height": 21.498829039812648,
            "label": "traffic light",
            "left": 39.309375,
            "top": 131.7470725995316,
            "width": 7.4437507629394535
        },
        {
            "height": 47.002341920374704,
            "label": "backpack",
            "left": 3.8062503814697264,
            "top": 197.19906323185012,
            "width": 18.4875
        },
        {
            "height": 13.826697892271662,
            "label": "traffic light",
            "left": 523.18125,
            "top": 149.49414519906324,
            "width": 12.346875
        },
        {
            "height": 20.388758782201407,
            "label": "backpack",
            "left": 541.996875,
            "top": 213.3724019320843,
            "width": 15.5625
        },
        {
            "height": 164.05152224824357,
            "label": "person",
            "left": 281.3249755859375,
            "top": 180.2950636709602,
            "width": 18.4125
        }
    ]
}