{
    "image_id": 111951,
    "seq": [
        {
            "height": 123.4124984741211,
            "label": "toilet",
            "left": 421.0406188964844,
            "top": 275.015625,
            "width": 178.95938110351562
        },
        {
            "height": 63.740623474121094,
            "label": "sink",
            "left": 37.406253814697266,
            "top": 219.18751525878906,
            "width": 111.68437957763672
        },
        {
            "height": 39.39375305175781,
            "label": "sink",
            "left": 206.8312530517578,
            "top": 182.6531219482422,
            "width": 66.25312042236328
        },
        {
            "height": 52.228126525878906,
            "label": "vase",
            "left": 139.1062469482422,
            "top": 203.8781280517578,
            "width": 42.093753814697266
        }
    ]
}