{
    "image_id": 112298,
    "seq": [
        {
            "height": 58.76250076293945,
            "label": "bottle",
            "left": 248.81248474121094,
            "top": 138.59999084472656,
            "width": 18.056249618530273
        },
        {
            "height": 69.76874542236328,
            "label": "bottle",
            "left": 225.4875030517578,
            "top": 125.44686889648438,
            "width": 14.728124618530273
        },
        {
            "height": 25.725000381469727,
            "label": "bottle",
            "left": 287.015625,
            "top": 151.02186584472656,
            "width": 20.587499618530273
        },
        {
            "height": 72.7874984741211,
            "label": "bottle",
            "left": 308.484375,
            "top": 123.34687805175781,
            "width": 40.28437423706055
        },
        {
            "height": 247.453125,
            "label": "person",
            "left": 120.50624084472656,
            "top": 202.546875,
            "width": 178.81875610351562
        },
        {
            "height": 125.39999389648438,
            "label": "tennis racket",
            "left": 54.609375,
            "top": 64.71562194824219,
            "width": 174.9375
        },
        {
            "height": 42.11249542236328,
            "label": "bottle",
            "left": 299.8968811035156,
            "top": 153.3468780517578,
            "width": 16.99687385559082
        },
        {
            "height": 68.0625,
            "label": "bottle",
            "left": 355.9781188964844,
            "top": 129.02813720703125,
            "width": 32.30624771118164
        },
        {
            "height": 62.240623474121094,
            "label": "bottle",
            "left": 340.3968505859375,
            "top": 132.99374389648438,
            "width": 17.4375
        }
    ]
}