{
    "image_id": 112298,
    "seq": [
        {
            "height": 78.35,
            "label": "bottle",
            "left": 248.34375,
            "top": 184.175,
            "width": 18.05625
        },
        {
            "height": 93.025,
            "label": "bottle",
            "left": 225.01875,
            "top": 166.63748372395833,
            "width": 14.728125
        },
        {
            "height": 34.3,
            "label": "bottle",
            "left": 286.546875,
            "top": 200.7375,
            "width": 20.587498474121094
        },
        {
            "height": 97.05,
            "label": "bottle",
            "left": 308.0156494140625,
            "top": 163.83753255208333,
            "width": 40.284375
        },
        {
            "height": 329.9375,
            "label": "person",
            "left": 120.03748779296875,
            "top": 269.43748372395834,
            "width": 178.8187744140625
        },
        {
            "height": 167.2,
            "label": "tennis racket",
            "left": 54.140631103515624,
            "top": 85.66250813802084,
            "width": 174.9375
        },
        {
            "height": 56.14999593098958,
            "label": "bottle",
            "left": 299.4281005859375,
            "top": 203.83753255208333,
            "width": 16.996873474121095
        },
        {
            "height": 90.75,
            "label": "bottle",
            "left": 355.5093994140625,
            "top": 171.41248372395833,
            "width": 32.30625
        },
        {
            "height": 82.9875,
            "label": "bottle",
            "left": 339.9281494140625,
            "top": 176.69998372395833,
            "width": 17.4375
        }
    ]
}