{
    "image_id": 112378,
    "seq": [
        {
            "height": 51.46249593098958,
            "label": "chair",
            "left": 123.09375,
            "top": 180.875,
            "width": 80.653125
        },
        {
            "height": 86.075,
            "label": "banana",
            "left": 218.68125,
            "top": 428.7999674479167,
            "width": 85.64063110351563
        },
        {
            "height": 28.25,
            "label": "banana",
            "left": 296.19375,
            "top": 412.1,
            "width": 41.15625
        },
        {
            "height": 48.4,
            "label": "banana",
            "left": 309.9375,
            "top": 455.65,
            "width": 58.5375
        },
        {
            "height": 50.9875,
            "label": "banana",
            "left": 196.84686279296875,
            "top": 402.52503255208336,
            "width": 76.13438110351562
        },
        {
            "height": 38.7,
            "label": "banana",
            "left": 201.59998779296876,
            "top": 494.0624674479167,
            "width": 48.3
        },
        {
            "height": 264.9375,
            "label": "dining table",
            "left": 17.062496948242188,
            "top": 317.3,
            "width": 440.653076171875
        },
        {
            "height": 123.875,
            "label": "bench",
            "left": 0.0,
            "top": 475.5000325520833,
            "width": 89.015625
        },
        {
            "height": 29.4625,
            "label": "banana",
            "left": 298.7625244140625,
            "top": 430.2499674479167,
            "width": 36.159375
        }
    ]
}