{
    "image_id": 112378,
    "seq": [
        {
            "height": 38.59687042236328,
            "label": "chair",
            "left": 123.5625,
            "top": 136.125,
            "width": 80.65312194824219
        },
        {
            "height": 64.5562515258789,
            "label": "banana",
            "left": 219.14999389648438,
            "top": 322.0687561035156,
            "width": 85.640625
        },
        {
            "height": 21.1875,
            "label": "banana",
            "left": 296.6625061035156,
            "top": 309.5437316894531,
            "width": 41.156253814697266
        },
        {
            "height": 36.30000305175781,
            "label": "banana",
            "left": 310.40625,
            "top": 342.20623779296875,
            "width": 58.537498474121094
        },
        {
            "height": 38.240623474121094,
            "label": "banana",
            "left": 197.3156280517578,
            "top": 302.36248779296875,
            "width": 76.1343765258789
        },
        {
            "height": 29.024999618530273,
            "label": "banana",
            "left": 202.06874084472656,
            "top": 371.015625,
            "width": 48.29999923706055
        },
        {
            "height": 198.703125,
            "label": "dining table",
            "left": 17.531251907348633,
            "top": 238.44375610351562,
            "width": 440.6531066894531
        },
        {
            "height": 92.90625,
            "label": "bench",
            "left": 0.0,
            "top": 357.09375,
            "width": 89.015625
        },
        {
            "height": 22.096874237060547,
            "label": "banana",
            "left": 299.2312316894531,
            "top": 323.15625,
            "width": 36.15937423706055
        }
    ]
}