{
    "image_id": 112798,
    "seq": [
        {
            "height": 151.60313415527344,
            "label": "cat",
            "left": 62.38125228881836,
            "top": 130.20001220703125,
            "width": 414.8999938964844
        },
        {
            "height": 169.4250030517578,
            "label": "laptop",
            "left": 0.0,
            "top": 43.875,
            "width": 90.4124984741211
        },
        {
            "height": 50.31562042236328,
            "label": "book",
            "left": 313.453125,
            "top": 89.8499984741211,
            "width": 34.303123474121094
        },
        {
            "height": 60.07500076293945,
            "label": "book",
            "left": 584.6062622070312,
            "top": 121.2562484741211,
            "width": 15.393749237060547
        }
    ]
}