{
    "image_id": 112798,
    "seq": [
        {
            "height": 270.267452994429,
            "label": "cat",
            "left": 61.9125,
            "top": 231.2757224930362,
            "width": 414.9
        },
        {
            "height": 302.03899721448465,
            "label": "laptop",
            "left": 0.0,
            "top": 77.38159383704735,
            "width": 90.4125
        },
        {
            "height": 89.69915890494428,
            "label": "book",
            "left": 312.984375,
            "top": 159.34257486072423,
            "width": 34.303125
        },
        {
            "height": 107.0974930362117,
            "label": "book",
            "left": 584.137451171875,
            "top": 215.33147632311977,
            "width": 15.39375
        }
    ]
}