{
    "image_id": 113235,
    "seq": [
        {
            "height": 57.9375,
            "label": "horse",
            "left": 67.959375,
            "top": 267.2624837239583,
            "width": 57.028125
        },
        {
            "height": 136.9125,
            "label": "person",
            "left": 0.0,
            "top": 455.875,
            "width": 171.14063720703126
        },
        {
            "height": 145.4125,
            "label": "carrot",
            "left": 110.709375,
            "top": 432.7875,
            "width": 254.11875
        },
        {
            "height": 13.4375,
            "label": "car",
            "left": 57.121881103515626,
            "top": 249.3375,
            "width": 26.709375
        }
    ]
}