{
    "image_id": 113235,
    "seq": [
        {
            "height": 43.453121185302734,
            "label": "horse",
            "left": 68.4281234741211,
            "top": 200.91561889648438,
            "width": 57.02812576293945
        },
        {
            "height": 102.68437194824219,
            "label": "person",
            "left": 0.0,
            "top": 342.375,
            "width": 171.14064025878906
        },
        {
            "height": 109.05937957763672,
            "label": "carrot",
            "left": 111.17811584472656,
            "top": 325.05938720703125,
            "width": 254.11874389648438
        },
        {
            "height": 10.078125,
            "label": "car",
            "left": 57.59062576293945,
            "top": 187.4718780517578,
            "width": 26.709375381469727
        }
    ]
}