{
    "image_id": 113354,
    "seq": [
        {
            "height": 181.97811889648438,
            "label": "zebra",
            "left": 244.67811584472656,
            "top": 148.95001220703125,
            "width": 132.6750030517578
        },
        {
            "height": 133.79063415527344,
            "label": "zebra",
            "left": 343.5843505859375,
            "top": 163.67811584472656,
            "width": 108.44062042236328
        },
        {
            "height": 164.8312530517578,
            "label": "zebra",
            "left": 3.0374999046325684,
            "top": 141.8249969482422,
            "width": 248.75625610351562
        }
    ]
}