{
    "image_id": 113354,
    "seq": [
        {
            "height": 242.63748372395833,
            "label": "zebra",
            "left": 244.209375,
            "top": 197.97498372395833,
            "width": 132.675
        },
        {
            "height": 178.38751627604168,
            "label": "zebra",
            "left": 343.115625,
            "top": 217.61251627604167,
            "width": 108.440625
        },
        {
            "height": 219.77501627604167,
            "label": "zebra",
            "left": 2.5687515258789064,
            "top": 188.475,
            "width": 248.75625
        }
    ]
}