{
    "image_id": 113403,
    "seq": [
        {
            "height": 221.38125610351562,
            "label": "teddy bear",
            "left": 232.78125,
            "top": 90.92811584472656,
            "width": 192.88125610351562
        },
        {
            "height": 202.3781280517578,
            "label": "teddy bear",
            "left": 44.65312576293945,
            "top": 92.16561889648438,
            "width": 228.03750610351562
        },
        {
            "height": 173.9343719482422,
            "label": "teddy bear",
            "left": 396.68438720703125,
            "top": 145.85626220703125,
            "width": 133.04061889648438
        },
        {
            "height": 414.02813720703125,
            "label": "bed",
            "left": 0.0,
            "top": 0.0,
            "width": 598.5281372070312
        }
    ]
}