{
    "image_id": 113403,
    "seq": [
        {
            "height": 314.1552106430155,
            "label": "teddy bear",
            "left": 232.3125,
            "top": 128.3680536308204,
            "width": 192.8812744140625
        },
        {
            "height": 287.18847006651885,
            "label": "teddy bear",
            "left": 44.18436889648437,
            "top": 130.12415119179602,
            "width": 228.0375244140625
        },
        {
            "height": 246.82483370288247,
            "label": "teddy bear",
            "left": 396.2156005859375,
            "top": 206.31487319844788,
            "width": 133.040625
        },
        {
            "height": 587.5343680709534,
            "label": "bed",
            "left": 0.0,
            "top": 0.0,
            "width": 598.528125
        }
    ]
}