{
    "image_id": 113589,
    "seq": [
        {
            "height": 368.0875,
            "label": "banana",
            "left": 345.375,
            "top": 84.32501627604167,
            "width": 250.78125
        },
        {
            "height": 86.75,
            "label": "apple",
            "left": 366.35625,
            "top": 258.92498372395835,
            "width": 125.990625
        },
        {
            "height": 234.59998372395833,
            "label": "apple",
            "left": 352.5093505859375,
            "top": 329.95,
            "width": 156.75
        },
        {
            "height": 148.3125,
            "label": "pizza",
            "left": 115.81875,
            "top": 99.14998372395833,
            "width": 190.11561279296876
        },
        {
            "height": 151.0125,
            "label": "pizza",
            "left": 76.38749389648437,
            "top": 159.825,
            "width": 200.22188720703124
        },
        {
            "height": 337.5,
            "label": "bowl",
            "left": 342.890625,
            "top": 236.1,
            "width": 189.84375
        },
        {
            "height": 161.075,
            "label": "sandwich",
            "left": 80.44688110351562,
            "top": 155.53746744791667,
            "width": 201.721875
        }
    ]
}