{
    "image_id": 113589,
    "seq": [
        {
            "height": 276.0656433105469,
            "label": "banana",
            "left": 345.84375,
            "top": 63.712501525878906,
            "width": 250.78125
        },
        {
            "height": 65.0625,
            "label": "apple",
            "left": 366.8249816894531,
            "top": 194.66250610351562,
            "width": 125.9906234741211
        },
        {
            "height": 175.9499969482422,
            "label": "apple",
            "left": 352.9781494140625,
            "top": 247.93124389648438,
            "width": 156.75
        },
        {
            "height": 111.234375,
            "label": "pizza",
            "left": 116.28750610351562,
            "top": 74.83124542236328,
            "width": 190.11561584472656
        },
        {
            "height": 113.25936889648438,
            "label": "pizza",
            "left": 76.85624694824219,
            "top": 120.3375015258789,
            "width": 200.2218780517578
        },
        {
            "height": 253.125,
            "label": "bowl",
            "left": 343.359375,
            "top": 177.5437469482422,
            "width": 189.84375
        },
        {
            "height": 120.80624389648438,
            "label": "sandwich",
            "left": 80.91561889648438,
            "top": 117.12187194824219,
            "width": 201.7218780517578
        }
    ]
}