{
    "image_id": 113720,
    "seq": [
        {
            "height": 93.0,
            "label": "bottle",
            "left": 77.04375457763672,
            "top": 109.20000457763672,
            "width": 33.67499923706055
        },
        {
            "height": 47.44687271118164,
            "label": "chair",
            "left": 547.6968994140625,
            "top": 198.2156219482422,
            "width": 17.503124237060547
        },
        {
            "height": 282.703125,
            "label": "dining table",
            "left": 0.9000000357627869,
            "top": 112.03125,
            "width": 569.8875122070312
        },
        {
            "height": 186.33749389648438,
            "label": "person",
            "left": 179.44688415527344,
            "top": 52.125,
            "width": 199.16249084472656
        },
        {
            "height": 281.27813720703125,
            "label": "person",
            "left": 342.58123779296875,
            "top": 17.803123474121094,
            "width": 211.8562469482422
        },
        {
            "height": 277.8656311035156,
            "label": "person",
            "left": 0.890625,
            "top": 0.08437500149011612,
            "width": 110.79374694824219
        },
        {
            "height": 115.1343765258789,
            "label": "cup",
            "left": 181.95001220703125,
            "top": 189.31875610351562,
            "width": 59.65312576293945
        },
        {
            "height": 66.7593765258789,
            "label": "cup",
            "left": 262.4624938964844,
            "top": 200.90625,
            "width": 42.00937271118164
        },
        {
            "height": 76.6875,
            "label": "fork",
            "left": 62.953125,
            "top": 322.6875305175781,
            "width": 148.23748779296875
        },
        {
            "height": 40.11562728881836,
            "label": "fork",
            "left": 198.65623474121094,
            "top": 76.37812805175781,
            "width": 46.28437423706055
        },
        {
            "height": 65.71875,
            "label": "knife",
            "left": 0.0,
            "top": 320.0906066894531,
            "width": 110.296875
        },
        {
            "height": 103.875,
            "label": "pizza",
            "left": 256.99688720703125,
            "top": 256.0968933105469,
            "width": 262.3687438964844
        },
        {
            "height": 50.13750076293945,
            "label": "pizza",
            "left": 58.20937728881836,
            "top": 202.3781280517578,
            "width": 125.36249542236328
        },
        {
            "height": 68.27812194824219,
            "label": "person",
            "left": 490.8000183105469,
            "top": 101.484375,
            "width": 49.36874771118164
        },
        {
            "height": 98.28749084472656,
            "label": "person",
            "left": 535.9031372070312,
            "top": 108.91874694824219,
            "width": 64.09687805175781
        },
        {
            "height": 46.01250076293945,
            "label": "cup",
            "left": 137.9250030517578,
            "top": 159.17813110351562,
            "width": 26.60624885559082
        },
        {
            "height": 9.796875,
            "label": "fork",
            "left": 372.4593811035156,
            "top": 261.0375061035156,
            "width": 89.17500305175781
        },
        {
            "height": 24.478126525878906,
            "label": "knife",
            "left": 302.8687438964844,
            "top": 230.54061889648438,
            "width": 16.396875381469727
        },
        {
            "height": 54.337501525878906,
            "label": "pizza",
            "left": 91.921875,
            "top": 304.5562438964844,
            "width": 116.31562042236328
        },
        {
            "height": 31.462501525878906,
            "label": "pizza",
            "left": 307.3312683105469,
            "top": 237.1687469482422,
            "width": 76.6875
        },
        {
            "height": 52.640628814697266,
            "label": "dining table",
            "left": 554.2218627929688,
            "top": 215.6062469482422,
            "width": 45.77812957763672
        }
    ]
}