{
    "image_id": 113720,
    "seq": [
        {
            "height": 139.71830985915494,
            "label": "bottle",
            "left": 76.575,
            "top": 163.35211267605635,
            "width": 33.67499694824219
        },
        {
            "height": 71.28169014084507,
            "label": "chair",
            "left": 547.228076171875,
            "top": 297.08448870305165,
            "width": 17.503125
        },
        {
            "height": 424.71830985915494,
            "label": "dining table",
            "left": 0.4312276840209961,
            "top": 167.605615463615,
            "width": 569.8875
        },
        {
            "height": 279.943661971831,
            "label": "person",
            "left": 178.97813720703124,
            "top": 77.6056338028169,
            "width": 199.1625
        },
        {
            "height": 422.5774647887324,
            "label": "person",
            "left": 342.1125244140625,
            "top": 26.042248936326292,
            "width": 211.85625
        },
        {
            "height": 417.45074090375584,
            "label": "person",
            "left": 0.4218757152557373,
            "top": 0.0,
            "width": 110.79375
        },
        {
            "height": 172.9718309859155,
            "label": "cup",
            "left": 181.48126220703125,
            "top": 283.7183281983568,
            "width": 59.653125
        },
        {
            "height": 100.29577464788733,
            "label": "cup",
            "left": 261.99375,
            "top": 301.1267605633803,
            "width": 42.00937194824219
        },
        {
            "height": 115.21126760563381,
            "label": "fork",
            "left": 62.48439331054688,
            "top": 484.084433685446,
            "width": 148.2375
        },
        {
            "height": 60.267605633802816,
            "label": "fork",
            "left": 198.18751220703126,
            "top": 114.04224435152582,
            "width": 46.284375
        },
        {
            "height": 98.73239436619718,
            "label": "knife",
            "left": 0.0,
            "top": 480.18306191314554,
            "width": 110.296875
        },
        {
            "height": 156.05633802816902,
            "label": "pizza",
            "left": 256.528125,
            "top": 384.0422901995305,
            "width": 262.3687255859375
        },
        {
            "height": 75.32394366197182,
            "label": "pizza",
            "left": 57.74061889648438,
            "top": 303.3380281690141,
            "width": 125.3625
        },
        {
            "height": 102.5774647887324,
            "label": "person",
            "left": 490.331201171875,
            "top": 151.76058171948358,
            "width": 49.36874694824219
        },
        {
            "height": 147.661962661385,
            "label": "person",
            "left": 535.434375,
            "top": 162.92955912558685,
            "width": 64.096875
        },
        {
            "height": 69.12676514818075,
            "label": "cup",
            "left": 137.45625,
            "top": 238.4365830399061,
            "width": 26.606246948242188
        },
        {
            "height": 14.71830985915493,
            "label": "fork",
            "left": 371.990625,
            "top": 391.46478873239437,
            "width": 89.175
        },
        {
            "height": 36.774647887323944,
            "label": "knife",
            "left": 302.4,
            "top": 345.6478506455399,
            "width": 16.396875
        },
        {
            "height": 81.63380281690141,
            "label": "pizza",
            "left": 91.45313720703125,
            "top": 456.84510710093895,
            "width": 116.31561279296875
        },
        {
            "height": 47.267605633802816,
            "label": "pizza",
            "left": 306.8624755859375,
            "top": 355.6056338028169,
            "width": 76.6875
        },
        {
            "height": 79.08450704225352,
            "label": "dining table",
            "left": 553.753173828125,
            "top": 323.21123092723,
            "width": 45.77812805175781
        }
    ]
}