{
    "image_id": 114049,
    "seq": [
        {
            "height": 235.078125,
            "label": "person",
            "left": 140.6531219482422,
            "top": 79.3125,
            "width": 171.03749084472656
        },
        {
            "height": 254.54063415527344,
            "label": "person",
            "left": 51.96562576293945,
            "top": 151.078125,
            "width": 80.2874984741211
        },
        {
            "height": 83.4281234741211,
            "label": "person",
            "left": 270.0656433105469,
            "top": 140.91561889648438,
            "width": 39.478126525878906
        },
        {
            "height": 107.15625,
            "label": "backpack",
            "left": 135.57188415527344,
            "top": 118.92186737060547,
            "width": 107.15625
        },
        {
            "height": 226.32188415527344,
            "label": "suitcase",
            "left": 170.015625,
            "top": 373.10626220703125,
            "width": 95.90625762939453
        },
        {
            "height": 246.97500610351562,
            "label": "suitcase",
            "left": 133.06875610351562,
            "top": 325.10626220703125,
            "width": 129.2062530517578
        },
        {
            "height": 268.0687561035156,
            "label": "suitcase",
            "left": 121.62187194824219,
            "top": 307.9499816894531,
            "width": 112.6968765258789
        },
        {
            "height": 135.7218780517578,
            "label": "suitcase",
            "left": 102.84374237060547,
            "top": 270.328125,
            "width": 49.724998474121094
        },
        {
            "height": 105.7125015258789,
            "label": "suitcase",
            "left": 117.8531265258789,
            "top": 203.70001220703125,
            "width": 58.078125
        },
        {
            "height": 149.9718780517578,
            "label": "chair",
            "left": 264.3374938964844,
            "top": 352.453125,
            "width": 42.740623474121094
        },
        {
            "height": 230.109375,
            "label": "chair",
            "left": 51.506248474121094,
            "top": 254.10000610351562,
            "width": 51.984375
        },
        {
            "height": 9.75,
            "label": "cell phone",
            "left": 280.8562316894531,
            "top": 183.328125,
            "width": 6.768750190734863
        },
        {
            "height": 121.97811889648438,
            "label": "person",
            "left": 74.203125,
            "top": 13.350000381469727,
            "width": 110.0718765258789
        },
        {
            "height": 55.359371185302734,
            "label": "person",
            "left": 267.6843566894531,
            "top": 0.0,
            "width": 28.912500381469727
        },
        {
            "height": 76.4906234741211,
            "label": "person",
            "left": 330.3374938964844,
            "top": 147.53436279296875,
            "width": 15.984374046325684
        },
        {
            "height": 102.16875457763672,
            "label": "chair",
            "left": 0.0,
            "top": 365.64373779296875,
            "width": 42.703125
        }
    ]
}