{
    "image_id": 114049,
    "seq": [
        {
            "height": 235.078125,
            "label": "person",
            "left": 211.10119485294118,
            "top": 78.84375,
            "width": 257.56235294117647
        },
        {
            "height": 254.540625,
            "label": "person",
            "left": 77.54822610294117,
            "top": 150.609375,
            "width": 120.90352941176471
        },
        {
            "height": 83.42813110351562,
            "label": "person",
            "left": 405.98117647058825,
            "top": 140.446875,
            "width": 59.449411764705886
        },
        {
            "height": 107.15625,
            "label": "backpack",
            "left": 203.44939338235295,
            "top": 118.453125,
            "width": 161.36470588235295
        },
        {
            "height": 226.321875,
            "label": "suitcase",
            "left": 255.31764705882352,
            "top": 372.6375,
            "width": 144.42352941176472
        },
        {
            "height": 246.975,
            "label": "suitcase",
            "left": 199.68,
            "top": 324.6375,
            "width": 194.56943014705882
        },
        {
            "height": 268.06875,
            "label": "suitcase",
            "left": 182.44237132352941,
            "top": 307.48125,
            "width": 169.70823529411766
        },
        {
            "height": 135.721875,
            "label": "suitcase",
            "left": 154.1647150735294,
            "top": 269.8593505859375,
            "width": 74.88
        },
        {
            "height": 105.7125,
            "label": "suitcase",
            "left": 176.76705882352942,
            "top": 203.23125,
            "width": 87.45882352941176
        },
        {
            "height": 149.971875,
            "label": "chair",
            "left": 397.3553308823529,
            "top": 351.9843505859375,
            "width": 64.36235294117647
        },
        {
            "height": 230.109375,
            "label": "chair",
            "left": 76.85647518382353,
            "top": 253.63125,
            "width": 78.28235294117647
        },
        {
            "height": 9.75,
            "label": "cell phone",
            "left": 422.230625,
            "top": 182.859375,
            "width": 10.192941176470589
        },
        {
            "height": 121.978125,
            "label": "person",
            "left": 111.0352849264706,
            "top": 12.88125,
            "width": 165.75529411764705
        },
        {
            "height": 55.359368896484376,
            "label": "person",
            "left": 402.39533088235294,
            "top": 0.0,
            "width": 43.538823529411765
        },
        {
            "height": 76.49061889648438,
            "label": "person",
            "left": 496.7435661764706,
            "top": 147.065625,
            "width": 24.070588235294117
        },
        {
            "height": 102.16876220703125,
            "label": "chair",
            "left": 0.0,
            "top": 365.1750244140625,
            "width": 64.30588235294118
        }
    ]
}