{
    "image_id": 114770,
    "seq": [
        {
            "height": 182.8125,
            "label": "car",
            "left": 138.9375,
            "top": 130.67813110351562,
            "width": 361.5656433105469
        },
        {
            "height": 147.9187469482422,
            "label": "motorcycle",
            "left": 111.5718765258789,
            "top": 222.85311889648438,
            "width": 305.11871337890625
        },
        {
            "height": 164.70938110351562,
            "label": "airplane",
            "left": 281.8781433105469,
            "top": 0.703125,
            "width": 318.1218566894531
        }
    ]
}