{
    "image_id": 114770,
    "seq": [
        {
            "height": 290.3225806451613,
            "label": "car",
            "left": 138.46876220703126,
            "top": 206.78413849255583,
            "width": 361.5656494140625
        },
        {
            "height": 234.90818858560795,
            "label": "motorcycle",
            "left": 111.103125,
            "top": 353.1662143300248,
            "width": 305.118701171875
        },
        {
            "height": 261.5732009925558,
            "label": "airplane",
            "left": 281.4093505859375,
            "top": 0.3721857189244727,
            "width": 318.1218505859375
        }
    ]
}