{
    "image_id": 114884,
    "seq": [
        {
            "height": 106.32218844984803,
            "label": "bus",
            "left": 259.859984375,
            "top": 132.25533102203647,
            "width": 63.61199609375
        },
        {
            "height": 183.37386018237083,
            "label": "bus",
            "left": 1.1759967041015624,
            "top": 92.11548371010639,
            "width": 144.612
        },
        {
            "height": 119.67173252279635,
            "label": "bus",
            "left": 213.828,
            "top": 124.37689969604864,
            "width": 55.5
        },
        {
            "height": 81.08206686930092,
            "label": "bus",
            "left": 309.19203125,
            "top": 140.790273556231,
            "width": 46.968
        },
        {
            "height": 153.1550270706687,
            "label": "bus",
            "left": 103.8479921875,
            "top": 110.9726681231003,
            "width": 118.656
        },
        {
            "height": 34.83282674772037,
            "label": "backpack",
            "left": 231.864,
            "top": 206.64435315349544,
            "width": 15.54
        },
        {
            "height": 36.40121283719605,
            "label": "suitcase",
            "left": 409.30803125,
            "top": 251.6534716945289,
            "width": 27.264
        },
        {
            "height": 40.41337386018237,
            "label": "suitcase",
            "left": 417.216,
            "top": 232.55927051671733,
            "width": 25.812
        },
        {
            "height": 36.20060790273556,
            "label": "suitcase",
            "left": 237.071984375,
            "top": 244.19452887537994,
            "width": 15.888
        },
        {
            "height": 46.23100303951368,
            "label": "suitcase",
            "left": 88.2479921875,
            "top": 256.8328267477204,
            "width": 31.284
        },
        {
            "height": 57.702127659574465,
            "label": "suitcase",
            "left": 47.83199609375,
            "top": 252.4012158054711,
            "width": 25.476
        },
        {
            "height": 436.8510638297872,
            "label": "person",
            "left": 382.66796875,
            "top": 155.48936170212767,
            "width": 201.396
        },
        {
            "height": 86.13373860182371,
            "label": "person",
            "left": 444.612,
            "top": 190.01215805471125,
            "width": 23.712
        },
        {
            "height": 70.43161094224924,
            "label": "person",
            "left": 403.15203125,
            "top": 183.30091185410333,
            "width": 19.308
        },
        {
            "height": 108.03647416413374,
            "label": "person",
            "left": 390.276,
            "top": 186.9483282674772,
            "width": 27.72
        },
        {
            "height": 112.74164133738601,
            "label": "person",
            "left": 565.548,
            "top": 185.79940397036475,
            "width": 25.608
        },
        {
            "height": 97.07598784194529,
            "label": "person",
            "left": 218.772,
            "top": 193.60482760258358,
            "width": 23.28
        },
        {
            "height": 85.3677811550152,
            "label": "person",
            "left": 190.200015625,
            "top": 195.59269329407294,
            "width": 17.904
        },
        {
            "height": 110.77203647416414,
            "label": "person",
            "left": 354.228,
            "top": 178.77811550151975,
            "width": 28.86
        },
        {
            "height": 118.8145896656535,
            "label": "person",
            "left": 59.90400390625,
            "top": 189.77509973404256,
            "width": 22.836
        },
        {
            "height": 87.39209132788754,
            "label": "person",
            "left": 126.9,
            "top": 216.62003704407294,
            "width": 33.828
        },
        {
            "height": 121.34954407294833,
            "label": "person",
            "left": 12.708,
            "top": 185.1610823518237,
            "width": 20.4
        },
        {
            "height": 106.75987841945289,
            "label": "person",
            "left": 33.348,
            "top": 197.98173917173253,
            "width": 18.924001953125
        },
        {
            "height": 44.88145896656535,
            "label": "bus",
            "left": 346.98003125,
            "top": 150.8936288943769,
            "width": 33.264
        },
        {
            "height": 29.142857142857142,
            "label": "handbag",
            "left": 445.88396875,
            "top": 206.0790036094225,
            "width": 20.724
        },
        {
            "height": 33.33738601823708,
            "label": "handbag",
            "left": 394.572,
            "top": 252.20063164893617,
            "width": 25.692
        },
        {
            "height": 37.86018237082067,
            "label": "suitcase",
            "left": 209.100015625,
            "top": 250.30397511398175,
            "width": 27.504
        },
        {
            "height": 30.492401215805472,
            "label": "suitcase",
            "left": 136.644,
            "top": 272.1884023556231,
            "width": 28.164
        },
        {
            "height": 82.75987841945289,
            "label": "handbag",
            "left": 555.48,
            "top": 429.77512348024317,
            "width": 36.48
        },
        {
            "height": 37.40425531914894,
            "label": "suitcase",
            "left": 378.816,
            "top": 245.32522796352583,
            "width": 17.436
        },
        {
            "height": 31.130699088145896,
            "label": "suitcase",
            "left": 459.276,
            "top": 237.61096599544072,
            "width": 17.736
        },
        {
            "height": 28.285714285714285,
            "label": "person",
            "left": 443.88,
            "top": 158.62609232522797,
            "width": 8.13600048828125
        },
        {
            "height": 21.319147452032674,
            "label": "backpack",
            "left": 201.66,
            "top": 218.64435315349544,
            "width": 9.096
        }
    ]
}