{
    "image_id": 114884,
    "seq": [
        {
            "height": 69.95999908447266,
            "label": "bus",
            "left": 260.4599914550781,
            "top": 87.62399291992188,
            "width": 63.61199951171875
        },
        {
            "height": 120.66000366210938,
            "label": "bus",
            "left": 1.7760000228881836,
            "top": 61.211997985839844,
            "width": 144.61199951171875
        },
        {
            "height": 78.74400329589844,
            "label": "bus",
            "left": 214.42800903320312,
            "top": 82.44000244140625,
            "width": 55.5
        },
        {
            "height": 53.35199737548828,
            "label": "bus",
            "left": 309.7919921875,
            "top": 93.23999786376953,
            "width": 46.96800231933594
        },
        {
            "height": 100.7760009765625,
            "label": "bus",
            "left": 104.447998046875,
            "top": 73.62000274658203,
            "width": 118.65599822998047
        },
        {
            "height": 22.920001983642578,
            "label": "backpack",
            "left": 232.46400451660156,
            "top": 136.57199096679688,
            "width": 15.539999008178711
        },
        {
            "height": 23.95199966430664,
            "label": "suitcase",
            "left": 409.9079895019531,
            "top": 166.18800354003906,
            "width": 27.263999938964844
        },
        {
            "height": 26.591999053955078,
            "label": "suitcase",
            "left": 417.8160095214844,
            "top": 153.62400817871094,
            "width": 25.81199836730957
        },
        {
            "height": 23.82000160217285,
            "label": "suitcase",
            "left": 237.67198181152344,
            "top": 161.27999877929688,
            "width": 15.88800048828125
        },
        {
            "height": 30.420000076293945,
            "label": "suitcase",
            "left": 88.84800720214844,
            "top": 169.59600830078125,
            "width": 31.284000396728516
        },
        {
            "height": 37.96800231933594,
            "label": "suitcase",
            "left": 48.43199920654297,
            "top": 166.67999267578125,
            "width": 25.47599983215332
        },
        {
            "height": 287.447998046875,
            "label": "person",
            "left": 383.2680358886719,
            "top": 102.91200256347656,
            "width": 201.39601135253906
        },
        {
            "height": 56.67599868774414,
            "label": "person",
            "left": 445.2120056152344,
            "top": 125.62799835205078,
            "width": 23.711999893188477
        },
        {
            "height": 46.343997955322266,
            "label": "person",
            "left": 403.7519836425781,
            "top": 121.21200561523438,
            "width": 19.308000564575195
        },
        {
            "height": 71.08800506591797,
            "label": "person",
            "left": 390.87603759765625,
            "top": 123.61199951171875,
            "width": 27.719999313354492
        },
        {
            "height": 74.18399810791016,
            "label": "person",
            "left": 566.1480102539062,
            "top": 122.85600280761719,
            "width": 25.607999801635742
        },
        {
            "height": 63.875999450683594,
            "label": "person",
            "left": 219.3719940185547,
            "top": 127.99200439453125,
            "width": 23.279998779296875
        },
        {
            "height": 56.172000885009766,
            "label": "person",
            "left": 190.79998779296875,
            "top": 129.3000030517578,
            "width": 17.90399932861328
        },
        {
            "height": 72.88800048828125,
            "label": "person",
            "left": 354.8280029296875,
            "top": 118.23600006103516,
            "width": 28.85999870300293
        },
        {
            "height": 78.18000030517578,
            "label": "person",
            "left": 60.503997802734375,
            "top": 125.47199249267578,
            "width": 22.836000442504883
        },
        {
            "height": 57.50400161743164,
            "label": "person",
            "left": 127.5,
            "top": 143.13600158691406,
            "width": 33.827999114990234
        },
        {
            "height": 79.84800720214844,
            "label": "person",
            "left": 13.308000564575195,
            "top": 122.43600463867188,
            "width": 20.400001525878906
        },
        {
            "height": 70.24800109863281,
            "label": "person",
            "left": 33.948001861572266,
            "top": 130.8719940185547,
            "width": 18.924001693725586
        },
        {
            "height": 29.531999588012695,
            "label": "bus",
            "left": 347.5799865722656,
            "top": 99.88799285888672,
            "width": 33.263999938964844
        },
        {
            "height": 19.17599868774414,
            "label": "handbag",
            "left": 446.4840087890625,
            "top": 136.1999969482422,
            "width": 20.724000930786133
        },
        {
            "height": 21.93600082397461,
            "label": "handbag",
            "left": 395.1719970703125,
            "top": 166.54798889160156,
            "width": 25.691999435424805
        },
        {
            "height": 24.911998748779297,
            "label": "suitcase",
            "left": 209.6999969482422,
            "top": 165.3000030517578,
            "width": 27.503999710083008
        },
        {
            "height": 20.06399917602539,
            "label": "suitcase",
            "left": 137.24400329589844,
            "top": 179.6999969482422,
            "width": 28.163999557495117
        },
        {
            "height": 54.45600128173828,
            "label": "handbag",
            "left": 556.0800170898438,
            "top": 283.3919982910156,
            "width": 36.47999954223633
        },
        {
            "height": 24.612001419067383,
            "label": "suitcase",
            "left": 379.4159851074219,
            "top": 162.0240020751953,
            "width": 17.435998916625977
        },
        {
            "height": 20.483999252319336,
            "label": "suitcase",
            "left": 459.8760070800781,
            "top": 156.947998046875,
            "width": 17.736000061035156
        },
        {
            "height": 18.61199951171875,
            "label": "person",
            "left": 444.47998046875,
            "top": 104.97599792480469,
            "width": 8.136000633239746
        },
        {
            "height": 14.027998924255371,
            "label": "backpack",
            "left": 202.25999450683594,
            "top": 144.46800231933594,
            "width": 9.095999717712402
        }
    ]
}