{
    "image_id": 114907,
    "seq": [
        {
            "height": 236.9718780517578,
            "label": "cow",
            "left": 180.796875,
            "top": 35.51250076293945,
            "width": 367.8749694824219
        },
        {
            "height": 196.2375030517578,
            "label": "person",
            "left": 295.9593811035156,
            "top": 70.29375457763672,
            "width": 108.71249389648438
        },
        {
            "height": 168.5625,
            "label": "person",
            "left": 39.06562423706055,
            "top": 119.23125457763672,
            "width": 71.0250015258789
        },
        {
            "height": 169.1437530517578,
            "label": "person",
            "left": 0.0,
            "top": 113.39061737060547,
            "width": 71.90625
        },
        {
            "height": 84.8343734741211,
            "label": "person",
            "left": 32.03437423706055,
            "top": 313.6031188964844,
            "width": 82.38750457763672
        },
        {
            "height": 102.96562194824219,
            "label": "person",
            "left": 254.28749084472656,
            "top": 295.4718933105469,
            "width": 92.22187042236328
        },
        {
            "height": 145.0500030517578,
            "label": "person",
            "left": 227.4187469482422,
            "top": 248.01560974121094,
            "width": 164.7468719482422
        },
        {
            "height": 42.67499923706055,
            "label": "person",
            "left": 475.43438720703125,
            "top": 355.359375,
            "width": 67.5093765258789
        },
        {
            "height": 56.18437576293945,
            "label": "person",
            "left": 484.83746337890625,
            "top": 271.9125061035156,
            "width": 39.25312423706055
        },
        {
            "height": 119.08124542236328,
            "label": "person",
            "left": 325.0218505859375,
            "top": 255.17813110351562,
            "width": 77.8968734741211
        },
        {
            "height": 103.7437515258789,
            "label": "person",
            "left": 32.240623474121094,
            "top": 241.95938110351562,
            "width": 117.58124542236328
        },
        {
            "height": 52.115623474121094,
            "label": "person",
            "left": 74.78437042236328,
            "top": 346.3218994140625,
            "width": 76.90312194824219
        },
        {
            "height": 63.056251525878906,
            "label": "person",
            "left": 141.99375915527344,
            "top": 335.3812255859375,
            "width": 57.553123474121094
        },
        {
            "height": 196.76251220703125,
            "label": "truck",
            "left": 0.9843749403953552,
            "top": 0.9843749403953552,
            "width": 181.02188110351562
        },
        {
            "height": 65.08124542236328,
            "label": "person",
            "left": 117.9749984741211,
            "top": 274.3781433105469,
            "width": 64.4906234741211
        }
    ]
}