{
    "image_id": 114907,
    "seq": [
        {
            "height": 356.8517647058824,
            "label": "cow",
            "left": 180.328125,
            "top": 52.771806066176474,
            "width": 367.8749755859375
        },
        {
            "height": 295.51060661764706,
            "label": "person",
            "left": 295.490625,
            "top": 105.14825367647059,
            "width": 108.7125
        },
        {
            "height": 253.83527573529412,
            "label": "person",
            "left": 38.59687805175781,
            "top": 178.84231617647058,
            "width": 71.025
        },
        {
            "height": 254.71058823529413,
            "label": "person",
            "left": 0.0,
            "top": 170.0470955882353,
            "width": 71.90625
        },
        {
            "height": 127.75058823529412,
            "label": "person",
            "left": 31.565628051757812,
            "top": 471.5434926470588,
            "width": 82.38750610351562
        },
        {
            "height": 155.05411764705883,
            "label": "person",
            "left": 253.81875,
            "top": 444.24007352941175,
            "width": 92.22186889648438
        },
        {
            "height": 218.42823529411766,
            "label": "person",
            "left": 226.9499755859375,
            "top": 372.77647058823527,
            "width": 164.746875
        },
        {
            "height": 64.26352941176471,
            "label": "person",
            "left": 474.965625,
            "top": 534.4235661764706,
            "width": 67.509375
        },
        {
            "height": 84.60705882352941,
            "label": "person",
            "left": 484.368701171875,
            "top": 408.76235294117646,
            "width": 39.253125
        },
        {
            "height": 179.32235294117646,
            "label": "person",
            "left": 324.5531005859375,
            "top": 383.56235294117647,
            "width": 77.89686889648438
        },
        {
            "height": 156.22588235294117,
            "label": "person",
            "left": 31.771875,
            "top": 363.6564705882353,
            "width": 117.58125
        },
        {
            "height": 78.48,
            "label": "person",
            "left": 74.31563110351563,
            "top": 520.8141176470589,
            "width": 76.903125
        },
        {
            "height": 94.95529411764706,
            "label": "person",
            "left": 141.52501220703124,
            "top": 504.33882352941174,
            "width": 57.553125
        },
        {
            "height": 296.30117647058825,
            "label": "truck",
            "left": 0.5156278610229492,
            "top": 0.7764613970588236,
            "width": 181.021875
        },
        {
            "height": 98.00470588235294,
            "label": "person",
            "left": 117.50625,
            "top": 412.4752573529412,
            "width": 64.490625
        }
    ]
}