{
    "image_id": 11511,
    "seq": [
        {
            "height": 195.80172413793105,
            "label": "person",
            "left": 84.234375,
            "top": 49.267228751346984,
            "width": 37.228125
        },
        {
            "height": 181.3448275862069,
            "label": "person",
            "left": 130.34063720703125,
            "top": 41.01724558863147,
            "width": 47.23125
        },
        {
            "height": 188.58620689655172,
            "label": "person",
            "left": 32.709375,
            "top": 56.89657698006466,
            "width": 47.08125
        },
        {
            "height": 243.80174097521552,
            "label": "bench",
            "left": 34.88438110351562,
            "top": 292.91379310344826,
            "width": 260.2125
        },
        {
            "height": 110.5603448275862,
            "label": "handbag",
            "left": 268.35,
            "top": 449.6896551724138,
            "width": 104.59686279296875
        },
        {
            "height": 133.93965517241378,
            "label": "handbag",
            "left": 420.300048828125,
            "top": 336.2715853987069,
            "width": 63.346875
        },
        {
            "height": 64.65517241379311,
            "label": "motorcycle",
            "left": 453.103125,
            "top": 64.69397393588362,
            "width": 43.9125
        },
        {
            "height": 69.36206896551724,
            "label": "handbag",
            "left": 22.040625,
            "top": 122.78015557650862,
            "width": 23.324998474121095
        },
        {
            "height": 32.987071070177805,
            "label": "handbag",
            "left": 83.953125,
            "top": 101.18535324622844,
            "width": 10.762499237060547
        },
        {
            "height": 210.20689655172413,
            "label": "person",
            "left": 0.7218763351440429,
            "top": 66.24571070177802,
            "width": 57.703118896484376
        }
    ]
}