{
    "image_id": 11511,
    "seq": [
        {
            "height": 141.9562530517578,
            "label": "person",
            "left": 84.703125,
            "top": 36.1875,
            "width": 37.22812271118164
        },
        {
            "height": 131.47500610351562,
            "label": "person",
            "left": 130.8093719482422,
            "top": 30.20625114440918,
            "width": 47.23125076293945
        },
        {
            "height": 136.72499084472656,
            "label": "person",
            "left": 33.178123474121094,
            "top": 41.71875,
            "width": 47.08125305175781
        },
        {
            "height": 176.75625610351562,
            "label": "bench",
            "left": 35.35312271118164,
            "top": 212.8312530517578,
            "width": 260.2124938964844
        },
        {
            "height": 80.15625,
            "label": "handbag",
            "left": 268.8187561035156,
            "top": 326.4937438964844,
            "width": 104.59687042236328
        },
        {
            "height": 97.10624694824219,
            "label": "handbag",
            "left": 420.76873779296875,
            "top": 244.26560974121094,
            "width": 63.34687423706055
        },
        {
            "height": 46.875,
            "label": "motorcycle",
            "left": 453.5718688964844,
            "top": 47.37187576293945,
            "width": 43.912498474121094
        },
        {
            "height": 50.287498474121094,
            "label": "handbag",
            "left": 22.509374618530273,
            "top": 89.484375,
            "width": 23.32499885559082
        },
        {
            "height": 23.915626525878906,
            "label": "handbag",
            "left": 84.421875,
            "top": 73.828125,
            "width": 10.762499809265137
        },
        {
            "height": 152.40000915527344,
            "label": "person",
            "left": 1.1906250715255737,
            "top": 48.49687194824219,
            "width": 57.703121185302734
        }
    ]
}