{
    "image_id": 115245,
    "seq": [
        {
            "height": 162.7941176470588,
            "label": "backpack",
            "left": 90.19607843137256,
            "top": 139.9215558619281,
            "width": 124.53921568627452
        },
        {
            "height": 413.921568627451,
            "label": "suitcase",
            "left": 248.85291564542484,
            "top": 163.0882608251634,
            "width": 304.6666666666667
        },
        {
            "height": 111.91176470588235,
            "label": "suitcase",
            "left": 37.264712265114376,
            "top": 66.51961422589869,
            "width": 87.63725490196079
        },
        {
            "height": 83.16666666666667,
            "label": "backpack",
            "left": 344.50002553104576,
            "top": 133.72549019607843,
            "width": 143.48039215686273
        },
        {
            "height": 273.70588235294116,
            "label": "suitcase",
            "left": 211.19607843137254,
            "top": 204.450967626634,
            "width": 124.03921568627452
        },
        {
            "height": 88.03921568627452,
            "label": "chair",
            "left": 456.9117647058824,
            "top": 97.50000638276144,
            "width": 99.68627450980392
        },
        {
            "height": 66.91176470588235,
            "label": "chair",
            "left": 414.6666921977124,
            "top": 70.17647697099673,
            "width": 41.77450980392157
        },
        {
            "height": 35.34313725490196,
            "label": "chair",
            "left": 308.8038960375817,
            "top": 55.0,
            "width": 23.637254901960784
        },
        {
            "height": 24.068627450980394,
            "label": "chair",
            "left": 279.49022160947715,
            "top": 44.46078750510621,
            "width": 15.80392316431781
        },
        {
            "height": 57.509803921568626,
            "label": "chair",
            "left": 552.5196078431372,
            "top": 147.13726766748366,
            "width": 46.990196078431374
        },
        {
            "height": 82.51960784313725,
            "label": "backpack",
            "left": 127.05882352941177,
            "top": 4.343135659211601,
            "width": 108.1470588235294
        },
        {
            "height": 46.205882352941174,
            "label": "handbag",
            "left": 224.30392156862746,
            "top": 92.86274509803921,
            "width": 72.46079069648692
        },
        {
            "height": 47.27450980392157,
            "label": "person",
            "left": 0.0,
            "top": 0.0,
            "width": 26.098037619995914
        },
        {
            "height": 43.205882352941174,
            "label": "person",
            "left": 90.8921568627451,
            "top": 0.0,
            "width": 57.049019607843135
        },
        {
            "height": 12.07843137254902,
            "label": "chair",
            "left": 148.82354217728758,
            "top": 13.284312129799837,
            "width": 9.352941176470589
        },
        {
            "height": 69.0,
            "label": "person",
            "left": 205.57843137254903,
            "top": 0.0,
            "width": 79.75490196078431
        }
    ]
}