{
    "image_id": 115245,
    "seq": [
        {
            "height": 162.7941131591797,
            "label": "backpack",
            "left": 90.68627166748047,
            "top": 140.41175842285156,
            "width": 124.53921508789062
        },
        {
            "height": 413.92156982421875,
            "label": "suitcase",
            "left": 249.3431396484375,
            "top": 163.57843017578125,
            "width": 304.66668701171875
        },
        {
            "height": 111.9117660522461,
            "label": "suitcase",
            "left": 37.75489807128906,
            "top": 67.00980377197266,
            "width": 87.63725280761719
        },
        {
            "height": 83.16666412353516,
            "label": "backpack",
            "left": 344.9902038574219,
            "top": 134.21568298339844,
            "width": 143.4803924560547
        },
        {
            "height": 273.70587158203125,
            "label": "suitcase",
            "left": 211.68626403808594,
            "top": 204.94117736816406,
            "width": 124.03921508789062
        },
        {
            "height": 88.03922271728516,
            "label": "chair",
            "left": 457.40191650390625,
            "top": 97.99019622802734,
            "width": 99.68627166748047
        },
        {
            "height": 66.9117660522461,
            "label": "chair",
            "left": 415.1568603515625,
            "top": 70.66666412353516,
            "width": 41.774513244628906
        },
        {
            "height": 35.343135833740234,
            "label": "chair",
            "left": 309.29412841796875,
            "top": 55.49019241333008,
            "width": 23.63725471496582
        },
        {
            "height": 24.068626403808594,
            "label": "chair",
            "left": 279.9803771972656,
            "top": 44.95098114013672,
            "width": 15.803921699523926
        },
        {
            "height": 57.509803771972656,
            "label": "chair",
            "left": 553.0098266601562,
            "top": 147.62745666503906,
            "width": 46.990196228027344
        },
        {
            "height": 82.51960754394531,
            "label": "backpack",
            "left": 127.54902648925781,
            "top": 4.833333492279053,
            "width": 108.14706420898438
        },
        {
            "height": 46.20588302612305,
            "label": "handbag",
            "left": 224.7941131591797,
            "top": 93.35294342041016,
            "width": 72.46078491210938
        },
        {
            "height": 47.27450942993164,
            "label": "person",
            "left": 0.039215683937072754,
            "top": 0.15686273574829102,
            "width": 26.098039627075195
        },
        {
            "height": 43.20587921142578,
            "label": "person",
            "left": 91.38235473632812,
            "top": 0.2450980395078659,
            "width": 57.049015045166016
        },
        {
            "height": 12.078431129455566,
            "label": "chair",
            "left": 149.31373596191406,
            "top": 13.774510383605957,
            "width": 9.352941513061523
        },
        {
            "height": 69.0,
            "label": "person",
            "left": 206.06863403320312,
            "top": 0.3235294222831726,
            "width": 79.7549057006836
        }
    ]
}