{
    "image_id": 115885,
    "seq": [
        {
            "height": 396.128,
            "label": "cat",
            "left": 413.59196875,
            "top": 4.368007161458333,
            "width": 185.808
        },
        {
            "height": 333.04,
            "label": "bed",
            "left": 262.32,
            "top": 266.1599791666667,
            "width": 336.744
        },
        {
            "height": 545.664,
            "label": "laptop",
            "left": 0.0,
            "top": 53.535984375,
            "width": 444.9
        }
    ]
}