{
    "image_id": 115885,
    "seq": [
        {
            "height": 297.09600830078125,
            "label": "cat",
            "left": 414.1920166015625,
            "top": 3.875999927520752,
            "width": 185.8079833984375
        },
        {
            "height": 249.77999877929688,
            "label": "bed",
            "left": 262.9200134277344,
            "top": 200.22000122070312,
            "width": 336.7440185546875
        },
        {
            "height": 409.2480163574219,
            "label": "laptop",
            "left": 0.0,
            "top": 40.75199890136719,
            "width": 444.9000244140625
        }
    ]
}