{
    "image_id": 115870,
    "seq": [
        {
            "height": 205.14084507042253,
            "label": "potted plant",
            "left": 406.3874755859375,
            "top": 114.05631968896714,
            "width": 133.753125
        },
        {
            "height": 114.6056338028169,
            "label": "potted plant",
            "left": 18.375,
            "top": 375.4789099178404,
            "width": 81.67499389648438
        },
        {
            "height": 237.69014084507043,
            "label": "couch",
            "left": 133.8,
            "top": 249.95774647887325,
            "width": 296.746875
        },
        {
            "height": 233.64790566314554,
            "label": "couch",
            "left": 285.1593505859375,
            "top": 279.12677890258215,
            "width": 192.05625
        },
        {
            "height": 158.97184932511738,
            "label": "person",
            "left": 14.549998474121093,
            "top": 260.09860988849766,
            "width": 59.446875
        },
        {
            "height": 164.25353946596243,
            "label": "person",
            "left": 59.221868896484374,
            "top": 253.54925909624413,
            "width": 85.03125
        },
        {
            "height": 257.5633802816901,
            "label": "person",
            "left": 173.6062744140625,
            "top": 341.7323943661972,
            "width": 407.79375
        },
        {
            "height": 108.73239436619718,
            "label": "person",
            "left": 255.9562744140625,
            "top": 145.73243104460093,
            "width": 55.3875
        },
        {
            "height": 413.0,
            "label": "person",
            "left": 189.365625,
            "top": 92.92956829518779,
            "width": 66.2625
        },
        {
            "height": 21.90141074310446,
            "label": "cell phone",
            "left": 71.8875,
            "top": 264.90140845070425,
            "width": 6.581250762939453
        },
        {
            "height": 74.15492957746478,
            "label": "book",
            "left": 348.3937744140625,
            "top": 498.59158597417843,
            "width": 79.35
        },
        {
            "height": 37.57746478873239,
            "label": "book",
            "left": 1.9031234741210938,
            "top": 516.042216842723,
            "width": 65.23125
        },
        {
            "height": 31.408450704225352,
            "label": "cup",
            "left": 187.603125,
            "top": 214.3521310152582,
            "width": 13.771875
        },
        {
            "height": 26.633802816901408,
            "label": "book",
            "left": 75.534375,
            "top": 422.2957379694836,
            "width": 32.371875
        },
        {
            "height": 278.5211267605634,
            "label": "couch",
            "left": 316.0687255859375,
            "top": 310.50707893192487,
            "width": 283.0218994140625
        }
    ]
}