{
    "image_id": 115870,
    "seq": [
        {
            "height": 136.546875,
            "label": "potted plant",
            "left": 406.85626220703125,
            "top": 76.38750457763672,
            "width": 133.7531280517578
        },
        {
            "height": 76.28437805175781,
            "label": "potted plant",
            "left": 18.84375,
            "top": 250.39686584472656,
            "width": 81.67499542236328
        },
        {
            "height": 158.21249389648438,
            "label": "couch",
            "left": 134.2687530517578,
            "top": 166.8468780517578,
            "width": 296.74688720703125
        },
        {
            "height": 155.52188110351562,
            "label": "couch",
            "left": 285.6281433105469,
            "top": 186.2624969482422,
            "width": 192.05624389648438
        },
        {
            "height": 105.81562805175781,
            "label": "person",
            "left": 15.018750190734863,
            "top": 173.5968780517578,
            "width": 59.446876525878906
        },
        {
            "height": 109.33125305175781,
            "label": "person",
            "left": 59.69062042236328,
            "top": 169.2375030517578,
            "width": 85.03125
        },
        {
            "height": 171.44061279296875,
            "label": "person",
            "left": 174.0749969482422,
            "top": 227.9343719482422,
            "width": 407.79376220703125
        },
        {
            "height": 72.375,
            "label": "person",
            "left": 256.42498779296875,
            "top": 97.47187805175781,
            "width": 55.38750076293945
        },
        {
            "height": 274.90313720703125,
            "label": "person",
            "left": 189.83438110351562,
            "top": 62.32500076293945,
            "width": 66.26249694824219
        },
        {
            "height": 14.578125953674316,
            "label": "cell phone",
            "left": 72.35624694824219,
            "top": 176.7937469482422,
            "width": 6.581250190734863
        },
        {
            "height": 49.359378814697266,
            "label": "book",
            "left": 348.86248779296875,
            "top": 332.34375,
            "width": 79.3499984741211
        },
        {
            "height": 25.012500762939453,
            "label": "book",
            "left": 2.3718748092651367,
            "top": 343.95941162109375,
            "width": 65.23125457763672
        },
        {
            "height": 20.90625,
            "label": "cup",
            "left": 188.07188415527344,
            "top": 143.14688110351562,
            "width": 13.77187442779541
        },
        {
            "height": 17.728124618530273,
            "label": "book",
            "left": 76.00312805175781,
            "top": 281.5593566894531,
            "width": 32.37187194824219
        },
        {
            "height": 185.390625,
            "label": "couch",
            "left": 316.5375061035156,
            "top": 207.15000915527344,
            "width": 283.0218811035156
        }
    ]
}