{
    "image_id": 115946,
    "seq": [
        {
            "height": 59.259375,
            "label": "traffic light",
            "left": 202.1625,
            "top": 103.95936279296875,
            "width": 77.8125
        },
        {
            "height": 29.325,
            "label": "person",
            "left": 271.6374837239583,
            "top": 465.881298828125,
            "width": 13.0375
        },
        {
            "height": 39.50625,
            "label": "car",
            "left": 148.3625,
            "top": 470.64375,
            "width": 66.90000406901042
        },
        {
            "height": 25.3125,
            "label": "car",
            "left": 231.82498372395833,
            "top": 470.64375,
            "width": 52.199991861979164
        },
        {
            "height": 15.037501525878906,
            "label": "car",
            "left": 299.61253255208334,
            "top": 471.159375,
            "width": 23.28749796549479
        },
        {
            "height": 22.565625,
            "label": "car",
            "left": 398.8,
            "top": 467.728125,
            "width": 39.175
        },
        {
            "height": 13.275,
            "label": "car",
            "left": 384.525,
            "top": 468.853125,
            "width": 19.1625
        },
        {
            "height": 33.215625,
            "label": "car",
            "left": 192.44998372395833,
            "top": 468.525,
            "width": 40.83749593098958
        },
        {
            "height": 13.275,
            "label": "car",
            "left": 282.3,
            "top": 472.66875,
            "width": 12.075
        },
        {
            "height": 13.021875,
            "label": "car",
            "left": 318.3125,
            "top": 471.31875,
            "width": 11.6875
        },
        {
            "height": 10.18125,
            "label": "car",
            "left": 326.95,
            "top": 471.80625,
            "width": 16.812501017252604
        },
        {
            "height": 9.721874237060547,
            "label": "traffic light",
            "left": 332.5375,
            "top": 417.6375,
            "width": 14.3125
        },
        {
            "height": 13.228125,
            "label": "traffic light",
            "left": 483.67503255208334,
            "top": 437.221875,
            "width": 8.0625
        },
        {
            "height": 14.268751525878907,
            "label": "traffic light",
            "left": 203.83751627604167,
            "top": 444.046875,
            "width": 10.549998982747395
        },
        {
            "height": 17.634375,
            "label": "traffic light",
            "left": 453.8375,
            "top": 432.028125,
            "width": 10.387501017252605
        },
        {
            "height": 40.659375,
            "label": "potted plant",
            "left": 71.7,
            "top": 467.503125,
            "width": 22.8875
        },
        {
            "height": 13.78125,
            "label": "traffic light",
            "left": 310.6375,
            "top": 388.303125,
            "width": 21.0
        }
    ]
}