{
    "image_id": 115946,
    "seq": [
        {
            "height": 59.259376525878906,
            "label": "traffic light",
            "left": 152.0906219482422,
            "top": 104.4281234741211,
            "width": 58.359375
        },
        {
            "height": 29.325000762939453,
            "label": "person",
            "left": 204.19686889648438,
            "top": 466.3500061035156,
            "width": 9.778124809265137
        },
        {
            "height": 39.506248474121094,
            "label": "car",
            "left": 111.74063110351562,
            "top": 471.11248779296875,
            "width": 50.17500305175781
        },
        {
            "height": 25.3125,
            "label": "car",
            "left": 174.33750915527344,
            "top": 471.11248779296875,
            "width": 39.14999771118164
        },
        {
            "height": 15.037500381469727,
            "label": "car",
            "left": 225.17813110351562,
            "top": 471.62811279296875,
            "width": 17.46562385559082
        },
        {
            "height": 22.56562614440918,
            "label": "car",
            "left": 299.5687561035156,
            "top": 468.1968994140625,
            "width": 29.381250381469727
        },
        {
            "height": 13.274999618530273,
            "label": "car",
            "left": 288.86248779296875,
            "top": 469.32183837890625,
            "width": 14.371874809265137
        },
        {
            "height": 33.21562576293945,
            "label": "car",
            "left": 144.80625915527344,
            "top": 468.9937744140625,
            "width": 30.628122329711914
        },
        {
            "height": 13.274999618530273,
            "label": "car",
            "left": 212.19374084472656,
            "top": 473.1374816894531,
            "width": 9.056249618530273
        },
        {
            "height": 13.021875381469727,
            "label": "car",
            "left": 239.203125,
            "top": 471.7874755859375,
            "width": 8.765625953674316
        },
        {
            "height": 10.181249618530273,
            "label": "car",
            "left": 245.68124389648438,
            "top": 472.2749938964844,
            "width": 12.609375
        },
        {
            "height": 9.721874237060547,
            "label": "traffic light",
            "left": 249.8718719482422,
            "top": 418.1062316894531,
            "width": 10.734375
        },
        {
            "height": 13.22812557220459,
            "label": "traffic light",
            "left": 363.2250061035156,
            "top": 437.69061279296875,
            "width": 6.046875
        },
        {
            "height": 14.26875114440918,
            "label": "traffic light",
            "left": 153.3468780517578,
            "top": 444.515625,
            "width": 7.912499904632568
        },
        {
            "height": 17.634374618530273,
            "label": "traffic light",
            "left": 340.8468933105469,
            "top": 432.4968566894531,
            "width": 7.790625095367432
        },
        {
            "height": 40.65937423706055,
            "label": "potted plant",
            "left": 54.243751525878906,
            "top": 467.97186279296875,
            "width": 17.165624618530273
        },
        {
            "height": 13.78125,
            "label": "traffic light",
            "left": 233.44686889648438,
            "top": 388.7718811035156,
            "width": 15.749999046325684
        }
    ]
}