{
    "image_id": 116068,
    "seq": [
        {
            "height": 400.89595833333334,
            "label": "person",
            "left": 269.80796875,
            "top": 190.384,
            "width": 108.96
        },
        {
            "height": 377.04,
            "label": "person",
            "left": 5.48400439453125,
            "top": 185.68002083333334,
            "width": 99.3239921875
        },
        {
            "height": 314.096,
            "label": "kite",
            "left": 79.2360078125,
            "top": 267.28,
            "width": 216.372
        },
        {
            "height": 523.28,
            "label": "person",
            "left": 135.012,
            "top": 75.919984375,
            "width": 129.456
        }
    ]
}