{
    "image_id": 116068,
    "seq": [
        {
            "height": 300.6719970703125,
            "label": "person",
            "left": 270.4079895019531,
            "top": 143.38800048828125,
            "width": 108.95999908447266
        },
        {
            "height": 282.7799987792969,
            "label": "person",
            "left": 6.084000110626221,
            "top": 139.86000061035156,
            "width": 99.3239974975586
        },
        {
            "height": 235.57199096679688,
            "label": "kite",
            "left": 79.83599853515625,
            "top": 201.05999755859375,
            "width": 216.3719940185547
        },
        {
            "height": 392.4599914550781,
            "label": "person",
            "left": 135.61199951171875,
            "top": 57.540000915527344,
            "width": 129.45599365234375
        }
    ]
}