{
    "image_id": 116208,
    "seq": [
        {
            "height": 172.078125,
            "label": "bottle",
            "left": 454.62188720703125,
            "top": 21.431249618530273,
            "width": 78.66563415527344
        },
        {
            "height": 127.6500015258789,
            "label": "bottle",
            "left": 333.8531188964844,
            "top": 0.0,
            "width": 50.025001525878906
        },
        {
            "height": 52.04062271118164,
            "label": "wine glass",
            "left": 203.765625,
            "top": 85.23750305175781,
            "width": 60.046878814697266
        },
        {
            "height": 45.54375076293945,
            "label": "wine glass",
            "left": 276.30938720703125,
            "top": 79.5562515258789,
            "width": 59.446876525878906
        },
        {
            "height": 69.2437515258789,
            "label": "cup",
            "left": 423.1218566894531,
            "top": 72.58124542236328,
            "width": 55.734375
        },
        {
            "height": 114.0093765258789,
            "label": "cup",
            "left": 476.23126220703125,
            "top": 329.93438720703125,
            "width": 123.76875305175781
        },
        {
            "height": 227.53125,
            "label": "pizza",
            "left": 90.0,
            "top": 120.3375015258789,
            "width": 451.0124816894531
        },
        {
            "height": 101.45625305175781,
            "label": "pizza",
            "left": 525.3656616210938,
            "top": 276.2906188964844,
            "width": 74.6343765258789
        },
        {
            "height": 31.753124237060547,
            "label": "pizza",
            "left": 91.19999694824219,
            "top": 16.556249618530273,
            "width": 86.88749694824219
        },
        {
            "height": 33.365623474121094,
            "label": "pizza",
            "left": 2.0250000953674316,
            "top": 40.453125,
            "width": 107.18437957763672
        },
        {
            "height": 157.74375915527344,
            "label": "wine glass",
            "left": 563.4562377929688,
            "top": 115.71562957763672,
            "width": 36.54375076293945
        },
        {
            "height": 87.07500457763672,
            "label": "chair",
            "left": 196.96875,
            "top": 0.0,
            "width": 78.46875
        },
        {
            "height": 153.52499389648438,
            "label": "chair",
            "left": 527.0812377929688,
            "top": 0.09375,
            "width": 72.6187515258789
        },
        {
            "height": 88.1812515258789,
            "label": "chair",
            "left": 233.08123779296875,
            "top": 31.771873474121094,
            "width": 192.40310668945312
        },
        {
            "height": 74.34375,
            "label": "chair",
            "left": 413.3062438964844,
            "top": 0.5062500238418579,
            "width": 46.265625
        },
        {
            "height": 46.14374923706055,
            "label": "chair",
            "left": 449.203125,
            "top": 24.009376525878906,
            "width": 12.300000190734863
        },
        {
            "height": 255.10311889648438,
            "label": "person",
            "left": 0.0,
            "top": 0.0,
            "width": 207.61874389648438
        },
        {
            "height": 140.9250030517578,
            "label": "bottle",
            "left": 364.1156311035156,
            "top": 1.2374999523162842,
            "width": 68.17500305175781
        },
        {
            "height": 93.09375,
            "label": "bottle",
            "left": 282.46875,
            "top": 0.0,
            "width": 59.22187423706055
        },
        {
            "height": 218.63438415527344,
            "label": "dining table",
            "left": 1.1531250476837158,
            "top": 224.71875,
            "width": 594.609375
        },
        {
            "height": 72.5062484741211,
            "label": "wine glass",
            "left": 421.5843811035156,
            "top": 71.8125,
            "width": 55.04062271118164
        }
    ]
}