{
    "image_id": 116206,
    "seq": [
        {
            "height": 233.5968780517578,
            "label": "knife",
            "left": 378.2062683105469,
            "top": 118.3125,
            "width": 221.79376220703125
        },
        {
            "height": 110.22187805175781,
            "label": "cup",
            "left": 131.8125,
            "top": 0.778124988079071,
            "width": 165.83436584472656
        },
        {
            "height": 202.04061889648438,
            "label": "carrot",
            "left": 94.84687042236328,
            "top": 121.62187194824219,
            "width": 176.8874969482422
        }
    ]
}