{
    "image_id": 116208,
    "seq": [
        {
            "height": 229.43748372395834,
            "label": "bottle",
            "left": 454.153125,
            "top": 27.9500244140625,
            "width": 78.66563110351562
        },
        {
            "height": 170.2,
            "label": "bottle",
            "left": 333.3843994140625,
            "top": 0.0,
            "width": 50.025
        },
        {
            "height": 69.38749186197917,
            "label": "wine glass",
            "left": 203.296875,
            "top": 113.02499186197916,
            "width": 60.046875
        },
        {
            "height": 60.72500406901042,
            "label": "wine glass",
            "left": 275.8406005859375,
            "top": 105.44999186197917,
            "width": 59.446875
        },
        {
            "height": 92.325,
            "label": "cup",
            "left": 422.653125,
            "top": 96.15,
            "width": 55.734375
        },
        {
            "height": 152.0125,
            "label": "cup",
            "left": 475.7625,
            "top": 439.2875,
            "width": 123.76875
        },
        {
            "height": 303.375,
            "label": "pizza",
            "left": 89.53126220703125,
            "top": 159.82496744791666,
            "width": 451.0125
        },
        {
            "height": 135.275,
            "label": "pizza",
            "left": 524.896875,
            "top": 367.7625,
            "width": 74.634375
        },
        {
            "height": 42.3375,
            "label": "pizza",
            "left": 90.73125,
            "top": 21.450002034505207,
            "width": 86.88749389648437
        },
        {
            "height": 44.4875,
            "label": "pizza",
            "left": 1.556248950958252,
            "top": 53.3125,
            "width": 107.184375
        },
        {
            "height": 210.32501627604168,
            "label": "wine glass",
            "left": 562.9875,
            "top": 153.66251627604166,
            "width": 36.54375
        },
        {
            "height": 116.10000813802084,
            "label": "chair",
            "left": 196.5,
            "top": 0.0,
            "width": 78.46875
        },
        {
            "height": 204.7,
            "label": "chair",
            "left": 526.612548828125,
            "top": 0.0,
            "width": 72.61875
        },
        {
            "height": 117.575,
            "label": "chair",
            "left": 232.6124755859375,
            "top": 41.7375,
            "width": 192.4031005859375
        },
        {
            "height": 99.125,
            "label": "chair",
            "left": 412.8375,
            "top": 0.049996376037597656,
            "width": 46.265625
        },
        {
            "height": 61.525,
            "label": "chair",
            "left": 448.734375,
            "top": 31.3875,
            "width": 12.300000762939453
        },
        {
            "height": 340.13746744791666,
            "label": "person",
            "left": 0.0,
            "top": 0.0,
            "width": 207.61875
        },
        {
            "height": 187.90001627604167,
            "label": "bottle",
            "left": 363.6468505859375,
            "top": 1.0249912897745768,
            "width": 68.175
        },
        {
            "height": 124.125,
            "label": "bottle",
            "left": 282.0000244140625,
            "top": 0.0,
            "width": 59.221875
        },
        {
            "height": 291.5125,
            "label": "dining table",
            "left": 0.6843924522399902,
            "top": 298.9999674479167,
            "width": 594.609375
        },
        {
            "height": 96.67499186197917,
            "label": "wine glass",
            "left": 421.115625,
            "top": 95.12499186197917,
            "width": 55.040625
        }
    ]
}