{
    "image_id": 116206,
    "seq": [
        {
            "height": 311.4625,
            "label": "knife",
            "left": 377.7375244140625,
            "top": 157.125,
            "width": 221.7937744140625
        },
        {
            "height": 146.9625,
            "label": "cup",
            "left": 131.34375,
            "top": 0.41251182556152344,
            "width": 165.83436279296876
        },
        {
            "height": 269.38746744791666,
            "label": "carrot",
            "left": 94.378125,
            "top": 161.53746744791667,
            "width": 176.88748779296876
        }
    ]
}