{
    "image_id": 116362,
    "seq": [
        {
            "height": 218.91176470588235,
            "label": "spoon",
            "left": 25.186263339971404,
            "top": 43.43137574040033,
            "width": 401.3529411764706
        },
        {
            "height": 63.44117647058823,
            "label": "apple",
            "left": 186.3137127246732,
            "top": 239.64708435457516,
            "width": 128.8921568627451
        },
        {
            "height": 382.92154309640523,
            "label": "bowl",
            "left": 70.97062653186275,
            "top": 26.25490993923611,
            "width": 508.3137254901961
        },
        {
            "height": 190.4607843137255,
            "label": "bowl",
            "left": 21.607839945874183,
            "top": 394.0686019199346,
            "width": 226.66666666666666
        },
        {
            "height": 43.63725171058007,
            "label": "apple",
            "left": 432.7549019607843,
            "top": 164.70589511846404,
            "width": 51.431372549019606
        },
        {
            "height": 42.05882352941177,
            "label": "apple",
            "left": 332.9117647058824,
            "top": 323.7059078839869,
            "width": 122.1078431372549
        },
        {
            "height": 342.8529411764706,
            "label": "dining table",
            "left": 27.55883948631536,
            "top": 242.62745098039215,
            "width": 551.6960784313726
        },
        {
            "height": 123.3921568627451,
            "label": "carrot",
            "left": 307.2843137254902,
            "top": 105.78430734272875,
            "width": 124.90196078431373
        }
    ]
}