{
    "image_id": 116362,
    "seq": [
        {
            "height": 218.91175842285156,
            "label": "spoon",
            "left": 25.676471710205078,
            "top": 43.921566009521484,
            "width": 401.35296630859375
        },
        {
            "height": 63.44117736816406,
            "label": "apple",
            "left": 186.8039093017578,
            "top": 240.13726806640625,
            "width": 128.8921661376953
        },
        {
            "height": 382.92156982421875,
            "label": "bowl",
            "left": 71.46078491210938,
            "top": 26.745100021362305,
            "width": 508.3136901855469
        },
        {
            "height": 190.46078491210938,
            "label": "bowl",
            "left": 22.098041534423828,
            "top": 394.558837890625,
            "width": 226.6666717529297
        },
        {
            "height": 43.63725280761719,
            "label": "apple",
            "left": 433.2450866699219,
            "top": 165.19607543945312,
            "width": 51.43136978149414
        },
        {
            "height": 42.0588264465332,
            "label": "apple",
            "left": 333.4019775390625,
            "top": 324.1960754394531,
            "width": 122.10784149169922
        },
        {
            "height": 342.8529357910156,
            "label": "dining table",
            "left": 28.04901885986328,
            "top": 243.11764526367188,
            "width": 551.696044921875
        },
        {
            "height": 123.39215850830078,
            "label": "carrot",
            "left": 307.7745056152344,
            "top": 106.2745132446289,
            "width": 124.90196228027344
        }
    ]
}