{
    "image_id": 116439,
    "seq": [
        {
            "height": 117.309375,
            "label": "boat",
            "left": 1.3146833228620338,
            "top": 363.571875,
            "width": 376.13986013986016
        },
        {
            "height": 136.959375,
            "label": "person",
            "left": 54.12588778409091,
            "top": 273.965625,
            "width": 332.27968385780883
        },
        {
            "height": 106.7625,
            "label": "handbag",
            "left": 477.46849504662003,
            "top": 56.334381103515625,
            "width": 121.83216783216783
        },
        {
            "height": 114.20625,
            "label": "handbag",
            "left": 397.580456002331,
            "top": 0.0,
            "width": 107.45454545454545
        },
        {
            "height": 43.34062805175781,
            "label": "handbag",
            "left": 400.4755244755245,
            "top": 217.359375,
            "width": 69.06293706293707
        },
        {
            "height": 164.4937744140625,
            "label": "handbag",
            "left": 154.1818181818182,
            "top": 91.21874389648437,
            "width": 84.4895104895105
        },
        {
            "height": 38.409375,
            "label": "handbag",
            "left": 403.2867132867133,
            "top": 187.3875,
            "width": 44.95104895104895
        },
        {
            "height": 111.375,
            "label": "handbag",
            "left": 517.594442016317,
            "top": 59.353125,
            "width": 81.7062937062937
        },
        {
            "height": 31.321875,
            "label": "boat",
            "left": 541.2867497086247,
            "top": 360.6749755859375,
            "width": 58.013981461247084
        },
        {
            "height": 35.953125,
            "label": "handbag",
            "left": 403.72027972027973,
            "top": 257.9812744140625,
            "width": 39.42657342657343
        },
        {
            "height": 56.16563110351562,
            "label": "handbag",
            "left": 398.61538461538464,
            "top": 134.371875,
            "width": 70.86712831439394
        },
        {
            "height": 92.61561889648438,
            "label": "chair",
            "left": 552.6153846153846,
            "top": 264.890625,
            "width": 46.489515042249415
        }
    ]
}