{
    "image_id": 116439,
    "seq": [
        {
            "height": 117.30937194824219,
            "label": "boat",
            "left": 1.350000023841858,
            "top": 364.0406494140625,
            "width": 252.13125610351562
        },
        {
            "height": 136.95936584472656,
            "label": "person",
            "left": 36.75,
            "top": 274.43438720703125,
            "width": 222.7312469482422
        },
        {
            "height": 106.76249694824219,
            "label": "handbag",
            "left": 320.52191162109375,
            "top": 56.803123474121094,
            "width": 81.6656265258789
        },
        {
            "height": 114.20625305175781,
            "label": "handbag",
            "left": 266.97186279296875,
            "top": 0.0,
            "width": 72.02812957763672
        },
        {
            "height": 43.34062576293945,
            "label": "handbag",
            "left": 268.9125061035156,
            "top": 217.828125,
            "width": 46.29375076293945
        },
        {
            "height": 164.49375915527344,
            "label": "handbag",
            "left": 103.81874084472656,
            "top": 91.68750762939453,
            "width": 56.63437271118164
        },
        {
            "height": 38.40937805175781,
            "label": "handbag",
            "left": 270.796875,
            "top": 187.8562469482422,
            "width": 30.131250381469727
        },
        {
            "height": 111.375,
            "label": "handbag",
            "left": 347.4187316894531,
            "top": 59.821876525878906,
            "width": 54.76874923706055
        },
        {
            "height": 31.321876525878906,
            "label": "boat",
            "left": 363.29998779296875,
            "top": 361.14373779296875,
            "width": 38.88749694824219
        },
        {
            "height": 35.953125,
            "label": "handbag",
            "left": 271.0874938964844,
            "top": 258.4499816894531,
            "width": 26.428125381469727
        },
        {
            "height": 56.165626525878906,
            "label": "handbag",
            "left": 267.6656188964844,
            "top": 134.8406219482422,
            "width": 47.50312423706055
        },
        {
            "height": 92.6156234741211,
            "label": "chair",
            "left": 370.89373779296875,
            "top": 265.359375,
            "width": 31.162500381469727
        }
    ]
}