{
    "image_id": 116479,
    "seq": [
        {
            "height": 109.846875,
            "label": "chair",
            "left": 61.60585367244526,
            "top": 319.6125244140625,
            "width": 123.81021897810218
        },
        {
            "height": 106.509375,
            "label": "couch",
            "left": 60.423352912104626,
            "top": 319.3874755859375,
            "width": 115.08029197080292
        },
        {
            "height": 517.528173828125,
            "label": "bed",
            "left": 83.97078391119221,
            "top": 74.76561279296875,
            "width": 394.2189781021898
        }
    ]
}