{
    "image_id": 116479,
    "seq": [
        {
            "height": 109.84687805175781,
            "label": "chair",
            "left": 40.03125,
            "top": 320.0812683105469,
            "width": 79.5093765258789
        },
        {
            "height": 106.5093765258789,
            "label": "couch",
            "left": 39.27187728881836,
            "top": 319.85626220703125,
            "width": 73.90312957763672
        },
        {
            "height": 517.5281372070312,
            "label": "bed",
            "left": 54.39374923706055,
            "top": 75.234375,
            "width": 253.1625213623047
        }
    ]
}