{
    "image_id": 116589,
    "seq": [
        {
            "height": 350.4480285644531,
            "label": "zebra",
            "left": 314.90399169921875,
            "top": 93.2040023803711,
            "width": 232.60800170898438
        },
        {
            "height": 359.19598388671875,
            "label": "zebra",
            "left": 0.0,
            "top": 90.80399322509766,
            "width": 343.0439758300781
        },
        {
            "height": 165.19200134277344,
            "label": "zebra",
            "left": 450.7080078125,
            "top": 85.99200439453125,
            "width": 149.29200744628906
        }
    ]
}