{
    "image_id": 116589,
    "seq": [
        {
            "height": 467.264,
            "label": "zebra",
            "left": 314.30396875,
            "top": 123.472,
            "width": 232.608
        },
        {
            "height": 478.9279583333333,
            "label": "zebra",
            "left": 0.0,
            "top": 120.27196875,
            "width": 343.044
        },
        {
            "height": 220.256,
            "label": "zebra",
            "left": 450.10803125,
            "top": 113.85601041666666,
            "width": 149.292
        }
    ]
}