{
    "image_id": 116825,
    "seq": [
        {
            "height": 328.40625,
            "label": "cat",
            "left": 69.77812194824219,
            "top": 5.306249618530273,
            "width": 299.5780944824219
        },
        {
            "height": 120.5718765258789,
            "label": "knife",
            "left": 353.9156188964844,
            "top": 122.79374694824219,
            "width": 122.6156234741211
        },
        {
            "height": 330.5062561035156,
            "label": "bed",
            "left": 16.612499237060547,
            "top": 2.3343749046325684,
            "width": 375.0937805175781
        }
    ]
}