{
    "image_id": 116825,
    "seq": [
        {
            "height": 583.8333333333334,
            "label": "cat",
            "left": 69.30938720703125,
            "top": 8.599981011284722,
            "width": 299.578125
        },
        {
            "height": 214.35,
            "label": "knife",
            "left": 353.446875,
            "top": 217.46668836805554,
            "width": 122.61561279296875
        },
        {
            "height": 587.5666666666667,
            "label": "bed",
            "left": 16.143751525878905,
            "top": 3.3166568332248265,
            "width": 375.0937744140625
        }
    ]
}