{
    "image_id": 11699,
    "seq": [
        {
            "height": 499.996875,
            "label": "person",
            "left": 233.6125,
            "top": 92.775,
            "width": 306.3
        },
        {
            "height": 314.8687255859375,
            "label": "person",
            "left": 75.05,
            "top": 77.23125610351562,
            "width": 203.6
        },
        {
            "height": 63.609375,
            "label": "person",
            "left": 6.1750025431315105,
            "top": 224.9999755859375,
            "width": 64.925
        },
        {
            "height": 248.090625,
            "label": "handbag",
            "left": 321.175,
            "top": 204.47811279296874,
            "width": 136.625
        },
        {
            "height": 218.428125,
            "label": "suitcase",
            "left": 1.1750101725260416,
            "top": 374.3625,
            "width": 346.9625
        },
        {
            "height": 217.078125,
            "label": "handbag",
            "left": 10.162502034505208,
            "top": 161.32501220703125,
            "width": 149.2125
        }
    ]
}