{
    "image_id": 11699,
    "seq": [
        {
            "height": 499.99688720703125,
            "label": "person",
            "left": 175.67813110351562,
            "top": 93.2437515258789,
            "width": 229.72499084472656
        },
        {
            "height": 314.8687438964844,
            "label": "person",
            "left": 56.756248474121094,
            "top": 77.70000457763672,
            "width": 152.6999969482422
        },
        {
            "height": 63.609375,
            "label": "person",
            "left": 5.100000381469727,
            "top": 225.46875,
            "width": 48.693748474121094
        },
        {
            "height": 248.09063720703125,
            "label": "handbag",
            "left": 241.34999084472656,
            "top": 204.94686889648438,
            "width": 102.46875
        },
        {
            "height": 218.42811584472656,
            "label": "suitcase",
            "left": 1.350000023841858,
            "top": 374.8312683105469,
            "width": 260.22186279296875
        },
        {
            "height": 217.078125,
            "label": "handbag",
            "left": 8.090625762939453,
            "top": 161.7937469482422,
            "width": 111.90937805175781
        }
    ]
}