{
    "image_id": 117374,
    "seq": [
        {
            "height": 79.07943012558411,
            "label": "bird",
            "left": 284.4562255859375,
            "top": 79.20558009637851,
            "width": 25.884375
        },
        {
            "height": 160.44392523364485,
            "label": "cat",
            "left": 431.4375,
            "top": 372.7851197429907,
            "width": 84.75938110351562
        },
        {
            "height": 88.64018691588785,
            "label": "cat",
            "left": 66.10311889648438,
            "top": 305.69158878504675,
            "width": 85.575
        }
    ]
}