{
    "image_id": 117374,
    "seq": [
        {
            "height": 52.88437271118164,
            "label": "bird",
            "left": 284.9250183105469,
            "top": 53.4375,
            "width": 25.884376525878906
        },
        {
            "height": 107.296875,
            "label": "cat",
            "left": 431.90625,
            "top": 249.76876831054688,
            "width": 84.7593765258789
        },
        {
            "height": 59.27812576293945,
            "label": "cat",
            "left": 66.5718765258789,
            "top": 204.89999389648438,
            "width": 85.57500457763672
        }
    ]
}