{
    "image_id": 117492,
    "seq": [
        {
            "height": 79.453125,
            "label": "teddy bear",
            "left": 170.70936584472656,
            "top": 262.1906433105469,
            "width": 49.959373474121094
        },
        {
            "height": 27.71249771118164,
            "label": "teddy bear",
            "left": 411.3000183105469,
            "top": 187.34999084472656,
            "width": 19.153125762939453
        },
        {
            "height": 22.996875762939453,
            "label": "teddy bear",
            "left": 389.18438720703125,
            "top": 214.27499389648438,
            "width": 33.328125
        },
        {
            "height": 29.859375,
            "label": "teddy bear",
            "left": 471.2250061035156,
            "top": 208.1062469482422,
            "width": 25.42500114440918
        },
        {
            "height": 184.35935974121094,
            "label": "person",
            "left": 36.150001525878906,
            "top": 212.82188415527344,
            "width": 186.1687469482422
        },
        {
            "height": 208.28436279296875,
            "label": "person",
            "left": 174.92813110351562,
            "top": 185.47500610351562,
            "width": 104.59687042236328
        },
        {
            "height": 83.4000015258789,
            "label": "person",
            "left": 1.5187499523162842,
            "top": 160.17189025878906,
            "width": 53.099998474121094
        },
        {
            "height": 162.01876831054688,
            "label": "person",
            "left": 265.95001220703125,
            "top": 128.85000610351562,
            "width": 55.837501525878906
        },
        {
            "height": 104.39999389648438,
            "label": "person",
            "left": 310.6312255859375,
            "top": 159.43125915527344,
            "width": 32.92499923706055
        },
        {
            "height": 105.86249542236328,
            "label": "person",
            "left": 413.93438720703125,
            "top": 160.39686584472656,
            "width": 31.003124237060547
        },
        {
            "height": 78.375,
            "label": "person",
            "left": 388.9781494140625,
            "top": 203.5031280517578,
            "width": 25.6875
        },
        {
            "height": 114.515625,
            "label": "person",
            "left": 32.45624923706055,
            "top": 186.37501525878906,
            "width": 63.12187576293945
        },
        {
            "height": 172.95938110351562,
            "label": "person",
            "left": 211.04061889648438,
            "top": 147.984375,
            "width": 68.49374389648438
        },
        {
            "height": 151.35000610351562,
            "label": "person",
            "left": 351.7312316894531,
            "top": 122.79374694824219,
            "width": 45.87187576293945
        },
        {
            "height": 23.53125,
            "label": "umbrella",
            "left": 347.0999755859375,
            "top": 134.15625,
            "width": 91.96874237060547
        },
        {
            "height": 23.32499885559082,
            "label": "teddy bear",
            "left": 341.859375,
            "top": 196.2375030517578,
            "width": 11.784374237060547
        },
        {
            "height": 79.80937194824219,
            "label": "teddy bear",
            "left": 208.55625915527344,
            "top": 265.640625,
            "width": 63.665626525878906
        },
        {
            "height": 92.2874984741211,
            "label": "person",
            "left": 329.5874938964844,
            "top": 141.69375610351562,
            "width": 24.656248092651367
        },
        {
            "height": 107.73749542236328,
            "label": "person",
            "left": 539.8125,
            "top": 136.36875915527344,
            "width": 56.93437576293945
        },
        {
            "height": 34.040626525878906,
            "label": "chair",
            "left": 77.18437194824219,
            "top": 167.36251831054688,
            "width": 11.66249942779541
        },
        {
            "height": 59.118751525878906,
            "label": "chair",
            "left": 0.0,
            "top": 189.19686889648438,
            "width": 32.26874923706055
        },
        {
            "height": 36.25312423706055,
            "label": "chair",
            "left": 201.1593780517578,
            "top": 179.52188110351562,
            "width": 8.203125
        },
        {
            "height": 57.609375,
            "label": "person",
            "left": 490.4624938964844,
            "top": 178.1437530517578,
            "width": 24.009376525878906
        }
    ]
}