{
    "image_id": 117425,
    "seq": [
        {
            "height": 327.0281690140845,
            "label": "dining table",
            "left": 1.3312519073486329,
            "top": 263.47885490023475,
            "width": 427.25625
        },
        {
            "height": 589.5070422535211,
            "label": "person",
            "left": 258.318798828125,
            "top": 9.788723224765258,
            "width": 278.484375
        },
        {
            "height": 253.01410284624413,
            "label": "spoon",
            "left": 362.53125,
            "top": 255.33799149061034,
            "width": 41.86875
        },
        {
            "height": 174.8450704225352,
            "label": "cake",
            "left": 107.51251220703125,
            "top": 338.3520759976526,
            "width": 80.34375
        },
        {
            "height": 586.5070789319249,
            "label": "person",
            "left": 504.806201171875,
            "top": 0.6479021529076805,
            "width": 94.725
        },
        {
            "height": 236.5634169600939,
            "label": "person",
            "left": 0.0,
            "top": 56.97179889231221,
            "width": 65.38125
        },
        {
            "height": 184.8450704225352,
            "label": "cup",
            "left": 0.0,
            "top": 268.8450520833333,
            "width": 75.72186889648438
        }
    ]
}