{
    "image_id": 117492,
    "seq": [
        {
            "height": 118.80841121495327,
            "label": "teddy bear",
            "left": 170.240625,
            "top": 391.3597765771028,
            "width": 49.959375
        },
        {
            "height": 41.43924777307243,
            "label": "teddy bear",
            "left": 410.831201171875,
            "top": 279.4485981308411,
            "width": 19.153125
        },
        {
            "height": 34.38785046728972,
            "label": "teddy bear",
            "left": 388.715625,
            "top": 319.7102803738318,
            "width": 33.328125
        },
        {
            "height": 44.649532710280376,
            "label": "teddy bear",
            "left": 470.75625,
            "top": 310.48594480140184,
            "width": 25.425001525878905
        },
        {
            "height": 275.6775700934579,
            "label": "person",
            "left": 35.68125610351562,
            "top": 317.53741968457945,
            "width": 186.16875
        },
        {
            "height": 311.45323452102804,
            "label": "person",
            "left": 174.459375,
            "top": 276.6448598130841,
            "width": 104.59686279296875
        },
        {
            "height": 124.71028037383178,
            "label": "person",
            "left": 1.0499999046325683,
            "top": 238.8083929614486,
            "width": 53.1
        },
        {
            "height": 242.27104629088785,
            "label": "person",
            "left": 265.48125,
            "top": 191.97194436331776,
            "width": 55.83750610351562
        },
        {
            "height": 156.11214953271028,
            "label": "person",
            "left": 310.1625,
            "top": 237.70093457943926,
            "width": 32.925
        },
        {
            "height": 158.29906542056074,
            "label": "person",
            "left": 413.465625,
            "top": 239.1448598130841,
            "width": 31.003125
        },
        {
            "height": 117.19626168224299,
            "label": "person",
            "left": 388.5093505859375,
            "top": 303.60278548481307,
            "width": 25.6875
        },
        {
            "height": 171.23831775700936,
            "label": "person",
            "left": 31.987503051757812,
            "top": 277.9906542056075,
            "width": 63.121875
        },
        {
            "height": 258.63087762850466,
            "label": "person",
            "left": 210.5718994140625,
            "top": 220.58409389602804,
            "width": 68.49375
        },
        {
            "height": 226.3177570093458,
            "label": "person",
            "left": 351.2624755859375,
            "top": 182.9158878504673,
            "width": 45.871875
        },
        {
            "height": 35.18691588785047,
            "label": "umbrella",
            "left": 346.6312744140625,
            "top": 199.90654205607476,
            "width": 91.96874389648437
        },
        {
            "height": 34.87850239120911,
            "label": "teddy bear",
            "left": 341.390625,
            "top": 292.73833601051405,
            "width": 11.784375
        },
        {
            "height": 119.3411214953271,
            "label": "teddy bear",
            "left": 208.0875,
            "top": 396.5186550817757,
            "width": 63.66563110351562
        },
        {
            "height": 138.0,
            "label": "person",
            "left": 329.1187255859375,
            "top": 211.1775335864486,
            "width": 24.65625
        },
        {
            "height": 161.10280373831776,
            "label": "person",
            "left": 539.34375,
            "top": 203.2149897780374,
            "width": 56.934375
        },
        {
            "height": 50.901869158878505,
            "label": "chair",
            "left": 76.715625,
            "top": 249.56071115654206,
            "width": 11.662499237060548
        },
        {
            "height": 88.40186915887851,
            "label": "chair",
            "left": 0.0,
            "top": 282.21029862733644,
            "width": 32.26874694824219
        },
        {
            "height": 54.210275810455606,
            "label": "chair",
            "left": 200.69063720703124,
            "top": 267.74302716121497,
            "width": 8.203125
        },
        {
            "height": 86.14485981308411,
            "label": "person",
            "left": 489.993798828125,
            "top": 265.6822247371495,
            "width": 24.009375
        }
    ]
}