{
    "image_id": 117425,
    "seq": [
        {
            "height": 217.67813110351562,
            "label": "dining table",
            "left": 1.8000000715255737,
            "top": 175.8468780517578,
            "width": 427.2562255859375
        },
        {
            "height": 392.390625,
            "label": "person",
            "left": 258.7875061035156,
            "top": 6.984375,
            "width": 278.4843444824219
        },
        {
            "height": 168.41250610351562,
            "label": "spoon",
            "left": 363.0,
            "top": 170.42811584472656,
            "width": 41.868751525878906
        },
        {
            "height": 116.3812484741211,
            "label": "cake",
            "left": 107.98124694824219,
            "top": 225.6843719482422,
            "width": 80.34375
        },
        {
            "height": 390.3937683105469,
            "label": "person",
            "left": 505.2750244140625,
            "top": 0.9000000357627869,
            "width": 94.7249984741211
        },
        {
            "height": 157.46250915527344,
            "label": "person",
            "left": 0.0,
            "top": 38.390628814697266,
            "width": 65.3812484741211
        },
        {
            "height": 123.03750610351562,
            "label": "cup",
            "left": 0.0,
            "top": 179.41876220703125,
            "width": 75.72187042236328
        }
    ]
}