{
    "image_id": 11760,
    "seq": [
        {
            "height": 466.5035294117647,
            "label": "zebra",
            "left": 424.828125,
            "top": 123.3458731617647,
            "width": 142.36875
        },
        {
            "height": 417.4870588235294,
            "label": "zebra",
            "left": 251.6250244140625,
            "top": 141.20473345588235,
            "width": 111.684375
        },
        {
            "height": 407.6329411764706,
            "label": "zebra",
            "left": 32.58749694824219,
            "top": 139.20001838235294,
            "width": 168.84375
        }
    ]
}