{
    "image_id": 11760,
    "seq": [
        {
            "height": 309.7874755859375,
            "label": "zebra",
            "left": 425.2968444824219,
            "top": 82.37812805175781,
            "width": 142.36874389648438
        },
        {
            "height": 277.2375183105469,
            "label": "zebra",
            "left": 252.09375,
            "top": 94.23750305175781,
            "width": 111.68437957763672
        },
        {
            "height": 270.6937255859375,
            "label": "zebra",
            "left": 33.05624771118164,
            "top": 92.90625,
            "width": 168.84375
        }
    ]
}