{
    "image_id": 117719,
    "seq": [
        {
            "height": 79.99058823529411,
            "label": "cup",
            "left": 344.3437744140625,
            "top": 396.2400367647059,
            "width": 24.290625
        },
        {
            "height": 51.515298713235296,
            "label": "bottle",
            "left": 241.44375,
            "top": 121.4400275735294,
            "width": 14.071875
        },
        {
            "height": 53.98588694852941,
            "label": "bottle",
            "left": 253.678125,
            "top": 122.01882352941176,
            "width": 14.474998474121094
        },
        {
            "height": 53.06823529411765,
            "label": "bottle",
            "left": 265.6499755859375,
            "top": 124.40473345588235,
            "width": 13.9125
        },
        {
            "height": 52.19294117647059,
            "label": "bottle",
            "left": 278.08125,
            "top": 125.94353860294117,
            "width": 11.137499237060547
        },
        {
            "height": 50.95058823529412,
            "label": "bottle",
            "left": 288.58125,
            "top": 128.61172794117647,
            "width": 10.95
        },
        {
            "height": 97.4964705882353,
            "label": "bottle",
            "left": 61.471875,
            "top": 250.13643382352942,
            "width": 20.840625
        },
        {
            "height": 48.64941176470588,
            "label": "bottle",
            "left": 325.546875,
            "top": 135.26119485294117,
            "width": 9.965624237060547
        },
        {
            "height": 50.03294117647059,
            "label": "bottle",
            "left": 335.146875,
            "top": 136.00938419117648,
            "width": 12.253125
        },
        {
            "height": 47.88705422794118,
            "label": "bottle",
            "left": 347.071875,
            "top": 138.39530330882354,
            "width": 10.837500762939452
        },
        {
            "height": 84.69176470588235,
            "label": "bottle",
            "left": 129.95625,
            "top": 142.68704044117646,
            "width": 27.121875
        },
        {
            "height": 85.63764705882353,
            "label": "bottle",
            "left": 172.64063720703126,
            "top": 142.7435386029412,
            "width": 15.84375
        },
        {
            "height": 78.12705882352941,
            "label": "wine glass",
            "left": 319.8187255859375,
            "top": 398.7811764705882,
            "width": 16.415625
        },
        {
            "height": 75.44470588235293,
            "label": "wine glass",
            "left": 341.25,
            "top": 401.06827205882354,
            "width": 27.7875
        },
        {
            "height": 98.56941176470588,
            "label": "bottle",
            "left": 203.13748779296876,
            "top": 135.76938419117647,
            "width": 19.781251525878908
        },
        {
            "height": 78.02823529411765,
            "label": "bottle",
            "left": 0.0,
            "top": 131.7317830882353,
            "width": 18.4125
        },
        {
            "height": 371.8870955882353,
            "label": "person",
            "left": 388.631298828125,
            "top": 227.30823529411765,
            "width": 210.9
        },
        {
            "height": 70.43294117647059,
            "label": "wine glass",
            "left": 303.309375,
            "top": 406.09411764705885,
            "width": 18.871876525878907
        }
    ]
}