{
    "image_id": 117719,
    "seq": [
        {
            "height": 53.11874771118164,
            "label": "cup",
            "left": 344.8125,
            "top": 263.5968933105469,
            "width": 24.290626525878906
        },
        {
            "height": 34.20937728881836,
            "label": "bottle",
            "left": 241.91250610351562,
            "top": 81.11249542236328,
            "width": 14.07187557220459
        },
        {
            "height": 35.85000228881836,
            "label": "bottle",
            "left": 254.14686584472656,
            "top": 81.49687194824219,
            "width": 14.47499942779541
        },
        {
            "height": 35.24062728881836,
            "label": "bottle",
            "left": 266.1187438964844,
            "top": 83.08125305175781,
            "width": 13.91249942779541
        },
        {
            "height": 34.65937423706055,
            "label": "bottle",
            "left": 278.54998779296875,
            "top": 84.10311889648438,
            "width": 11.137499809265137
        },
        {
            "height": 33.834373474121094,
            "label": "bottle",
            "left": 289.0500183105469,
            "top": 85.875,
            "width": 10.949999809265137
        },
        {
            "height": 64.74374389648438,
            "label": "bottle",
            "left": 61.94062423706055,
            "top": 166.5749969482422,
            "width": 20.840625762939453
        },
        {
            "height": 32.30624771118164,
            "label": "bottle",
            "left": 326.015625,
            "top": 90.29061889648438,
            "width": 9.965624809265137
        },
        {
            "height": 33.224998474121094,
            "label": "bottle",
            "left": 335.6156311035156,
            "top": 90.7874984741211,
            "width": 12.253124237060547
        },
        {
            "height": 31.799997329711914,
            "label": "bottle",
            "left": 347.5406188964844,
            "top": 92.37187194824219,
            "width": 10.83750057220459
        },
        {
            "height": 56.24062728881836,
            "label": "bottle",
            "left": 130.4250030517578,
            "top": 95.22187042236328,
            "width": 27.121875762939453
        },
        {
            "height": 56.868751525878906,
            "label": "bottle",
            "left": 173.109375,
            "top": 95.2593765258789,
            "width": 15.843749046325684
        },
        {
            "height": 51.881248474121094,
            "label": "wine glass",
            "left": 320.2875061035156,
            "top": 265.2843933105469,
            "width": 16.415624618530273
        },
        {
            "height": 50.099998474121094,
            "label": "wine glass",
            "left": 341.71875,
            "top": 266.8031311035156,
            "width": 27.787500381469727
        },
        {
            "height": 65.45624542236328,
            "label": "bottle",
            "left": 203.60623168945312,
            "top": 90.62812042236328,
            "width": 19.781251907348633
        },
        {
            "height": 51.81562423706055,
            "label": "bottle",
            "left": 0.0,
            "top": 87.94686889648438,
            "width": 18.412500381469727
        },
        {
            "height": 246.9562530517578,
            "label": "person",
            "left": 389.1000061035156,
            "top": 151.41561889648438,
            "width": 210.90000915527344
        },
        {
            "height": 46.771873474121094,
            "label": "wine glass",
            "left": 303.77813720703125,
            "top": 270.140625,
            "width": 18.871875762939453
        }
    ]
}