{
    "image_id": 117908,
    "seq": [
        {
            "height": 203.97598266601562,
            "label": "cat",
            "left": 416.2080078125,
            "top": 175.89599609375,
            "width": 183.79200744628906
        },
        {
            "height": 339.1200256347656,
            "label": "person",
            "left": 0.0,
            "top": 40.41600036621094,
            "width": 294.25201416015625
        },
        {
            "height": 104.41200256347656,
            "label": "refrigerator",
            "left": 1.7280000448226929,
            "top": 1.944000005722046,
            "width": 294.25201416015625
        },
        {
            "height": 231.08399963378906,
            "label": "refrigerator",
            "left": 214.7639923095703,
            "top": 148.70399475097656,
            "width": 299.8079833984375
        },
        {
            "height": 28.176000595092773,
            "label": "bottle",
            "left": 279.8760070800781,
            "top": 355.8240051269531,
            "width": 19.211999893188477
        },
        {
            "height": 48.288002014160156,
            "label": "bottle",
            "left": 254.3280029296875,
            "top": 335.7120056152344,
            "width": 28.440000534057617
        },
        {
            "height": 83.78400421142578,
            "label": "bottle",
            "left": 381.01202392578125,
            "top": 204.46798706054688,
            "width": 43.884002685546875
        },
        {
            "height": 80.16000366210938,
            "label": "bottle",
            "left": 343.5,
            "top": 192.82801818847656,
            "width": 40.08000183105469
        },
        {
            "height": 75.03599548339844,
            "label": "bottle",
            "left": 319.6199951171875,
            "top": 187.72801208496094,
            "width": 36.672000885009766
        }
    ]
}