{
    "image_id": 117914,
    "seq": [
        {
            "height": 33.348,
            "label": "bottle",
            "left": 28.054054054054053,
            "top": 294.348,
            "width": 24.18018018018018
        },
        {
            "height": 266.904,
            "label": "toilet",
            "left": 15.261271525431681,
            "top": 332.49603125,
            "width": 311.06306306306305
        },
        {
            "height": 88.968,
            "label": "sink",
            "left": 238.2882882882883,
            "top": 510.43203125,
            "width": 360.81081081081084
        }
    ]
}