{
    "image_id": 117908,
    "seq": [
        {
            "height": 318.7125,
            "label": "cat",
            "left": 415.60803125,
            "top": 273.9000244140625,
            "width": 183.792
        },
        {
            "height": 529.875,
            "label": "person",
            "left": 0.0,
            "top": 62.21248168945313,
            "width": 294.252
        },
        {
            "height": 163.14375,
            "label": "refrigerator",
            "left": 1.1279940185546875,
            "top": 2.1000085830688477,
            "width": 294.252
        },
        {
            "height": 361.0687744140625,
            "label": "refrigerator",
            "left": 214.16403125,
            "top": 231.4124755859375,
            "width": 299.808
        },
        {
            "height": 44.025,
            "label": "bottle",
            "left": 279.276,
            "top": 555.037548828125,
            "width": 19.212
        },
        {
            "height": 75.45000610351562,
            "label": "bottle",
            "left": 253.728,
            "top": 523.6125,
            "width": 28.44
        },
        {
            "height": 130.9125,
            "label": "bottle",
            "left": 380.412,
            "top": 318.5437255859375,
            "width": 43.884
        },
        {
            "height": 125.25,
            "label": "bottle",
            "left": 342.9,
            "top": 300.3562255859375,
            "width": 40.08
        },
        {
            "height": 117.24373779296874,
            "label": "bottle",
            "left": 319.02,
            "top": 292.3875,
            "width": 36.672
        }
    ]
}