{
    "image_id": 117914,
    "seq": [
        {
            "height": 33.347999572753906,
            "label": "bottle",
            "left": 19.283998489379883,
            "top": 294.947998046875,
            "width": 16.104000091552734
        },
        {
            "height": 266.90399169921875,
            "label": "toilet",
            "left": 10.763999938964844,
            "top": 333.0959777832031,
            "width": 207.16799926757812
        },
        {
            "height": 88.9679946899414,
            "label": "sink",
            "left": 159.3000030517578,
            "top": 511.031982421875,
            "width": 240.3000030517578
        }
    ]
}