{
    "image_id": 118367,
    "seq": [
        {
            "height": 272.5031433105469,
            "label": "hot dog",
            "left": 144.69375610351562,
            "top": 29.737499237060547,
            "width": 270.0843811035156
        },
        {
            "height": 275.5500183105469,
            "label": "sandwich",
            "left": 146.30624389648438,
            "top": 25.087501525878906,
            "width": 272.859375
        },
        {
            "height": 16.15312385559082,
            "label": "carrot",
            "left": 232.20938110351562,
            "top": 124.66874694824219,
            "width": 38.31562423706055
        },
        {
            "height": 308.69061279296875,
            "label": "person",
            "left": 0.0,
            "top": 60.72187423706055,
            "width": 392.390625
        },
        {
            "height": 55.76250076293945,
            "label": "carrot",
            "left": 314.3343811035156,
            "top": 149.40936279296875,
            "width": 42.984375
        },
        {
            "height": 62.40937423706055,
            "label": "carrot",
            "left": 199.3874969482422,
            "top": 226.921875,
            "width": 66.76875305175781
        },
        {
            "height": 16.453123092651367,
            "label": "carrot",
            "left": 174.10313415527344,
            "top": 249.78750610351562,
            "width": 20.446874618530273
        },
        {
            "height": 19.931249618530273,
            "label": "carrot",
            "left": 221.40000915527344,
            "top": 135.14060974121094,
            "width": 33.337501525878906
        },
        {
            "height": 18.703126907348633,
            "label": "carrot",
            "left": 282.8062438964844,
            "top": 229.81875610351562,
            "width": 14.409374237060547
        },
        {
            "height": 19.781251907348633,
            "label": "carrot",
            "left": 278.64373779296875,
            "top": 211.98748779296875,
            "width": 28.03125
        }
    ]
}