{
    "image_id": 118367,
    "seq": [
        {
            "height": 408.4356337822014,
            "label": "hot dog",
            "left": 144.22501220703126,
            "top": 43.868811292447305,
            "width": 270.084375
        },
        {
            "height": 413.00237851288057,
            "label": "sandwich",
            "left": 145.8375,
            "top": 36.899306572014055,
            "width": 272.859375
        },
        {
            "height": 24.210772833723652,
            "label": "carrot",
            "left": 231.740625,
            "top": 186.1545667447307,
            "width": 38.315625
        },
        {
            "height": 462.6744730679157,
            "label": "person",
            "left": 0.0,
            "top": 90.30911519320843,
            "width": 392.390625
        },
        {
            "height": 83.5784543325527,
            "label": "carrot",
            "left": 313.865625,
            "top": 223.23653395784544,
            "width": 42.984375
        },
        {
            "height": 93.54098360655738,
            "label": "carrot",
            "left": 198.91873779296876,
            "top": 339.41451990632316,
            "width": 66.76875
        },
        {
            "height": 24.660421545667447,
            "label": "carrot",
            "left": 173.63436279296874,
            "top": 373.6861826697892,
            "width": 20.446875
        },
        {
            "height": 29.873534012734194,
            "label": "carrot",
            "left": 220.93125,
            "top": 201.85013539227165,
            "width": 33.3375
        },
        {
            "height": 28.0327868852459,
            "label": "carrot",
            "left": 282.3375,
            "top": 343.7564036885246,
            "width": 14.409373474121093
        },
        {
            "height": 29.648714230825526,
            "label": "carrot",
            "left": 278.1750244140625,
            "top": 317.0304449648712,
            "width": 28.03125
        }
    ]
}