{
    "image_id": 118921,
    "seq": [
        {
            "height": 317.80331528103045,
            "label": "person",
            "left": 289.040625,
            "top": 184.91803278688525,
            "width": 153.59061279296876
        },
        {
            "height": 111.79391100702576,
            "label": "skis",
            "left": 329.68125,
            "top": 453.7938744145199,
            "width": 86.775
        },
        {
            "height": 46.76346604215457,
            "label": "skis",
            "left": 362.578125,
            "top": 472.51046545667447,
            "width": 47.63438110351562
        }
    ]
}