{
    "image_id": 118921,
    "seq": [
        {
            "height": 212.0343780517578,
            "label": "person",
            "left": 289.5093688964844,
            "top": 123.84375762939453,
            "width": 153.5906219482422
        },
        {
            "height": 74.5875015258789,
            "label": "skis",
            "left": 330.1499938964844,
            "top": 303.234375,
            "width": 86.77499389648438
        },
        {
            "height": 31.19999885559082,
            "label": "skis",
            "left": 363.046875,
            "top": 315.72186279296875,
            "width": 47.634376525878906
        }
    ]
}