{
    "image_id": 119088,
    "seq": [
        {
            "height": 93.74400329589844,
            "label": "person",
            "left": 567.0719604492188,
            "top": 23.112001419067383,
            "width": 31.968000411987305
        },
        {
            "height": 145.6199951171875,
            "label": "person",
            "left": 49.54800033569336,
            "top": 60.672000885009766,
            "width": 52.73999786376953
        },
        {
            "height": 11.616000175476074,
            "label": "frisbee",
            "left": 198.86399841308594,
            "top": 335.3639831542969,
            "width": 35.7239990234375
        },
        {
            "height": 134.80799865722656,
            "label": "person",
            "left": 267.4320068359375,
            "top": 208.16400146484375,
            "width": 118.88399505615234
        }
    ]
}