{
    "image_id": 119038,
    "seq": [
        {
            "height": 95.04374694824219,
            "label": "cow",
            "left": 455.0062561035156,
            "top": 218.49374389648438,
            "width": 107.83124542236328
        },
        {
            "height": 117.515625,
            "label": "cow",
            "left": 476.8500061035156,
            "top": 186.41249084472656,
            "width": 109.6968765258789
        },
        {
            "height": 62.0625,
            "label": "cow",
            "left": 336.82501220703125,
            "top": 192.421875,
            "width": 65.625
        }
    ]
}