{
    "image_id": 119038,
    "seq": [
        {
            "height": 126.725,
            "label": "cow",
            "left": 454.537451171875,
            "top": 290.7,
            "width": 107.83125
        },
        {
            "height": 156.6875,
            "label": "cow",
            "left": 476.38125,
            "top": 247.92501627604167,
            "width": 109.696875
        },
        {
            "height": 82.75,
            "label": "cow",
            "left": 336.3562255859375,
            "top": 255.9375,
            "width": 65.625
        }
    ]
}