{
    "image_id": 119088,
    "seq": [
        {
            "height": 124.992,
            "label": "person",
            "left": 566.472,
            "top": 30.016010416666667,
            "width": 31.968
        },
        {
            "height": 194.16,
            "label": "person",
            "left": 48.948,
            "top": 80.096,
            "width": 52.74
        },
        {
            "height": 15.488,
            "label": "frisbee",
            "left": 198.264,
            "top": 446.352,
            "width": 35.724
        },
        {
            "height": 179.744,
            "label": "person",
            "left": 266.83196875,
            "top": 276.75202083333335,
            "width": 118.884
        }
    ]
}