{
    "image_id": 119233,
    "seq": [
        {
            "height": 164.65869433008982,
            "label": "bird",
            "left": 455.772,
            "top": 0.0,
            "width": 90.048
        },
        {
            "height": 292.6167664670659,
            "label": "cat",
            "left": 14.6399970703125,
            "top": 175.07783261601796,
            "width": 533.508
        },
        {
            "height": 45.862275449101794,
            "label": "spoon",
            "left": 402.13196875,
            "top": 37.81438002900449,
            "width": 19.955998046875
        },
        {
            "height": 44.712574850299404,
            "label": "spoon",
            "left": 379.056,
            "top": 42.23354462949102,
            "width": 12.612
        },
        {
            "height": 368.08383233532936,
            "label": "laptop",
            "left": 72.3600078125,
            "top": 19.32934716504491,
            "width": 304.428
        },
        {
            "height": 93.50299401197604,
            "label": "cup",
            "left": 24.384001953125,
            "top": 69.2335270864521,
            "width": 48.924
        },
        {
            "height": 37.59880239520958,
            "label": "spoon",
            "left": 422.62796875,
            "top": 34.508984959767965,
            "width": 14.736
        },
        {
            "height": 31.652697534618262,
            "label": "spoon",
            "left": 394.512,
            "top": 51.646694891467064,
            "width": 9.3
        },
        {
            "height": 54.55688622754491,
            "label": "cell phone",
            "left": 0.0,
            "top": 371.87427488772454,
            "width": 54.9
        }
    ]
}