{
    "image_id": 119233,
    "seq": [
        {
            "height": 109.99199676513672,
            "label": "bird",
            "left": 456.37200927734375,
            "top": 0.2759999930858612,
            "width": 90.0479965209961
        },
        {
            "height": 195.46800231933594,
            "label": "cat",
            "left": 15.239999771118164,
            "top": 117.552001953125,
            "width": 533.5079956054688
        },
        {
            "height": 30.636001586914062,
            "label": "spoon",
            "left": 402.7319641113281,
            "top": 25.860000610351562,
            "width": 19.95599937438965
        },
        {
            "height": 29.868000030517578,
            "label": "spoon",
            "left": 379.656005859375,
            "top": 28.812000274658203,
            "width": 12.612000465393066
        },
        {
            "height": 245.87998962402344,
            "label": "laptop",
            "left": 72.95999908447266,
            "top": 13.51200008392334,
            "width": 304.4280090332031
        },
        {
            "height": 62.459999084472656,
            "label": "cup",
            "left": 24.983999252319336,
            "top": 46.847999572753906,
            "width": 48.92400360107422
        },
        {
            "height": 25.115999221801758,
            "label": "spoon",
            "left": 423.22802734375,
            "top": 23.65199851989746,
            "width": 14.73599910736084
        },
        {
            "height": 21.144001007080078,
            "label": "spoon",
            "left": 395.1120300292969,
            "top": 35.099998474121094,
            "width": 9.300000190734863
        },
        {
            "height": 36.444000244140625,
            "label": "cell phone",
            "left": 0.0,
            "top": 249.01199340820312,
            "width": 54.89999771118164
        }
    ]
}