{
    "image_id": 119365,
    "seq": [
        {
            "height": 77.3343734741211,
            "label": "cell phone",
            "left": 304.3874816894531,
            "top": 274.0593566894531,
            "width": 46.40625
        },
        {
            "height": 307.2562255859375,
            "label": "person",
            "left": 5.371875286102295,
            "top": 287.3812561035156,
            "width": 393.28125
        },
        {
            "height": 321.3937683105469,
            "label": "laptop",
            "left": 113.6624984741211,
            "top": 134.33436584472656,
            "width": 277.4343566894531
        },
        {
            "height": 110.15625,
            "label": "keyboard",
            "left": 132.29998779296875,
            "top": 290.1843566894531,
            "width": 184.921875
        },
        {
            "height": 326.59686279296875,
            "label": "person",
            "left": 0.0,
            "top": 186.33749389648438,
            "width": 215.25001525878906
        }
    ]
}