{
    "image_id": 119365,
    "seq": [
        {
            "height": 77.334375,
            "label": "cell phone",
            "left": 405.225,
            "top": 273.5906494140625,
            "width": 61.875
        },
        {
            "height": 307.25625,
            "label": "person",
            "left": 6.53748524983724,
            "top": 286.9125,
            "width": 524.375
        },
        {
            "height": 321.39375,
            "label": "laptop",
            "left": 150.92498372395832,
            "top": 133.86563720703126,
            "width": 369.9125
        },
        {
            "height": 110.15625,
            "label": "keyboard",
            "left": 175.775,
            "top": 289.715625,
            "width": 246.5625
        },
        {
            "height": 326.596875,
            "label": "person",
            "left": 0.0,
            "top": 185.86876220703124,
            "width": 287.0
        }
    ]
}