{
    "image_id": 119452,
    "seq": [
        {
            "height": 450.0,
            "label": "banana",
            "left": 32.671875,
            "top": 0.0,
            "width": 567.328125
        },
        {
            "height": 123.8812484741211,
            "label": "banana",
            "left": 205.41561889648438,
            "top": 0.9375,
            "width": 114.34687805175781
        },
        {
            "height": 272.1187744140625,
            "label": "orange",
            "left": 1.0593749284744263,
            "top": 171.52500915527344,
            "width": 292.2375183105469
        },
        {
            "height": 320.8218688964844,
            "label": "orange",
            "left": 456.35626220703125,
            "top": 62.14687728881836,
            "width": 143.6437530517578
        },
        {
            "height": 78.53437042236328,
            "label": "apple",
            "left": 365.0812683105469,
            "top": 207.7781219482422,
            "width": 71.5687484741211
        },
        {
            "height": 75.0,
            "label": "apple",
            "left": 430.0031433105469,
            "top": 246.1968536376953,
            "width": 35.13750076293945
        }
    ]
}