{
    "image_id": 119452,
    "seq": [
        {
            "height": 600.0,
            "label": "banana",
            "left": 32.203085327148436,
            "top": 0.0,
            "width": 567.328125
        },
        {
            "height": 165.175,
            "label": "banana",
            "left": 204.9468505859375,
            "top": 0.6250202814737956,
            "width": 114.346875
        },
        {
            "height": 362.825,
            "label": "orange",
            "left": 0.5906224250793457,
            "top": 228.07498372395833,
            "width": 292.2375
        },
        {
            "height": 427.7625325520833,
            "label": "orange",
            "left": 455.8875,
            "top": 82.23748372395833,
            "width": 143.64375
        },
        {
            "height": 104.71249186197916,
            "label": "apple",
            "left": 364.6124755859375,
            "top": 276.41253255208335,
            "width": 71.56874389648438
        },
        {
            "height": 100.0,
            "label": "apple",
            "left": 429.534375,
            "top": 327.63746744791666,
            "width": 35.1375
        }
    ]
}