{
    "image_id": 119445,
    "seq": [
        {
            "height": 10.96875,
            "label": "sports ball",
            "left": 282.5531311035156,
            "top": 85.8656234741211,
            "width": 10.387500762939453
        },
        {
            "height": 196.08750915527344,
            "label": "person",
            "left": 172.7062530517578,
            "top": 165.9562530517578,
            "width": 153.80624389648438
        },
        {
            "height": 161.90625,
            "label": "person",
            "left": 490.22808837890625,
            "top": 213.62811279296875,
            "width": 109.7718734741211
        },
        {
            "height": 8.981249809265137,
            "label": "baseball bat",
            "left": 86.65312194824219,
            "top": 225.62811279296875,
            "width": 82.3218765258789
        },
        {
            "height": 31.37812614440918,
            "label": "baseball glove",
            "left": 394.10626220703125,
            "top": 262.8374938964844,
            "width": 30.90937614440918
        },
        {
            "height": 126.71250915527344,
            "label": "person",
            "left": 414.4218444824219,
            "top": 246.1312713623047,
            "width": 114.28125762939453
        }
    ]
}