{
    "image_id": 119445,
    "seq": [
        {
            "height": 16.47887323943662,
            "label": "sports ball",
            "left": 282.0843505859375,
            "top": 128.2957654782864,
            "width": 10.3875
        },
        {
            "height": 294.59154929577466,
            "label": "person",
            "left": 172.2375,
            "top": 248.6197549882629,
            "width": 153.80625
        },
        {
            "height": 243.2394549589202,
            "label": "person",
            "left": 489.759423828125,
            "top": 320.2393632629108,
            "width": 109.771875
        },
        {
            "height": 13.492957746478874,
            "label": "baseball bat",
            "left": 86.18438110351562,
            "top": 338.2676056338028,
            "width": 82.321875
        },
        {
            "height": 47.140845070422536,
            "label": "baseball glove",
            "left": 393.6374755859375,
            "top": 394.1690507629108,
            "width": 30.909375
        },
        {
            "height": 190.3661971830986,
            "label": "person",
            "left": 413.953125,
            "top": 369.0703858568075,
            "width": 114.28126220703125
        }
    ]
}