{
    "image_id": 119516,
    "seq": [
        {
            "height": 56.950819672131146,
            "label": "bicycle",
            "left": 395.3624755859375,
            "top": 337.20843091334893,
            "width": 24.3
        },
        {
            "height": 202.7775175644028,
            "label": "person",
            "left": 348.0,
            "top": 291.07728337236534,
            "width": 36.290625
        },
        {
            "height": 7.433255269320843,
            "label": "cell phone",
            "left": 350.8781494140625,
            "top": 340.8056206088993,
            "width": 5.371875
        },
        {
            "height": 39.49882903981265,
            "label": "handbag",
            "left": 344.9250244140625,
            "top": 425.85948477751754,
            "width": 18.084376525878906
        },
        {
            "height": 33.47072599531616,
            "label": "traffic light",
            "left": 405.909375,
            "top": 178.06090822599532,
            "width": 11.5875
        },
        {
            "height": 12.716627634660421,
            "label": "traffic light",
            "left": 585.403125,
            "top": 223.40515222482435,
            "width": 6.440625
        },
        {
            "height": 52.131147540983605,
            "label": "person",
            "left": 585.0,
            "top": 313.15226141686185,
            "width": 13.471876525878907
        },
        {
            "height": 51.653391210480095,
            "label": "motorcycle",
            "left": 494.840625,
            "top": 336.74473067915693,
            "width": 45.31875
        },
        {
            "height": 13.278688524590164,
            "label": "traffic light",
            "left": 264.9468505859375,
            "top": 260.59954991217796,
            "width": 7.228125
        }
    ]
}