{
    "image_id": 119516,
    "seq": [
        {
            "height": 37.99687576293945,
            "label": "bicycle",
            "left": 395.83123779296875,
            "top": 225.4499969482422,
            "width": 24.299999237060547
        },
        {
            "height": 135.29061889648438,
            "label": "person",
            "left": 348.4687805175781,
            "top": 194.671875,
            "width": 36.29062271118164
        },
        {
            "height": 4.959374904632568,
            "label": "cell phone",
            "left": 351.34686279296875,
            "top": 227.84999084472656,
            "width": 5.371875286102295
        },
        {
            "height": 26.353126525878906,
            "label": "handbag",
            "left": 345.3937683105469,
            "top": 284.5968933105469,
            "width": 18.084375381469727
        },
        {
            "height": 22.331249237060547,
            "label": "traffic light",
            "left": 406.37811279296875,
            "top": 119.26875305175781,
            "width": 11.587499618530273
        },
        {
            "height": 8.484375,
            "label": "traffic light",
            "left": 585.8718872070312,
            "top": 149.52188110351562,
            "width": 6.440624713897705
        },
        {
            "height": 34.78125,
            "label": "person",
            "left": 585.46875,
            "top": 209.40000915527344,
            "width": 13.471875190734863
        },
        {
            "height": 34.46249771118164,
            "label": "motorcycle",
            "left": 495.30938720703125,
            "top": 225.140625,
            "width": 45.31875228881836
        },
        {
            "height": 8.859375,
            "label": "traffic light",
            "left": 265.4156188964844,
            "top": 174.33750915527344,
            "width": 7.228125095367432
        }
    ]
}