{
    "image_id": 119641,
    "seq": [
        {
            "height": 8.240625381469727,
            "label": "tie",
            "left": 150.3937530517578,
            "top": 339.5999755859375,
            "width": 5.268749713897705
        },
        {
            "height": 41.92500305175781,
            "label": "person",
            "left": 240.7687530517578,
            "top": 320.6906433105469,
            "width": 18.778125762939453
        },
        {
            "height": 51.271873474121094,
            "label": "person",
            "left": 139.27499389648438,
            "top": 327.75,
            "width": 26.493749618530273
        },
        {
            "height": 46.61250305175781,
            "label": "person",
            "left": 258.7406005859375,
            "top": 322.1156311035156,
            "width": 24.665624618530273
        },
        {
            "height": 24.299999237060547,
            "label": "person",
            "left": 482.4844055175781,
            "top": 334.47186279296875,
            "width": 17.746875762939453
        },
        {
            "height": 24.28125,
            "label": "person",
            "left": 120.22500610351562,
            "top": 331.2562561035156,
            "width": 23.02499771118164
        },
        {
            "height": 30.337501525878906,
            "label": "person",
            "left": 470.5500183105469,
            "top": 342.8812255859375,
            "width": 15.674999237060547
        },
        {
            "height": 73.1156234741211,
            "label": "elephant",
            "left": 110.65312194824219,
            "top": 369.8718566894531,
            "width": 61.79063034057617
        },
        {
            "height": 63.85312271118164,
            "label": "elephant",
            "left": 233.109375,
            "top": 365.3718566894531,
            "width": 50.671871185302734
        },
        {
            "height": 45.89999771118164,
            "label": "elephant",
            "left": 276.3937683105469,
            "top": 375.7312316894531,
            "width": 99.45936584472656
        },
        {
            "height": 41.91562271118164,
            "label": "elephant",
            "left": 466.5843811035156,
            "top": 366.58123779296875,
            "width": 36.72187423706055
        },
        {
            "height": 43.500003814697266,
            "label": "elephant",
            "left": 566.3624877929688,
            "top": 359.8406066894531,
            "width": 33.63750076293945
        },
        {
            "height": 51.29062271118164,
            "label": "elephant",
            "left": 360.2250061035156,
            "top": 365.390625,
            "width": 37.37812423706055
        },
        {
            "height": 5.643750190734863,
            "label": "tie",
            "left": 131.86874389648438,
            "top": 340.3687438964844,
            "width": 1.6593749523162842
        },
        {
            "height": 22.162498474121094,
            "label": "person",
            "left": 246.5343780517578,
            "top": 345.96563720703125,
            "width": 15.46875
        },
        {
            "height": 36.57187271118164,
            "label": "person",
            "left": 351.6187438964844,
            "top": 342.4593811035156,
            "width": 17.15625
        },
        {
            "height": 26.924999237060547,
            "label": "person",
            "left": 373.7718811035156,
            "top": 332.46563720703125,
            "width": 19.968748092651367
        },
        {
            "height": 29.74687385559082,
            "label": "person",
            "left": 582.1781005859375,
            "top": 335.53125,
            "width": 15.618749618530273
        },
        {
            "height": 34.51874923706055,
            "label": "person",
            "left": 333.26251220703125,
            "top": 340.9593811035156,
            "width": 20.212499618530273
        },
        {
            "height": 32.82187271118164,
            "label": "person",
            "left": 318.81561279296875,
            "top": 348.0843811035156,
            "width": 17.990625381469727
        },
        {
            "height": 31.996875762939453,
            "label": "person",
            "left": 363.3093566894531,
            "top": 329.08123779296875,
            "width": 13.293749809265137
        }
    ]
}