{
    "image_id": 119641,
    "seq": [
        {
            "height": 10.9875,
            "label": "tie",
            "left": 149.92498779296875,
            "top": 452.17503255208334,
            "width": 5.26875
        },
        {
            "height": 55.9,
            "label": "person",
            "left": 240.2999755859375,
            "top": 426.96246744791665,
            "width": 18.778125
        },
        {
            "height": 68.3625,
            "label": "person",
            "left": 138.80625,
            "top": 436.375,
            "width": 26.49375
        },
        {
            "height": 62.15,
            "label": "person",
            "left": 258.271875,
            "top": 428.86253255208334,
            "width": 24.665626525878906
        },
        {
            "height": 32.4,
            "label": "person",
            "left": 482.015625,
            "top": 445.3374348958333,
            "width": 17.746875
        },
        {
            "height": 32.375,
            "label": "person",
            "left": 119.75625,
            "top": 441.05,
            "width": 23.024996948242187
        },
        {
            "height": 40.45,
            "label": "person",
            "left": 470.08125,
            "top": 456.55,
            "width": 15.675
        },
        {
            "height": 97.4875,
            "label": "elephant",
            "left": 110.184375,
            "top": 492.53753255208335,
            "width": 61.79063110351562
        },
        {
            "height": 85.1375,
            "label": "elephant",
            "left": 232.6406005859375,
            "top": 486.53746744791664,
            "width": 50.671871948242185
        },
        {
            "height": 61.2,
            "label": "elephant",
            "left": 275.925,
            "top": 500.35003255208335,
            "width": 99.45936889648438
        },
        {
            "height": 55.8875,
            "label": "elephant",
            "left": 466.115625,
            "top": 488.15,
            "width": 36.72187194824219
        },
        {
            "height": 58.0,
            "label": "elephant",
            "left": 565.89375,
            "top": 479.1625651041667,
            "width": 33.6375
        },
        {
            "height": 68.3875,
            "label": "elephant",
            "left": 359.75625,
            "top": 486.5625,
            "width": 37.378125
        },
        {
            "height": 7.525,
            "label": "tie",
            "left": 131.4,
            "top": 453.2,
            "width": 1.659375
        },
        {
            "height": 29.55,
            "label": "person",
            "left": 246.065625,
            "top": 460.66246744791664,
            "width": 15.46875
        },
        {
            "height": 48.76249593098958,
            "label": "person",
            "left": 351.15,
            "top": 455.9874674479167,
            "width": 17.15625
        },
        {
            "height": 35.9,
            "label": "person",
            "left": 373.303125,
            "top": 442.6625,
            "width": 19.96875
        },
        {
            "height": 39.6625,
            "label": "person",
            "left": 581.709375,
            "top": 446.75,
            "width": 15.61875
        },
        {
            "height": 46.025,
            "label": "person",
            "left": 332.79375,
            "top": 453.9874674479167,
            "width": 20.2125
        },
        {
            "height": 43.76249593098958,
            "label": "person",
            "left": 318.346875,
            "top": 463.4874674479167,
            "width": 17.990625
        },
        {
            "height": 42.6625,
            "label": "person",
            "left": 362.840625,
            "top": 438.15003255208336,
            "width": 13.29375
        }
    ]
}