{
    "image_id": 119828,
    "seq": [
        {
            "height": 251.616,
            "label": "cat",
            "left": 141.66,
            "top": 234.032,
            "width": 384.192
        },
        {
            "height": 78.38400520833333,
            "label": "cup",
            "left": 413.13596875,
            "top": 185.12002083333334,
            "width": 72.42
        },
        {
            "height": 349.216,
            "label": "laptop",
            "left": 15.575990234375,
            "top": 0.5439996744791666,
            "width": 262.92
        },
        {
            "height": 63.824,
            "label": "remote",
            "left": 579.888,
            "top": 282.5759791666667,
            "width": 19.512
        },
        {
            "height": 71.408,
            "label": "cell phone",
            "left": 376.836,
            "top": 91.264,
            "width": 16.848
        },
        {
            "height": 36.112,
            "label": "mouse",
            "left": 333.84,
            "top": 244.28797916666667,
            "width": 45.9
        }
    ]
}