{
    "image_id": 119828,
    "seq": [
        {
            "height": 188.71200561523438,
            "label": "cat",
            "left": 142.260009765625,
            "top": 176.12399291992188,
            "width": 384.1920166015625
        },
        {
            "height": 58.78799819946289,
            "label": "cup",
            "left": 413.7359924316406,
            "top": 139.44000244140625,
            "width": 72.41999816894531
        },
        {
            "height": 261.9119873046875,
            "label": "laptop",
            "left": 16.17599868774414,
            "top": 1.0080000162124634,
            "width": 262.9200134277344
        },
        {
            "height": 47.86800003051758,
            "label": "remote",
            "left": 580.4879760742188,
            "top": 212.53199768066406,
            "width": 19.511999130249023
        },
        {
            "height": 53.55600357055664,
            "label": "cell phone",
            "left": 377.43597412109375,
            "top": 69.0479965209961,
            "width": 16.847999572753906
        },
        {
            "height": 27.083999633789062,
            "label": "mouse",
            "left": 334.4400329589844,
            "top": 183.81597900390625,
            "width": 45.89999771118164
        }
    ]
}