{
    "image_id": 119911,
    "seq": [
        {
            "height": 22.630588235294116,
            "label": "car",
            "left": 96.928125,
            "top": 89.28,
            "width": 26.5125
        },
        {
            "height": 19.55294117647059,
            "label": "car",
            "left": 137.353125,
            "top": 85.28469669117646,
            "width": 22.828123474121092
        },
        {
            "height": 17.802350643382354,
            "label": "car",
            "left": 80.503125,
            "top": 91.56706801470588,
            "width": 12.328125
        },
        {
            "height": 18.74823529411765,
            "label": "car",
            "left": 118.546875,
            "top": 85.04470588235294,
            "width": 19.106248474121095
        },
        {
            "height": 13.030587086397059,
            "label": "car",
            "left": 90.82500610351562,
            "top": 92.9364705882353,
            "width": 6.984375
        },
        {
            "height": 334.5882352941176,
            "label": "person",
            "left": 258.4125244140625,
            "top": 137.05409926470588,
            "width": 135.778125
        },
        {
            "height": 49.32705882352941,
            "label": "skateboard",
            "left": 257.1375,
            "top": 425.3364705882353,
            "width": 100.08751220703125
        }
    ]
}