{
    "image_id": 119995,
    "seq": [
        {
            "height": 567.792,
            "label": "person",
            "left": 49.55129874465812,
            "top": 14.2920078125,
            "width": 279.64102564102564
        },
        {
            "height": 62.016,
            "label": "tennis racket",
            "left": 329.23080261752136,
            "top": 256.932,
            "width": 218.96152176816238
        },
        {
            "height": 243.768,
            "label": "person",
            "left": 428.88461538461536,
            "top": 38.19598828125,
            "width": 149.8846153846154
        },
        {
            "height": 30.348001953125,
            "label": "person",
            "left": 552.4102564102565,
            "top": 0.0,
            "width": 46.94871794871795
        },
        {
            "height": 19.056,
            "label": "person",
            "left": 466.65387954059827,
            "top": 0.0,
            "width": 47.782051282051285
        },
        {
            "height": 17.136,
            "label": "person",
            "left": 380.2564102564103,
            "top": 0.0,
            "width": 88.03846153846153
        }
    ]
}