{
    "image_id": 119911,
    "seq": [
        {
            "height": 15.028125762939453,
            "label": "car",
            "left": 97.3968734741211,
            "top": 59.75625228881836,
            "width": 26.512500762939453
        },
        {
            "height": 12.984375,
            "label": "car",
            "left": 137.82186889648438,
            "top": 57.103126525878906,
            "width": 22.828125
        },
        {
            "height": 11.821874618530273,
            "label": "car",
            "left": 80.97187805175781,
            "top": 61.275001525878906,
            "width": 12.328124046325684
        },
        {
            "height": 12.449999809265137,
            "label": "car",
            "left": 119.015625,
            "top": 56.94375228881836,
            "width": 19.10624885559082
        },
        {
            "height": 8.653124809265137,
            "label": "car",
            "left": 91.29374694824219,
            "top": 62.18437957763672,
            "width": 6.984375
        },
        {
            "height": 222.1875,
            "label": "person",
            "left": 258.8812561035156,
            "top": 91.48125457763672,
            "width": 135.7781219482422
        },
        {
            "height": 32.756248474121094,
            "label": "skateboard",
            "left": 257.60626220703125,
            "top": 282.9187316894531,
            "width": 100.08750915527344
        }
    ]
}