{
    "image_id": 119995,
    "seq": [
        {
            "height": 567.7919921875,
            "label": "person",
            "left": 46.980003356933594,
            "top": 14.892000198364258,
            "width": 261.7439880371094
        },
        {
            "height": 62.01599884033203,
            "label": "tennis racket",
            "left": 308.7599792480469,
            "top": 257.531982421875,
            "width": 204.94798278808594
        },
        {
            "height": 243.76800537109375,
            "label": "person",
            "left": 402.0359802246094,
            "top": 38.79600143432617,
            "width": 140.29200744628906
        },
        {
            "height": 30.34800148010254,
            "label": "person",
            "left": 517.656005859375,
            "top": 0.0,
            "width": 43.94399642944336
        },
        {
            "height": 19.055999755859375,
            "label": "person",
            "left": 437.38800048828125,
            "top": 0.0,
            "width": 44.724002838134766
        },
        {
            "height": 17.13599967956543,
            "label": "person",
            "left": 356.52001953125,
            "top": 0.09600000083446503,
            "width": 82.40399932861328
        }
    ]
}