{
    "image_id": 120420,
    "seq": [
        {
            "height": 93.025,
            "label": "cell phone",
            "left": 143.1281005859375,
            "top": 235.425,
            "width": 254.83125
        },
        {
            "height": 464.3,
            "label": "person",
            "left": 107.25001220703125,
            "top": 135.0749755859375,
            "width": 403.6875
        },
        {
            "height": 111.6125,
            "label": "person",
            "left": 438.73125,
            "top": 114.36250813802083,
            "width": 27.75
        },
        {
            "height": 119.725,
            "label": "person",
            "left": 403.3593505859375,
            "top": 109.56250813802083,
            "width": 29.934375
        },
        {
            "height": 79.45,
            "label": "person",
            "left": 375.5625,
            "top": 145.95,
            "width": 26.709375
        },
        {
            "height": 21.4875,
            "label": "bench",
            "left": 33.478125,
            "top": 187.27501627604167,
            "width": 29.84062805175781
        },
        {
            "height": 46.7625,
            "label": "person",
            "left": 346.40625,
            "top": 121.95001627604167,
            "width": 19.003125
        },
        {
            "height": 36.025,
            "label": "person",
            "left": 332.409375,
            "top": 115.29998372395833,
            "width": 16.125
        },
        {
            "height": 25.65,
            "label": "person",
            "left": 11.981250762939453,
            "top": 123.15000813802084,
            "width": 6.946875
        },
        {
            "height": 13.687501017252604,
            "label": "person",
            "left": 318.0,
            "top": 124.75,
            "width": 12.91875
        },
        {
            "height": 13.674998982747395,
            "label": "bird",
            "left": 24.815626525878905,
            "top": 210.275,
            "width": 7.996875
        },
        {
            "height": 9.325,
            "label": "bird",
            "left": 7.518749237060547,
            "top": 209.88751627604168,
            "width": 9.534375
        },
        {
            "height": 41.35000406901042,
            "label": "umbrella",
            "left": 368.1749755859375,
            "top": 108.46249186197916,
            "width": 38.9625
        },
        {
            "height": 67.5875,
            "label": "person",
            "left": 28.3125,
            "top": 143.0,
            "width": 30.1875
        },
        {
            "height": 73.7875,
            "label": "person",
            "left": 363.5156494140625,
            "top": 122.14999186197916,
            "width": 19.003125
        },
        {
            "height": 7.200000508626302,
            "label": "bird",
            "left": 193.3875,
            "top": 203.7875,
            "width": 7.903125
        },
        {
            "height": 8.9625,
            "label": "bird",
            "left": 188.37186279296876,
            "top": 197.87498372395834,
            "width": 6.721875
        },
        {
            "height": 9.3125,
            "label": "bird",
            "left": 36.365621948242186,
            "top": 221.66248372395833,
            "width": 14.615625
        },
        {
            "height": 10.3125,
            "label": "bird",
            "left": 3.2437503814697264,
            "top": 219.90001627604167,
            "width": 6.534375
        },
        {
            "height": 8.875,
            "label": "bird",
            "left": 180.6,
            "top": 206.3125,
            "width": 9.384375
        },
        {
            "height": 6.9875,
            "label": "bird",
            "left": 209.68125,
            "top": 204.225,
            "width": 6.853125
        },
        {
            "height": 8.7125,
            "label": "bird",
            "left": 178.509375,
            "top": 193.425,
            "width": 5.334375
        },
        {
            "height": 8.8625,
            "label": "bird",
            "left": 34.1625,
            "top": 220.04998372395832,
            "width": 8.30625
        },
        {
            "height": 4.5125,
            "label": "bird",
            "left": 61.93125610351562,
            "top": 214.9375,
            "width": 2.19375
        },
        {
            "height": 10.0625,
            "label": "bird",
            "left": 216.290625,
            "top": 194.64998372395834,
            "width": 6.28125
        },
        {
            "height": 7.200000508626302,
            "label": "bird",
            "left": 205.509375,
            "top": 198.3,
            "width": 7.012500762939453
        }
    ]
}