{
    "image_id": 120420,
    "seq": [
        {
            "height": 69.76874542236328,
            "label": "cell phone",
            "left": 143.59686279296875,
            "top": 177.03749084472656,
            "width": 254.8312530517578
        },
        {
            "height": 348.2250061035156,
            "label": "person",
            "left": 107.71875,
            "top": 101.7750015258789,
            "width": 403.6875
        },
        {
            "height": 83.7093734741211,
            "label": "person",
            "left": 439.1999816894531,
            "top": 86.24061584472656,
            "width": 27.75
        },
        {
            "height": 89.79374694824219,
            "label": "person",
            "left": 403.828125,
            "top": 82.64063262939453,
            "width": 29.934375762939453
        },
        {
            "height": 59.58749771118164,
            "label": "person",
            "left": 376.03125,
            "top": 109.9312515258789,
            "width": 26.709375381469727
        },
        {
            "height": 16.115625381469727,
            "label": "bench",
            "left": 33.94687271118164,
            "top": 140.9250030517578,
            "width": 29.840625762939453
        },
        {
            "height": 35.07187271118164,
            "label": "person",
            "left": 346.875,
            "top": 91.93124389648438,
            "width": 19.003124237060547
        },
        {
            "height": 27.018749237060547,
            "label": "person",
            "left": 332.87811279296875,
            "top": 86.9437484741211,
            "width": 16.125
        },
        {
            "height": 19.23750114440918,
            "label": "person",
            "left": 12.449999809265137,
            "top": 92.83124542236328,
            "width": 6.946875095367432
        },
        {
            "height": 10.265625,
            "label": "person",
            "left": 318.46875,
            "top": 94.03125762939453,
            "width": 12.918749809265137
        },
        {
            "height": 10.25624942779541,
            "label": "bird",
            "left": 25.28437614440918,
            "top": 158.1750030517578,
            "width": 7.996874809265137
        },
        {
            "height": 6.993750095367432,
            "label": "bird",
            "left": 7.9875006675720215,
            "top": 157.88436889648438,
            "width": 9.534374237060547
        },
        {
            "height": 31.012500762939453,
            "label": "umbrella",
            "left": 368.64373779296875,
            "top": 81.81562042236328,
            "width": 38.962501525878906
        },
        {
            "height": 50.69062423706055,
            "label": "person",
            "left": 28.781251907348633,
            "top": 107.71875,
            "width": 30.1875
        },
        {
            "height": 55.34062194824219,
            "label": "person",
            "left": 363.984375,
            "top": 92.08125305175781,
            "width": 19.003124237060547
        },
        {
            "height": 5.400000095367432,
            "label": "bird",
            "left": 193.8562469482422,
            "top": 153.30938720703125,
            "width": 7.903125286102295
        },
        {
            "height": 6.721875190734863,
            "label": "bird",
            "left": 188.8406219482422,
            "top": 148.875,
            "width": 6.721875190734863
        },
        {
            "height": 6.984375,
            "label": "bird",
            "left": 36.83437728881836,
            "top": 166.71563720703125,
            "width": 14.615625381469727
        },
        {
            "height": 7.734375,
            "label": "bird",
            "left": 3.7125000953674316,
            "top": 165.3937530517578,
            "width": 6.534374713897705
        },
        {
            "height": 6.65625,
            "label": "bird",
            "left": 181.06874084472656,
            "top": 155.203125,
            "width": 9.38437557220459
        },
        {
            "height": 5.240625381469727,
            "label": "bird",
            "left": 210.15000915527344,
            "top": 153.63751220703125,
            "width": 6.853125095367432
        },
        {
            "height": 6.534374713897705,
            "label": "bird",
            "left": 178.97811889648438,
            "top": 145.53750610351562,
            "width": 5.334374904632568
        },
        {
            "height": 6.646874904632568,
            "label": "bird",
            "left": 34.631248474121094,
            "top": 165.50624084472656,
            "width": 8.306249618530273
        },
        {
            "height": 3.3843750953674316,
            "label": "bird",
            "left": 62.39999771118164,
            "top": 161.67185974121094,
            "width": 2.1937499046325684
        },
        {
            "height": 7.546875,
            "label": "bird",
            "left": 216.75938415527344,
            "top": 146.4562530517578,
            "width": 6.281249523162842
        },
        {
            "height": 5.400000095367432,
            "label": "bird",
            "left": 205.97813415527344,
            "top": 149.19374084472656,
            "width": 7.012500286102295
        }
    ]
}