{
    "image_id": 12062,
    "seq": [
        {
            "height": 195.84375,
            "label": "sheep",
            "left": 122.51248931884766,
            "top": 66.0,
            "width": 408.07501220703125
        },
        {
            "height": 232.44375610351562,
            "label": "sheep",
            "left": 0.0,
            "top": 163.6218719482422,
            "width": 253.95938110351562
        },
        {
            "height": 117.84375,
            "label": "sheep",
            "left": 322.95001220703125,
            "top": 274.3687438964844,
            "width": 277.04998779296875
        },
        {
            "height": 68.671875,
            "label": "sports ball",
            "left": 563.9812622070312,
            "top": 54.946876525878906,
            "width": 36.01874923706055
        }
    ]
}