{
    "image_id": 12062,
    "seq": [
        {
            "height": 293.53629976580794,
            "label": "sheep",
            "left": 122.0437744140625,
            "top": 98.22014966334895,
            "width": 408.075
        },
        {
            "height": 348.39344262295083,
            "label": "sheep",
            "left": 0.0,
            "top": 244.53862338992974,
            "width": 253.9593994140625
        },
        {
            "height": 176.62763466042153,
            "label": "sheep",
            "left": 322.48125,
            "top": 410.5293105971897,
            "width": 277.05
        },
        {
            "height": 102.92740046838408,
            "label": "sports ball",
            "left": 563.5125,
            "top": 81.6533774882904,
            "width": 36.01874694824219
        }
    ]
}