{
    "image_id": 120777,
    "seq": [
        {
            "height": 156.4,
            "label": "sandwich",
            "left": 351.312,
            "top": 252.68797916666668,
            "width": 92.016
        },
        {
            "height": 209.744,
            "label": "cup",
            "left": 341.808,
            "top": 22.319997395833333,
            "width": 107.9760078125
        },
        {
            "height": 135.408,
            "label": "sandwich",
            "left": 145.356,
            "top": 198.384,
            "width": 100.248
        }
    ]
}