{
    "image_id": 120777,
    "seq": [
        {
            "height": 117.30000305175781,
            "label": "sandwich",
            "left": 351.9120178222656,
            "top": 190.11599731445312,
            "width": 92.01599884033203
        },
        {
            "height": 157.30799865722656,
            "label": "cup",
            "left": 342.40802001953125,
            "top": 17.34000015258789,
            "width": 107.97600555419922
        },
        {
            "height": 101.55599975585938,
            "label": "sandwich",
            "left": 145.95599365234375,
            "top": 149.38800048828125,
            "width": 100.24800109863281
        }
    ]
}