{
    "image_id": 120853,
    "seq": [
        {
            "height": 213.91121495327104,
            "label": "sandwich",
            "left": 81.4031494140625,
            "top": 378.1261682242991,
            "width": 481.321826171875
        },
        {
            "height": 237.58878504672896,
            "label": "sandwich",
            "left": 95.57813110351563,
            "top": 161.8458308995327,
            "width": 229.8
        },
        {
            "height": 84.1822429906542,
            "label": "cell phone",
            "left": 329.709375,
            "top": 96.14019604264018,
            "width": 128.23125
        },
        {
            "height": 206.6355140186916,
            "label": "cup",
            "left": 195.65623779296874,
            "top": 0.0,
            "width": 109.7625
        },
        {
            "height": 256.1775700934579,
            "label": "bowl",
            "left": 310.6125,
            "top": 177.28033732476635,
            "width": 287.634375
        },
        {
            "height": 335.73368136682245,
            "label": "dining table",
            "left": 0.43126344680786133,
            "top": 73.45789829147196,
            "width": 599.1
        },
        {
            "height": 49.93457943925234,
            "label": "carrot",
            "left": 327.2531005859375,
            "top": 270.6729154497664,
            "width": 71.30625
        },
        {
            "height": 10.261682242990654,
            "label": "carrot",
            "left": 529.725048828125,
            "top": 245.06076591705607,
            "width": 13.546873474121094
        },
        {
            "height": 17.97196261682243,
            "label": "carrot",
            "left": 420.65625,
            "top": 203.3551401869159,
            "width": 5.79375
        },
        {
            "height": 11.411214953271028,
            "label": "carrot",
            "left": 465.76875,
            "top": 263.76170049649534,
            "width": 23.803125
        }
    ]
}