{
    "image_id": 120853,
    "seq": [
        {
            "height": 143.05311584472656,
            "label": "sandwich",
            "left": 81.87187194824219,
            "top": 253.34063720703125,
            "width": 481.32183837890625
        },
        {
            "height": 158.8874969482422,
            "label": "sandwich",
            "left": 96.046875,
            "top": 108.70311737060547,
            "width": 229.79998779296875
        },
        {
            "height": 56.296875,
            "label": "cell phone",
            "left": 330.1781311035156,
            "top": 64.76249694824219,
            "width": 128.2312469482422
        },
        {
            "height": 138.1875,
            "label": "cup",
            "left": 196.125,
            "top": 0.0,
            "width": 109.76250457763672
        },
        {
            "height": 171.31875610351562,
            "label": "bowl",
            "left": 311.08123779296875,
            "top": 119.0250015258789,
            "width": 287.6343688964844
        },
        {
            "height": 224.52188110351562,
            "label": "dining table",
            "left": 0.9000000357627869,
            "top": 49.59375,
            "width": 599.0999755859375
        },
        {
            "height": 33.39374923706055,
            "label": "carrot",
            "left": 327.7218933105469,
            "top": 181.4812469482422,
            "width": 71.3062515258789
        },
        {
            "height": 6.862499713897705,
            "label": "carrot",
            "left": 530.1937255859375,
            "top": 164.35311889648438,
            "width": 13.546874046325684
        },
        {
            "height": 12.018749237060547,
            "label": "carrot",
            "left": 421.1250305175781,
            "top": 136.46249389648438,
            "width": 5.793749809265137
        },
        {
            "height": 7.631249904632568,
            "label": "carrot",
            "left": 466.2375183105469,
            "top": 176.859375,
            "width": 23.803125381469727
        }
    ]
}