{
    "image_id": 121031,
    "seq": [
        {
            "height": 365.1618625277162,
            "label": "horse",
            "left": 70.453125,
            "top": 210.94455030487805,
            "width": 143.6625
        },
        {
            "height": 98.06208425720621,
            "label": "horse",
            "left": 360.515625,
            "top": 241.915760116408,
            "width": 58.190625
        },
        {
            "height": 49.91574279379157,
            "label": "horse",
            "left": 250.36875,
            "top": 228.27939648004434,
            "width": 15.95625
        },
        {
            "height": 120.0,
            "label": "horse",
            "left": 215.9343994140625,
            "top": 289.6629711751663,
            "width": 55.471875
        },
        {
            "height": 287.18847006651885,
            "label": "person",
            "left": 120.19686279296874,
            "top": 152.03545939578714,
            "width": 89.31561889648438
        },
        {
            "height": 112.28382240853658,
            "label": "person",
            "left": 365.8125,
            "top": 213.32592502771618,
            "width": 36.5625
        },
        {
            "height": 189.52551621396896,
            "label": "person",
            "left": 197.7,
            "top": 196.77610518292684,
            "width": 77.165625
        },
        {
            "height": 74.4079822616408,
            "label": "person",
            "left": 241.21875,
            "top": 202.8958217849224,
            "width": 32.878125
        }
    ]
}