{
    "image_id": 121031,
    "seq": [
        {
            "height": 257.32501220703125,
            "label": "horse",
            "left": 70.921875,
            "top": 149.11874389648438,
            "width": 143.66250610351562
        },
        {
            "height": 69.1031265258789,
            "label": "horse",
            "left": 360.9843444824219,
            "top": 170.94374084472656,
            "width": 58.19062423706055
        },
        {
            "height": 35.17499923706055,
            "label": "horse",
            "left": 250.83750915527344,
            "top": 161.33436584472656,
            "width": 15.956250190734863
        },
        {
            "height": 84.56249237060547,
            "label": "horse",
            "left": 216.4031219482422,
            "top": 204.5906219482422,
            "width": 55.47187423706055
        },
        {
            "height": 202.3781280517578,
            "label": "person",
            "left": 120.6656265258789,
            "top": 107.60624694824219,
            "width": 89.31562042236328
        },
        {
            "height": 79.12500762939453,
            "label": "person",
            "left": 366.28125,
            "top": 150.79689025878906,
            "width": 36.5625
        },
        {
            "height": 133.55625915527344,
            "label": "person",
            "left": 198.16876220703125,
            "top": 139.13438415527344,
            "width": 77.1656265258789
        },
        {
            "height": 52.43437576293945,
            "label": "person",
            "left": 241.68748474121094,
            "top": 143.44686889648438,
            "width": 32.87812423706055
        }
    ]
}