{
    "image_id": 12120,
    "seq": [
        {
            "height": 3.4406251907348633,
            "label": "sports ball",
            "left": 364.79998779296875,
            "top": 188.12811279296875,
            "width": 4.921875
        },
        {
            "height": 13.678125381469727,
            "label": "chair",
            "left": 351.58123779296875,
            "top": 18.046875,
            "width": 10.359375
        },
        {
            "height": 14.09999942779541,
            "label": "chair",
            "left": 337.359375,
            "top": 17.662500381469727,
            "width": 10.940625190734863
        },
        {
            "height": 11.51249885559082,
            "label": "chair",
            "left": 327.7125244140625,
            "top": 7.078125,
            "width": 10.34062385559082
        },
        {
            "height": 9.975000381469727,
            "label": "tennis racket",
            "left": 96.86249542236328,
            "top": 123.10311889648438,
            "width": 22.875
        },
        {
            "height": 71.23125457763672,
            "label": "person",
            "left": 3.609375,
            "top": 220.91249084472656,
            "width": 54.10312271118164
        },
        {
            "height": 61.62187957763672,
            "label": "person",
            "left": 84.21562194824219,
            "top": 105.4781265258789,
            "width": 27.646873474121094
        },
        {
            "height": 33.25312805175781,
            "label": "person",
            "left": 532.9125366210938,
            "top": 79.47187042236328,
            "width": 17.015625
        },
        {
            "height": 24.0,
            "label": "person",
            "left": 520.828125,
            "top": 85.05937194824219,
            "width": 15.534374237060547
        },
        {
            "height": 28.828125,
            "label": "person",
            "left": 499.6781311035156,
            "top": 81.00938415527344,
            "width": 24.778125762939453
        },
        {
            "height": 22.171875,
            "label": "person",
            "left": 480.34686279296875,
            "top": 71.79374694824219,
            "width": 23.465625762939453
        },
        {
            "height": 26.296873092651367,
            "label": "person",
            "left": 419.6250305175781,
            "top": 72.49687957763672,
            "width": 19.631250381469727
        },
        {
            "height": 30.69375228881836,
            "label": "person",
            "left": 452.625,
            "top": 86.8968734741211,
            "width": 20.390625
        },
        {
            "height": 17.8125,
            "label": "person",
            "left": 486.48748779296875,
            "top": 90.29061889648438,
            "width": 15.80625057220459
        },
        {
            "height": 17.803123474121094,
            "label": "tennis racket",
            "left": 457.359375,
            "top": 206.578125,
            "width": 13.88437557220459
        },
        {
            "height": 12.64687442779541,
            "label": "chair",
            "left": 281.0062255859375,
            "top": 7.237499713897705,
            "width": 11.587499618530273
        },
        {
            "height": 12.628125190734863,
            "label": "chair",
            "left": 352.3218994140625,
            "top": 8.100000381469727,
            "width": 11.193750381469727
        },
        {
            "height": 8.925000190734863,
            "label": "chair",
            "left": 123.4312515258789,
            "top": 25.33125114440918,
            "width": 15.843749046325684
        },
        {
            "height": 29.250001907348633,
            "label": "chair",
            "left": 442.734375,
            "top": 116.20311737060547,
            "width": 7.865625381469727
        },
        {
            "height": 19.59375,
            "label": "person",
            "left": 592.9312744140625,
            "top": 97.41563415527344,
            "width": 7.068749904632568
        },
        {
            "height": 24.778125762939453,
            "label": "person",
            "left": 465.5343933105469,
            "top": 71.19375610351562,
            "width": 12.759374618530273
        },
        {
            "height": 16.978126525878906,
            "label": "person",
            "left": 480.3374938964844,
            "top": 116.29688262939453,
            "width": 18.375
        },
        {
            "height": 108.83436584472656,
            "label": "person",
            "left": 452.1187744140625,
            "top": 195.17813110351562,
            "width": 60.74062728881836
        },
        {
            "height": 14.615625381469727,
            "label": "chair",
            "left": 267.3656311035156,
            "top": 6.637499809265137,
            "width": 11.653125762939453
        }
    ]
}