{
    "image_id": 121242,
    "seq": [
        {
            "height": 154.81875610351562,
            "label": "horse",
            "left": 296.671875,
            "top": 147.03750610351562,
            "width": 184.21875
        },
        {
            "height": 14.40000057220459,
            "label": "car",
            "left": 576.8812866210938,
            "top": 180.64688110351562,
            "width": 22.98750114440918
        },
        {
            "height": 7.368750095367432,
            "label": "car",
            "left": 55.171871185302734,
            "top": 183.92811584472656,
            "width": 5.25
        },
        {
            "height": 11.034375190734863,
            "label": "car",
            "left": 26.36250114440918,
            "top": 181.3874969482422,
            "width": 24.149999618530273
        },
        {
            "height": 68.90625,
            "label": "car",
            "left": 453.5531311035156,
            "top": 179.33436584472656,
            "width": 86.98124694824219
        },
        {
            "height": 11.071874618530273,
            "label": "car",
            "left": 531.8718872070312,
            "top": 168.8249969482422,
            "width": 35.8125
        },
        {
            "height": 9.346875190734863,
            "label": "car",
            "left": 578.9718627929688,
            "top": 170.03436279296875,
            "width": 19.725000381469727
        },
        {
            "height": 6.187499523162842,
            "label": "car",
            "left": 6.984375,
            "top": 182.5593719482422,
            "width": 15.80625057220459
        },
        {
            "height": 8.278124809265137,
            "label": "car",
            "left": 91.4156265258789,
            "top": 181.79063415527344,
            "width": 12.87187385559082
        },
        {
            "height": 106.84687805175781,
            "label": "person",
            "left": 224.0625,
            "top": 95.78437805175781,
            "width": 51.26250076293945
        },
        {
            "height": 92.41874694824219,
            "label": "person",
            "left": 55.04062271118164,
            "top": 192.83438110351562,
            "width": 46.509376525878906
        },
        {
            "height": 49.162498474121094,
            "label": "person",
            "left": 102.58124542236328,
            "top": 154.921875,
            "width": 41.64374923706055
        },
        {
            "height": 66.140625,
            "label": "horse",
            "left": 307.96875,
            "top": 135.71249389648438,
            "width": 195.64686584472656
        },
        {
            "height": 14.962499618530273,
            "label": "person",
            "left": 534.4124755859375,
            "top": 182.19375610351562,
            "width": 5.118750095367432
        },
        {
            "height": 12.83437442779541,
            "label": "car",
            "left": 533.925048828125,
            "top": 174.796875,
            "width": 22.331249237060547
        },
        {
            "height": 13.81874942779541,
            "label": "person",
            "left": 568.8562622070312,
            "top": 182.91561889648438,
            "width": 5.409375190734863
        },
        {
            "height": 15.45937442779541,
            "label": "person",
            "left": 538.7719116210938,
            "top": 181.640625,
            "width": 7.415625095367432
        },
        {
            "height": 9.046875,
            "label": "car",
            "left": 547.3875122070312,
            "top": 175.65936279296875,
            "width": 19.50937271118164
        },
        {
            "height": 10.171875,
            "label": "car",
            "left": 62.72813034057617,
            "top": 180.05624389648438,
            "width": 24.346874237060547
        },
        {
            "height": 9.375,
            "label": "car",
            "left": 0.0,
            "top": 186.41249084472656,
            "width": 13.06874942779541
        },
        {
            "height": 6.450000286102295,
            "label": "car",
            "left": 44.69062423706055,
            "top": 181.6687469482422,
            "width": 12.046875953674316
        },
        {
            "height": 27.34687614440918,
            "label": "truck",
            "left": 481.1343994140625,
            "top": 179.1281280517578,
            "width": 54.937496185302734
        }
    ]
}