{
    "image_id": 121242,
    "seq": [
        {
            "height": 230.96503496503496,
            "label": "horse",
            "left": 296.203125,
            "top": 218.65736086829835,
            "width": 184.21875
        },
        {
            "height": 21.482517482517483,
            "label": "car",
            "left": 576.412451171875,
            "top": 268.7971845862471,
            "width": 22.9875
        },
        {
            "height": 10.993006993006993,
            "label": "car",
            "left": 54.703125,
            "top": 273.6923076923077,
            "width": 5.25
        },
        {
            "height": 16.461539599723192,
            "label": "car",
            "left": 25.893753051757812,
            "top": 269.9020979020979,
            "width": 24.15
        },
        {
            "height": 102.7972027972028,
            "label": "car",
            "left": 453.084375,
            "top": 266.83917905011657,
            "width": 86.98125
        },
        {
            "height": 16.517481379297784,
            "label": "car",
            "left": 531.403076171875,
            "top": 251.16082094988346,
            "width": 35.8125
        },
        {
            "height": 13.944055944055943,
            "label": "car",
            "left": 578.503125,
            "top": 252.96505317599068,
            "width": 19.725001525878906
        },
        {
            "height": 9.230768661676866,
            "label": "car",
            "left": 6.515624237060547,
            "top": 271.65036786130537,
            "width": 15.80625
        },
        {
            "height": 12.34965034965035,
            "label": "car",
            "left": 90.946875,
            "top": 270.5034965034965,
            "width": 12.871875
        },
        {
            "height": 159.3986013986014,
            "label": "person",
            "left": 223.59375,
            "top": 142.1958041958042,
            "width": 51.2625
        },
        {
            "height": 137.87412587412587,
            "label": "person",
            "left": 54.571875,
            "top": 286.97902097902096,
            "width": 46.509375
        },
        {
            "height": 73.34265734265735,
            "label": "person",
            "left": 102.11250610351563,
            "top": 230.4195622086247,
            "width": 41.64374694824219
        },
        {
            "height": 98.67132867132867,
            "label": "horse",
            "left": 307.5,
            "top": 201.76225597319348,
            "width": 195.646875
        },
        {
            "height": 22.32167604530886,
            "label": "person",
            "left": 533.943798828125,
            "top": 271.1049133158508,
            "width": 5.11875
        },
        {
            "height": 19.146853146853147,
            "label": "car",
            "left": 533.456201171875,
            "top": 260.0699482808858,
            "width": 22.33125
        },
        {
            "height": 20.615384615384617,
            "label": "person",
            "left": 568.387451171875,
            "top": 272.1818181818182,
            "width": 5.409375381469727
        },
        {
            "height": 23.062937062937063,
            "label": "person",
            "left": 538.303125,
            "top": 270.27972027972027,
            "width": 7.415625
        },
        {
            "height": 13.496503496503497,
            "label": "car",
            "left": 546.91875,
            "top": 261.3566615675991,
            "width": 19.509371948242187
        },
        {
            "height": 15.174825174825175,
            "label": "car",
            "left": 62.259368896484375,
            "top": 267.9160839160839,
            "width": 24.346875
        },
        {
            "height": 13.986013986013987,
            "label": "car",
            "left": 0.0,
            "top": 277.39858318764567,
            "width": 13.06875
        },
        {
            "height": 9.622377622377622,
            "label": "car",
            "left": 44.22187194824219,
            "top": 270.32167832167835,
            "width": 12.046875
        },
        {
            "height": 40.7972027972028,
            "label": "truck",
            "left": 480.665625,
            "top": 266.53148674242425,
            "width": 54.9375
        }
    ]
}