{
    "image_id": 12120,
    "seq": [
        {
            "height": 5.144859813084112,
            "label": "sports ball",
            "left": 364.33125,
            "top": 280.61216778621497,
            "width": 4.921875
        },
        {
            "height": 20.453271028037385,
            "label": "chair",
            "left": 351.1125244140625,
            "top": 26.2850558557243,
            "width": 10.359375
        },
        {
            "height": 21.084109867844628,
            "label": "chair",
            "left": 336.890625,
            "top": 25.710268965391354,
            "width": 10.940625
        },
        {
            "height": 17.214950989339954,
            "label": "chair",
            "left": 327.24375,
            "top": 9.883192401066005,
            "width": 10.340623474121093
        },
        {
            "height": 14.91588785046729,
            "label": "tennis racket",
            "left": 96.39375,
            "top": 183.3785046728972,
            "width": 22.875001525878908
        },
        {
            "height": 106.51402781834112,
            "label": "person",
            "left": 3.1406276702880858,
            "top": 329.6355140186916,
            "width": 54.103125
        },
        {
            "height": 92.14486893983644,
            "label": "person",
            "left": 83.74686889648437,
            "top": 157.02336448598132,
            "width": 27.646871948242186
        },
        {
            "height": 49.72429906542056,
            "label": "person",
            "left": 532.44375,
            "top": 118.13553227219626,
            "width": 17.015625
        },
        {
            "height": 35.887848185601634,
            "label": "person",
            "left": 520.359423828125,
            "top": 126.49066333235982,
            "width": 15.534375
        },
        {
            "height": 43.10747663551402,
            "label": "person",
            "left": 499.209423828125,
            "top": 120.43458856600468,
            "width": 24.778125
        },
        {
            "height": 33.154205607476634,
            "label": "person",
            "left": 479.878125,
            "top": 106.6541964807243,
            "width": 23.465625
        },
        {
            "height": 39.322429906542055,
            "label": "person",
            "left": 419.15625,
            "top": 107.70563485689253,
            "width": 19.63125
        },
        {
            "height": 45.89720082505841,
            "label": "person",
            "left": 452.15625,
            "top": 129.23830863025702,
            "width": 20.390625
        },
        {
            "height": 26.635514018691588,
            "label": "person",
            "left": 486.01875,
            "top": 134.31306585864485,
            "width": 15.80625
        },
        {
            "height": 26.621495327102803,
            "label": "tennis racket",
            "left": 456.890625,
            "top": 308.20093457943926,
            "width": 13.884375
        },
        {
            "height": 18.911214953271028,
            "label": "chair",
            "left": 280.5375244140625,
            "top": 10.121501031323014,
            "width": 11.5875
        },
        {
            "height": 18.88317757009346,
            "label": "chair",
            "left": 351.853125,
            "top": 11.411214953271028,
            "width": 11.193750762939453
        },
        {
            "height": 13.345795533367406,
            "label": "chair",
            "left": 122.9625,
            "top": 37.17755640332944,
            "width": 15.84375
        },
        {
            "height": 43.73831775700935,
            "label": "chair",
            "left": 442.265625,
            "top": 173.0607476635514,
            "width": 7.865625
        },
        {
            "height": 29.299065420560748,
            "label": "person",
            "left": 592.462451171875,
            "top": 144.9672714661215,
            "width": 7.06875
        },
        {
            "height": 37.05140186915888,
            "label": "person",
            "left": 465.065625,
            "top": 105.75700934579439,
            "width": 12.759375
        },
        {
            "height": 25.38785046728972,
            "label": "person",
            "left": 479.868701171875,
            "top": 173.2009710864486,
            "width": 18.375
        },
        {
            "height": 162.7429906542056,
            "label": "person",
            "left": 451.650048828125,
            "top": 291.15418735397196,
            "width": 60.740625
        },
        {
            "height": 21.85514018691589,
            "label": "chair",
            "left": 266.896875,
            "top": 9.22430990343896,
            "width": 11.653125
        }
    ]
}