{
    "image_id": 121417,
    "seq": [
        {
            "height": 227.3625,
            "label": "umbrella",
            "left": 202.37501627604166,
            "top": 74.19373779296875,
            "width": 342.1375
        },
        {
            "height": 454.715576171875,
            "label": "person",
            "left": 128.52499186197917,
            "top": 135.40313720703125,
            "width": 423.3124674479167
        },
        {
            "height": 92.165625,
            "label": "person",
            "left": 56.57500406901042,
            "top": 0.8250027656555176,
            "width": 82.7375
        },
        {
            "height": 59.325,
            "label": "person",
            "left": 319.3749674479167,
            "top": 2.315624809265137,
            "width": 122.25
        },
        {
            "height": 52.32188110351562,
            "label": "person",
            "left": 513.5125,
            "top": 0.0,
            "width": 39.8375
        },
        {
            "height": 58.9875,
            "label": "person",
            "left": 106.57499186197917,
            "top": 0.0,
            "width": 39.575
        },
        {
            "height": 54.046875,
            "label": "handbag",
            "left": 277.425,
            "top": 299.3906005859375,
            "width": 81.825
        },
        {
            "height": 24.20625,
            "label": "cell phone",
            "left": 297.775,
            "top": 171.7125,
            "width": 31.9625
        },
        {
            "height": 34.3875,
            "label": "person",
            "left": 458.33746744791665,
            "top": 0.0,
            "width": 54.0875
        },
        {
            "height": 53.081243896484374,
            "label": "person",
            "left": 197.78751627604166,
            "top": 0.0,
            "width": 131.0375
        },
        {
            "height": 48.309375,
            "label": "person",
            "left": 563.625,
            "top": 0.0,
            "width": 35.5
        },
        {
            "height": 31.5375,
            "label": "person",
            "left": 254.92498372395832,
            "top": 0.0,
            "width": 49.47500406901042
        },
        {
            "height": 84.15936279296875,
            "label": "bench",
            "left": 414.96246744791665,
            "top": 386.0249755859375,
            "width": 182.85
        }
    ]
}