{
    "image_id": 121497,
    "seq": [
        {
            "height": 341.27813720703125,
            "label": "person",
            "left": 531.543701171875,
            "top": 54.459373474121094,
            "width": 68.45624542236328
        },
        {
            "height": 450.0,
            "label": "person",
            "left": 0.0,
            "top": 0.0,
            "width": 238.64999389648438
        },
        {
            "height": 136.63125610351562,
            "label": "person",
            "left": 42.97500228881836,
            "top": 215.42813110351562,
            "width": 110.2874984741211
        },
        {
            "height": 62.578125,
            "label": "person",
            "left": 512.859375,
            "top": 243.7781219482422,
            "width": 46.80937576293945
        },
        {
            "height": 146.80311584472656,
            "label": "person",
            "left": 163.4812469482422,
            "top": 118.2281265258789,
            "width": 118.21875
        },
        {
            "height": 285.140625,
            "label": "person",
            "left": 267.328125,
            "top": 47.34375,
            "width": 180.4406280517578
        }
    ]
}