{
    "image_id": 121417,
    "seq": [
        {
            "height": 227.3625030517578,
            "label": "umbrella",
            "left": 152.25,
            "top": 74.6624984741211,
            "width": 256.6031188964844
        },
        {
            "height": 454.7156066894531,
            "label": "person",
            "left": 96.86249542236328,
            "top": 135.8718719482422,
            "width": 317.4843444824219
        },
        {
            "height": 92.16561889648438,
            "label": "person",
            "left": 42.89999771118164,
            "top": 1.2937499284744263,
            "width": 62.05312728881836
        },
        {
            "height": 59.32500076293945,
            "label": "person",
            "left": 240.0,
            "top": 2.784374952316284,
            "width": 91.68750762939453
        },
        {
            "height": 52.321876525878906,
            "label": "person",
            "left": 385.6031188964844,
            "top": 0.10312499850988388,
            "width": 29.87812614440918
        },
        {
            "height": 58.98749923706055,
            "label": "person",
            "left": 80.4000015258789,
            "top": 0.0,
            "width": 29.681249618530273
        },
        {
            "height": 54.046878814697266,
            "label": "handbag",
            "left": 208.53749084472656,
            "top": 299.859375,
            "width": 61.368751525878906
        },
        {
            "height": 24.206249237060547,
            "label": "cell phone",
            "left": 223.8000030517578,
            "top": 172.18125915527344,
            "width": 23.971874237060547
        },
        {
            "height": 34.38750076293945,
            "label": "person",
            "left": 344.2218933105469,
            "top": 0.1875,
            "width": 40.56562805175781
        },
        {
            "height": 53.08124542236328,
            "label": "person",
            "left": 148.8093719482422,
            "top": 0.0,
            "width": 98.27812194824219
        },
        {
            "height": 48.30937194824219,
            "label": "person",
            "left": 423.1875,
            "top": 0.0,
            "width": 26.625
        },
        {
            "height": 31.537498474121094,
            "label": "person",
            "left": 191.66250610351562,
            "top": 0.2906250059604645,
            "width": 37.10625076293945
        },
        {
            "height": 84.15937042236328,
            "label": "bench",
            "left": 311.6906433105469,
            "top": 386.4937744140625,
            "width": 137.1374969482422
        }
    ]
}