{
    "image_id": 121497,
    "seq": [
        {
            "height": 455.0375,
            "label": "person",
            "left": 531.075,
            "top": 71.98753255208334,
            "width": 68.45624389648438
        },
        {
            "height": 600.0,
            "label": "person",
            "left": 0.0,
            "top": 0.0,
            "width": 238.65
        },
        {
            "height": 182.175,
            "label": "person",
            "left": 42.50625305175781,
            "top": 286.6125,
            "width": 110.2875
        },
        {
            "height": 83.4375,
            "label": "person",
            "left": 512.390625,
            "top": 324.4125,
            "width": 46.809375
        },
        {
            "height": 195.7375,
            "label": "person",
            "left": 163.01248779296876,
            "top": 157.01248372395833,
            "width": 118.21875
        },
        {
            "height": 380.1875,
            "label": "person",
            "left": 266.8593994140625,
            "top": 62.50000813802083,
            "width": 180.440625
        }
    ]
}