{
    "image_id": 121506,
    "seq": [
        {
            "height": 192.81372549019608,
            "label": "umbrella",
            "left": 91.19607204861111,
            "top": 58.421581392973856,
            "width": 475.95098039215685
        },
        {
            "height": 36.8921568627451,
            "label": "dining table",
            "left": 25.42156543607026,
            "top": 350.00985498366015,
            "width": 107.11764705882354
        },
        {
            "height": 173.15686274509804,
            "label": "bench",
            "left": 18.303911994485293,
            "top": 415.7450980392157,
            "width": 391.94117647058823
        },
        {
            "height": 68.49019607843137,
            "label": "bench",
            "left": 66.14705244076798,
            "top": 376.0686274509804,
            "width": 106.79411764705883
        },
        {
            "height": 118.65686274509804,
            "label": "bench",
            "left": 18.38234974979575,
            "top": 439.05887459150324,
            "width": 117.30392156862744
        },
        {
            "height": 111.50980392156863,
            "label": "chair",
            "left": 388.8823274101307,
            "top": 466.1372549019608,
            "width": 146.12745098039215
        },
        {
            "height": 41.784316916870914,
            "label": "car",
            "left": 399.1961039624183,
            "top": 253.98039215686273,
            "width": 117.98039215686275
        },
        {
            "height": 159.55882352941177,
            "label": "dining table",
            "left": 23.70586320465686,
            "top": 420.3235294117647,
            "width": 379.94122753267976
        },
        {
            "height": 122.7941304125817,
            "label": "chair",
            "left": 18.166663475285947,
            "top": 442.69602736928107,
            "width": 178.7549019607843
        }
    ]
}