{
    "image_id": 121506,
    "seq": [
        {
            "height": 192.813720703125,
            "label": "umbrella",
            "left": 91.68627166748047,
            "top": 58.911766052246094,
            "width": 475.95098876953125
        },
        {
            "height": 36.89215850830078,
            "label": "dining table",
            "left": 25.91176414489746,
            "top": 350.5000305175781,
            "width": 107.11764526367188
        },
        {
            "height": 173.15684509277344,
            "label": "bench",
            "left": 18.794116973876953,
            "top": 416.23529052734375,
            "width": 391.9411926269531
        },
        {
            "height": 68.49019622802734,
            "label": "bench",
            "left": 66.63726043701172,
            "top": 376.558837890625,
            "width": 106.79412078857422
        },
        {
            "height": 118.6568603515625,
            "label": "bench",
            "left": 18.87255096435547,
            "top": 439.54901123046875,
            "width": 117.30392456054688
        },
        {
            "height": 111.50979614257812,
            "label": "chair",
            "left": 389.37255859375,
            "top": 466.62744140625,
            "width": 146.12745666503906
        },
        {
            "height": 41.7843132019043,
            "label": "car",
            "left": 399.686279296875,
            "top": 254.47059631347656,
            "width": 117.98038482666016
        },
        {
            "height": 159.55882263183594,
            "label": "dining table",
            "left": 24.196077346801758,
            "top": 420.8137512207031,
            "width": 379.9411926269531
        },
        {
            "height": 122.79412078857422,
            "label": "chair",
            "left": 18.656864166259766,
            "top": 443.1862487792969,
            "width": 178.75491333007812
        }
    ]
}