{
    "image_id": 121586,
    "seq": [
        {
            "height": 128.42813110351562,
            "label": "tv",
            "left": 90.5531234741211,
            "top": 53.821876525878906,
            "width": 189.41249084472656
        },
        {
            "height": 61.38750457763672,
            "label": "book",
            "left": 317.45623779296875,
            "top": 308.1000061035156,
            "width": 13.13437557220459
        },
        {
            "height": 12.0,
            "label": "book",
            "left": 557.6062622070312,
            "top": 326.9812316894531,
            "width": 41.868751525878906
        },
        {
            "height": 14.109375,
            "label": "book",
            "left": 505.9219055175781,
            "top": 311.3343811035156,
            "width": 48.12187957763672
        },
        {
            "height": 9.46875,
            "label": "book",
            "left": 310.8374938964844,
            "top": 396.15936279296875,
            "width": 38.88749694824219
        },
        {
            "height": 69.29999542236328,
            "label": "book",
            "left": 278.1281433105469,
            "top": 302.0906066894531,
            "width": 20.437498092651367
        },
        {
            "height": 21.91874885559082,
            "label": "book",
            "left": 553.2843627929688,
            "top": 306.7218933105469,
            "width": 31.274999618530273
        },
        {
            "height": 58.56562805175781,
            "label": "book",
            "left": 562.3687744140625,
            "top": 230.5968780517578,
            "width": 37.209373474121094
        },
        {
            "height": 29.109375,
            "label": "book",
            "left": 576.0,
            "top": 374.484375,
            "width": 24.0
        },
        {
            "height": 63.83436965942383,
            "label": "book",
            "left": 295.1343688964844,
            "top": 306.2624816894531,
            "width": 17.624998092651367
        },
        {
            "height": 13.162500381469727,
            "label": "book",
            "left": 509.6343688964844,
            "top": 299.18438720703125,
            "width": 45.11249923706055
        },
        {
            "height": 64.734375,
            "label": "book",
            "left": 291.3187561035156,
            "top": 305.92498779296875,
            "width": 13.049999237060547
        },
        {
            "height": 59.34375,
            "label": "book",
            "left": 311.4375,
            "top": 308.3999938964844,
            "width": 13.83750057220459
        },
        {
            "height": 44.40937423706055,
            "label": "cat",
            "left": 175.96875,
            "top": 95.2406234741211,
            "width": 47.015628814697266
        },
        {
            "height": 26.45625114440918,
            "label": "book",
            "left": 206.37188720703125,
            "top": 385.4437561035156,
            "width": 45.43124771118164
        }
    ]
}