{
    "image_id": 121586,
    "seq": [
        {
            "height": 171.9539748953975,
            "label": "tv",
            "left": 90.08438720703126,
            "top": 71.43513827144352,
            "width": 189.4124755859375
        },
        {
            "height": 82.19247679131799,
            "label": "book",
            "left": 316.9875,
            "top": 411.89124607740587,
            "width": 13.134375
        },
        {
            "height": 16.06694458518567,
            "label": "book",
            "left": 557.137451171875,
            "top": 437.1715481171548,
            "width": 41.86875
        },
        {
            "height": 18.89121338912134,
            "label": "book",
            "left": 505.453076171875,
            "top": 416.22175732217573,
            "width": 48.12187805175781
        },
        {
            "height": 12.677824267782427,
            "label": "book",
            "left": 310.36875,
            "top": 529.7949463912134,
            "width": 38.88749694824219
        },
        {
            "height": 92.7866108786611,
            "label": "book",
            "left": 277.6593994140625,
            "top": 403.8451882845188,
            "width": 20.4375
        },
        {
            "height": 29.34727624869247,
            "label": "book",
            "left": 552.815625,
            "top": 410.045992416318,
            "width": 31.275
        },
        {
            "height": 78.4142259414226,
            "label": "book",
            "left": 561.900048828125,
            "top": 308.1213062238494,
            "width": 37.209375
        },
        {
            "height": 38.97489539748954,
            "label": "book",
            "left": 575.53125,
            "top": 500.77402588912133,
            "width": 23.999998474121092
        },
        {
            "height": 85.4686110747908,
            "label": "book",
            "left": 294.665625,
            "top": 409.43092965481173,
            "width": 17.625
        },
        {
            "height": 17.62343300536088,
            "label": "book",
            "left": 509.165625,
            "top": 399.9539748953975,
            "width": 45.1125
        },
        {
            "height": 86.67364016736401,
            "label": "book",
            "left": 290.8500244140625,
            "top": 408.9790468096234,
            "width": 13.05
        },
        {
            "height": 79.4560669456067,
            "label": "book",
            "left": 310.9687255859375,
            "top": 412.2928870292887,
            "width": 13.8375
        },
        {
            "height": 59.46025104602511,
            "label": "cat",
            "left": 175.49998779296874,
            "top": 126.89120521705021,
            "width": 47.015625
        },
        {
            "height": 35.42259414225941,
            "label": "book",
            "left": 205.903125,
            "top": 515.4476660564853,
            "width": 45.43125
        }
    ]
}