{
    "image_id": 121744,
    "seq": [
        {
            "height": 64.6875,
            "label": "tennis racket",
            "left": 294.1968688964844,
            "top": 267.77813720703125,
            "width": 120.1031265258789
        },
        {
            "height": 325.78125,
            "label": "person",
            "left": 153.46873474121094,
            "top": 69.1031265258789,
            "width": 207.31875610351562
        },
        {
            "height": 371.1750183105469,
            "label": "person",
            "left": 467.23126220703125,
            "top": 28.19999885559082,
            "width": 130.265625
        },
        {
            "height": 88.84687042236328,
            "label": "person",
            "left": 414.62811279296875,
            "top": 0.0,
            "width": 68.2125015258789
        },
        {
            "height": 89.70938110351562,
            "label": "person",
            "left": 308.0249938964844,
            "top": 5.128124713897705,
            "width": 102.07499694824219
        },
        {
            "height": 116.0531234741211,
            "label": "person",
            "left": 110.84999084472656,
            "top": 5.278125286102295,
            "width": 94.73438262939453
        },
        {
            "height": 86.32500457763672,
            "label": "person",
            "left": 78.1781234741211,
            "top": 14.700000762939453,
            "width": 41.671875
        },
        {
            "height": 89.26875305175781,
            "label": "person",
            "left": 210.4968719482422,
            "top": 2.8218750953674316,
            "width": 91.15312957763672
        },
        {
            "height": 102.2718734741211,
            "label": "person",
            "left": 507.2156677246094,
            "top": 1.443750023841858,
            "width": 78.20625305175781
        },
        {
            "height": 105.40312194824219,
            "label": "person",
            "left": 23.174999237060547,
            "top": 16.443750381469727,
            "width": 87.30937194824219
        },
        {
            "height": 128.8781280517578,
            "label": "tennis racket",
            "left": 260.7749938964844,
            "top": 162.3093719482422,
            "width": 53.615623474121094
        },
        {
            "height": 130.5749969482422,
            "label": "tennis racket",
            "left": 303.7406005859375,
            "top": 158.53125,
            "width": 45.22500228881836
        },
        {
            "height": 114.5062484741211,
            "label": "tennis racket",
            "left": 328.1625061035156,
            "top": 156.703125,
            "width": 59.259376525878906
        },
        {
            "height": 78.8343734741211,
            "label": "person",
            "left": 174.27188110351562,
            "top": 1.040624976158142,
            "width": 48.75937271118164
        },
        {
            "height": 27.853124618530273,
            "label": "person",
            "left": 45.890625,
            "top": 32.953125,
            "width": 30.646873474121094
        }
    ]
}