{
    "image_id": 121744,
    "seq": [
        {
            "height": 97.1830985915493,
            "label": "tennis racket",
            "left": 293.728125,
            "top": 401.5915126173709,
            "width": 120.103125
        },
        {
            "height": 489.4366197183099,
            "label": "person",
            "left": 152.99998779296874,
            "top": 103.11268522593896,
            "width": 207.31875
        },
        {
            "height": 557.6338761737089,
            "label": "person",
            "left": 466.7625,
            "top": 41.661944322183096,
            "width": 130.265625
        },
        {
            "height": 133.47885490023475,
            "label": "person",
            "left": 414.159375,
            "top": 0.0,
            "width": 68.2125
        },
        {
            "height": 134.77464788732394,
            "label": "person",
            "left": 307.55625,
            "top": 6.999990830399061,
            "width": 102.075
        },
        {
            "height": 174.35209433685446,
            "label": "person",
            "left": 110.38125,
            "top": 7.225340077574824,
            "width": 94.734375
        },
        {
            "height": 129.69014084507043,
            "label": "person",
            "left": 77.70936889648438,
            "top": 21.380272520539908,
            "width": 41.671875
        },
        {
            "height": 134.11267605633802,
            "label": "person",
            "left": 210.028125,
            "top": 3.535191495653609,
            "width": 91.15313110351562
        },
        {
            "height": 153.64787815434272,
            "label": "person",
            "left": 506.746826171875,
            "top": 1.4647913113446303,
            "width": 78.20625
        },
        {
            "height": 158.35211267605635,
            "label": "person",
            "left": 22.70625457763672,
            "top": 24.000002292400236,
            "width": 87.309375
        },
        {
            "height": 193.61971830985917,
            "label": "tennis racket",
            "left": 260.30625,
            "top": 243.14082673122067,
            "width": 53.615625
        },
        {
            "height": 196.16901408450704,
            "label": "tennis racket",
            "left": 303.271875,
            "top": 237.46477039319248,
            "width": 45.225006103515625
        },
        {
            "height": 172.0281690140845,
            "label": "tennis racket",
            "left": 327.6937255859375,
            "top": 234.7183281983568,
            "width": 59.259375
        },
        {
            "height": 118.43661054870893,
            "label": "person",
            "left": 173.803125,
            "top": 0.8591678959662925,
            "width": 48.75937194824219
        },
        {
            "height": 41.84507042253521,
            "label": "person",
            "left": 45.421875,
            "top": 48.80281690140845,
            "width": 30.646875
        }
    ]
}