{
    "image_id": 122046,
    "seq": [
        {
            "height": 197.315625,
            "label": "umbrella",
            "left": 172.31381733021078,
            "top": 72.140625,
            "width": 335.9859118852459
        },
        {
            "height": 238.44375,
            "label": "chair",
            "left": 142.7634568940281,
            "top": 310.4156005859375,
            "width": 127.93911007025761
        },
        {
            "height": 389.1937744140625,
            "label": "person",
            "left": 114.74472153103045,
            "top": 179.25936279296874,
            "width": 273.44262295081967
        }
    ]
}