{
    "image_id": 122046,
    "seq": [
        {
            "height": 197.3156280517578,
            "label": "umbrella",
            "left": 115.43437194824219,
            "top": 72.609375,
            "width": 224.16561889648438
        },
        {
            "height": 238.44375610351562,
            "label": "chair",
            "left": 95.71875,
            "top": 310.8843688964844,
            "width": 85.35938262939453
        },
        {
            "height": 389.1937561035156,
            "label": "person",
            "left": 77.0250015258789,
            "top": 179.72813415527344,
            "width": 182.43751525878906
        }
    ]
}