{
    "image_id": 122166,
    "seq": [
        {
            "height": 129.38749186197916,
            "label": "bicycle",
            "left": 81.8625,
            "top": 446.8125,
            "width": 39.68437805175781
        },
        {
            "height": 136.775,
            "label": "car",
            "left": 299.53125,
            "top": 364.5375,
            "width": 119.034375
        },
        {
            "height": 23.27500203450521,
            "label": "car",
            "left": 483.50625,
            "top": 376.38746744791666,
            "width": 28.03125
        },
        {
            "height": 56.44999593098958,
            "label": "car",
            "left": 431.49375,
            "top": 377.83753255208336,
            "width": 45.62812194824219
        },
        {
            "height": 97.425,
            "label": "car",
            "left": 343.7718994140625,
            "top": 350.1749674479167,
            "width": 80.990625
        },
        {
            "height": 191.325,
            "label": "car",
            "left": 147.82501220703125,
            "top": 329.775,
            "width": 154.66875
        },
        {
            "height": 259.45,
            "label": "person",
            "left": 71.49376220703125,
            "top": 281.8125,
            "width": 73.9875
        },
        {
            "height": 47.2625,
            "label": "person",
            "left": 473.4,
            "top": 380.95,
            "width": 13.321875
        },
        {
            "height": 22.96250203450521,
            "label": "traffic light",
            "left": 365.175,
            "top": 314.325,
            "width": 10.603125762939452
        },
        {
            "height": 21.625,
            "label": "traffic light",
            "left": 316.9125,
            "top": 239.41248372395833,
            "width": 6.515625
        },
        {
            "height": 25.26249796549479,
            "label": "traffic light",
            "left": 303.91875,
            "top": 306.5375,
            "width": 9.103125
        },
        {
            "height": 28.69999796549479,
            "label": "person",
            "left": 531.496875,
            "top": 372.0625325520833,
            "width": 14.728125
        },
        {
            "height": 5.5625,
            "label": "traffic light",
            "left": 491.109375,
            "top": 335.2499674479167,
            "width": 4.340625
        },
        {
            "height": 85.775,
            "label": "person",
            "left": 151.490625,
            "top": 319.2625,
            "width": 25.29375
        },
        {
            "height": 37.05,
            "label": "traffic light",
            "left": 287.315625,
            "top": 296.1874674479167,
            "width": 11.83125
        },
        {
            "height": 10.225,
            "label": "traffic light",
            "left": 480.24375,
            "top": 331.88746744791666,
            "width": 5.409375381469727
        },
        {
            "height": 13.787497965494792,
            "label": "traffic light",
            "left": 544.406201171875,
            "top": 344.88746744791666,
            "width": 4.63125
        },
        {
            "height": 25.125,
            "label": "person",
            "left": 553.6875,
            "top": 374.58753255208336,
            "width": 6.103125381469726
        },
        {
            "height": 94.55,
            "label": "person",
            "left": 4.7250007629394535,
            "top": 358.0,
            "width": 28.51875
        },
        {
            "height": 13.35,
            "label": "bicycle",
            "left": 511.893701171875,
            "top": 379.9875,
            "width": 5.428125
        },
        {
            "height": 23.91249796549479,
            "label": "car",
            "left": 562.74375,
            "top": 370.6125,
            "width": 30.403125
        },
        {
            "height": 129.1875,
            "label": "motorcycle",
            "left": 32.40937805175781,
            "top": 376.60003255208335,
            "width": 46.79999694824219
        },
        {
            "height": 11.3375,
            "label": "traffic light",
            "left": 461.390625,
            "top": 358.76256510416664,
            "width": 4.25625
        },
        {
            "height": 78.1125,
            "label": "backpack",
            "left": 78.590625,
            "top": 370.2,
            "width": 43.153125
        },
        {
            "height": 14.2625,
            "label": "car",
            "left": 516.918701171875,
            "top": 340.875,
            "width": 14.353125
        },
        {
            "height": 19.7,
            "label": "car",
            "left": 501.50625,
            "top": 348.5,
            "width": 12.787501525878906
        },
        {
            "height": 18.825,
            "label": "car",
            "left": 510.5625,
            "top": 355.4124348958333,
            "width": 11.634375
        },
        {
            "height": 186.8875,
            "label": "truck",
            "left": 147.70313720703126,
            "top": 329.2625325520833,
            "width": 155.296875
        },
        {
            "height": 55.21249593098958,
            "label": "truck",
            "left": 431.625,
            "top": 377.80003255208334,
            "width": 46.284375
        }
    ]
}