{
    "image_id": 122166,
    "seq": [
        {
            "height": 97.0406265258789,
            "label": "bicycle",
            "left": 82.33124542236328,
            "top": 335.5781555175781,
            "width": 39.68437576293945
        },
        {
            "height": 102.58124542236328,
            "label": "car",
            "left": 300.0,
            "top": 273.87188720703125,
            "width": 119.03437805175781
        },
        {
            "height": 17.45625114440918,
            "label": "car",
            "left": 483.9750061035156,
            "top": 282.7593688964844,
            "width": 28.03125
        },
        {
            "height": 42.33749771118164,
            "label": "car",
            "left": 431.9624938964844,
            "top": 283.84686279296875,
            "width": 45.62812042236328
        },
        {
            "height": 73.0687484741211,
            "label": "car",
            "left": 344.2406311035156,
            "top": 263.1000061035156,
            "width": 80.9906234741211
        },
        {
            "height": 143.49374389648438,
            "label": "car",
            "left": 148.2937469482422,
            "top": 247.8000030517578,
            "width": 154.6687469482422
        },
        {
            "height": 194.58750915527344,
            "label": "person",
            "left": 71.9625015258789,
            "top": 211.828125,
            "width": 73.98749542236328
        },
        {
            "height": 35.446876525878906,
            "label": "person",
            "left": 473.86871337890625,
            "top": 286.1812744140625,
            "width": 13.321874618530273
        },
        {
            "height": 17.22187614440918,
            "label": "traffic light",
            "left": 365.64373779296875,
            "top": 236.21250915527344,
            "width": 10.60312557220459
        },
        {
            "height": 16.21875,
            "label": "traffic light",
            "left": 317.3812561035156,
            "top": 180.0281219482422,
            "width": 6.515625
        },
        {
            "height": 18.946874618530273,
            "label": "traffic light",
            "left": 304.3874816894531,
            "top": 230.3718719482422,
            "width": 9.10312557220459
        },
        {
            "height": 21.524999618530273,
            "label": "person",
            "left": 531.9656372070312,
            "top": 279.515625,
            "width": 14.728124618530273
        },
        {
            "height": 4.171875,
            "label": "traffic light",
            "left": 491.5780944824219,
            "top": 251.90626525878906,
            "width": 4.340624809265137
        },
        {
            "height": 64.33125305175781,
            "label": "person",
            "left": 151.95936584472656,
            "top": 239.91561889648438,
            "width": 25.29374885559082
        },
        {
            "height": 27.787500381469727,
            "label": "traffic light",
            "left": 287.7843933105469,
            "top": 222.60935974121094,
            "width": 11.831249237060547
        },
        {
            "height": 7.668750286102295,
            "label": "traffic light",
            "left": 480.7125244140625,
            "top": 249.38438415527344,
            "width": 5.409375190734863
        },
        {
            "height": 10.34062385559082,
            "label": "traffic light",
            "left": 544.875,
            "top": 259.1343688964844,
            "width": 4.631250381469727
        },
        {
            "height": 18.84375,
            "label": "person",
            "left": 554.15625,
            "top": 281.4093933105469,
            "width": 6.103125095367432
        },
        {
            "height": 70.9124984741211,
            "label": "person",
            "left": 5.193750381469727,
            "top": 268.96875,
            "width": 28.51875114440918
        },
        {
            "height": 10.012500762939453,
            "label": "bicycle",
            "left": 512.3624877929688,
            "top": 285.4593811035156,
            "width": 5.428124904632568
        },
        {
            "height": 17.93437385559082,
            "label": "car",
            "left": 563.2125244140625,
            "top": 278.4281311035156,
            "width": 30.403125762939453
        },
        {
            "height": 96.890625,
            "label": "motorcycle",
            "left": 32.87812423706055,
            "top": 282.9187316894531,
            "width": 46.79999542236328
        },
        {
            "height": 8.503124237060547,
            "label": "traffic light",
            "left": 461.859375,
            "top": 269.5406494140625,
            "width": 4.256249904632568
        },
        {
            "height": 58.58437728881836,
            "label": "backpack",
            "left": 79.05937957763672,
            "top": 278.1187438964844,
            "width": 43.15312194824219
        },
        {
            "height": 10.69687557220459,
            "label": "car",
            "left": 517.3875122070312,
            "top": 256.125,
            "width": 14.35312557220459
        },
        {
            "height": 14.774999618530273,
            "label": "car",
            "left": 501.9749755859375,
            "top": 261.84375,
            "width": 12.787500381469727
        },
        {
            "height": 14.11875057220459,
            "label": "car",
            "left": 511.0312194824219,
            "top": 267.0281066894531,
            "width": 11.634374618530273
        },
        {
            "height": 140.16561889648438,
            "label": "truck",
            "left": 148.171875,
            "top": 247.41563415527344,
            "width": 155.29685974121094
        },
        {
            "height": 41.40937423706055,
            "label": "truck",
            "left": 432.09375,
            "top": 283.8187255859375,
            "width": 46.28437423706055
        }
    ]
}