{
    "image_id": 122217,
    "seq": [
        {
            "height": 70.55625,
            "label": "person",
            "left": 228.98823529411766,
            "top": 276.0093994140625,
            "width": 87.03529411764706
        },
        {
            "height": 87.97499389648438,
            "label": "person",
            "left": 120.31058823529412,
            "top": 256.125,
            "width": 77.77410845588236
        },
        {
            "height": 15.553125,
            "label": "skateboard",
            "left": 252.50823529411764,
            "top": 340.275,
            "width": 34.16470588235294
        },
        {
            "height": 11.231249237060547,
            "label": "skateboard",
            "left": 136.60235294117646,
            "top": 338.3062744140625,
            "width": 36.21176700367647
        }
    ]
}