{
    "image_id": 122217,
    "seq": [
        {
            "height": 70.5562515258789,
            "label": "person",
            "left": 152.53125,
            "top": 276.4781494140625,
            "width": 57.796875
        },
        {
            "height": 87.9749984741211,
            "label": "person",
            "left": 80.36250305175781,
            "top": 256.59375,
            "width": 51.646873474121094
        },
        {
            "height": 15.553125381469727,
            "label": "skateboard",
            "left": 168.15000915527344,
            "top": 340.7437438964844,
            "width": 22.6875
        },
        {
            "height": 11.231249809265137,
            "label": "skateboard",
            "left": 91.1812515258789,
            "top": 338.7749938964844,
            "width": 24.046875
        }
    ]
}