{
    "image_id": 12280,
    "seq": [
        {
            "height": 120.58124542236328,
            "label": "person",
            "left": 134.18438720703125,
            "top": 226.25624084472656,
            "width": 46.931251525878906
        },
        {
            "height": 55.134376525878906,
            "label": "suitcase",
            "left": 163.39686584472656,
            "top": 294.34686279296875,
            "width": 46.781253814697266
        },
        {
            "height": 60.30000305175781,
            "label": "tv",
            "left": 0.581250011920929,
            "top": 118.79061889648438,
            "width": 52.678123474121094
        },
        {
            "height": 58.70624923706055,
            "label": "person",
            "left": 318.515625,
            "top": 234.61874389648438,
            "width": 13.340624809265137
        },
        {
            "height": 16.443750381469727,
            "label": "person",
            "left": 288.25311279296875,
            "top": 263.109375,
            "width": 10.115625381469727
        }
    ]
}