{
    "image_id": 12280,
    "seq": [
        {
            "height": 120.58125,
            "label": "person",
            "left": 178.2875,
            "top": 225.7875,
            "width": 62.575
        },
        {
            "height": 55.134375,
            "label": "suitcase",
            "left": 217.23751627604167,
            "top": 293.8781005859375,
            "width": 62.375
        },
        {
            "height": 60.3,
            "label": "tv",
            "left": 0.15000104904174805,
            "top": 118.321875,
            "width": 70.2375
        },
        {
            "height": 58.70625,
            "label": "person",
            "left": 424.0624674479167,
            "top": 234.15,
            "width": 17.7875
        },
        {
            "height": 16.443751525878906,
            "label": "person",
            "left": 383.7125,
            "top": 262.6406494140625,
            "width": 13.4875
        }
    ]
}