{
    "image_id": 122962,
    "seq": [
        {
            "height": 127.29374694824219,
            "label": "person",
            "left": 191.06251525878906,
            "top": 61.14375305175781,
            "width": 78.9749984741211
        },
        {
            "height": 106.05937194824219,
            "label": "person",
            "left": 227.55935668945312,
            "top": 124.86563110351562,
            "width": 71.83125305175781
        },
        {
            "height": 19.47187614440918,
            "label": "pizza",
            "left": 209.98123168945312,
            "top": 253.64999389648438,
            "width": 37.781246185302734
        },
        {
            "height": 13.59375,
            "label": "pizza",
            "left": 225.57188415527344,
            "top": 264.8812561035156,
            "width": 24.12187385559082
        },
        {
            "height": 23.596874237060547,
            "label": "pizza",
            "left": 236.578125,
            "top": 217.81874084472656,
            "width": 42.58124923706055
        },
        {
            "height": 7.087499618530273,
            "label": "pizza",
            "left": 362.45623779296875,
            "top": 134.91563415527344,
            "width": 19.518749237060547
        },
        {
            "height": 7.818749904632568,
            "label": "cell phone",
            "left": 415.3031311035156,
            "top": 8.559374809265137,
            "width": 6.253125190734863
        },
        {
            "height": 121.48125457763672,
            "label": "person",
            "left": 270.65625,
            "top": 270.65625,
            "width": 115.2281265258789
        },
        {
            "height": 92.3343734741211,
            "label": "person",
            "left": 282.1218566894531,
            "top": 86.34375,
            "width": 49.22812271118164
        },
        {
            "height": 161.6906280517578,
            "label": "person",
            "left": 413.3999938964844,
            "top": 198.36563110351562,
            "width": 96.4593734741211
        },
        {
            "height": 97.10624694824219,
            "label": "person",
            "left": 401.296875,
            "top": 0.1875,
            "width": 37.34062576293945
        },
        {
            "height": 164.203125,
            "label": "person",
            "left": 466.3312683105469,
            "top": 61.29374694824219,
            "width": 104.02499389648438
        },
        {
            "height": 119.73750305175781,
            "label": "person",
            "left": 53.98125457763672,
            "top": 271.875,
            "width": 132.4968719482422
        },
        {
            "height": 150.33749389648438,
            "label": "person",
            "left": 135.890625,
            "top": 168.5625,
            "width": 86.7281265258789
        },
        {
            "height": 88.2093734741211,
            "label": "person",
            "left": 196.35000610351562,
            "top": 11.53125,
            "width": 44.446876525878906
        },
        {
            "height": 201.75936889648438,
            "label": "person",
            "left": 98.18437957763672,
            "top": 0.543749988079071,
            "width": 78.36561584472656
        },
        {
            "height": 188.0906219482422,
            "label": "person",
            "left": 38.728126525878906,
            "top": 0.0,
            "width": 98.1468734741211
        },
        {
            "height": 39.196876525878906,
            "label": "pizza",
            "left": 251.47499084472656,
            "top": 314.5031433105469,
            "width": 21.59062385559082
        },
        {
            "height": 13.640625,
            "label": "pizza",
            "left": 307.6500244140625,
            "top": 241.7624969482422,
            "width": 40.04062271118164
        },
        {
            "height": 15.018750190734863,
            "label": "pizza",
            "left": 294.0093688964844,
            "top": 193.24688720703125,
            "width": 25.181251525878906
        },
        {
            "height": 8.40000057220459,
            "label": "pizza",
            "left": 319.38751220703125,
            "top": 172.53749084472656,
            "width": 28.837499618530273
        },
        {
            "height": 7.049999713897705,
            "label": "pizza",
            "left": 374.2875061035156,
            "top": 120.77812957763672,
            "width": 18.600000381469727
        },
        {
            "height": 11.259374618530273,
            "label": "pizza",
            "left": 382.5375061035156,
            "top": 158.24061584472656,
            "width": 24.375
        },
        {
            "height": 28.678125381469727,
            "label": "pizza",
            "left": 137.86874389648438,
            "top": 327.2624816894531,
            "width": 60.81562805175781
        },
        {
            "height": 15.712499618530273,
            "label": "pizza",
            "left": 298.94061279296875,
            "top": 273.29998779296875,
            "width": 25.19999885559082
        },
        {
            "height": 56.78437805175781,
            "label": "dining table",
            "left": 164.16561889648438,
            "top": 284.9624938964844,
            "width": 74.3343734741211
        },
        {
            "height": 90.96562194824219,
            "label": "person",
            "left": 310.21875,
            "top": 18.49687385559082,
            "width": 64.14375305175781
        },
        {
            "height": 16.5,
            "label": "pizza",
            "left": 129.45938110351562,
            "top": 320.66253662109375,
            "width": 47.484375
        },
        {
            "height": 281.859375,
            "label": "dining table",
            "left": 123.9000015258789,
            "top": 108.4124984741211,
            "width": 296.3156433105469
        }
    ]
}