{
    "image_id": 122962,
    "seq": [
        {
            "height": 192.14150943396226,
            "label": "person",
            "left": 190.59375,
            "top": 91.58490566037736,
            "width": 78.975
        },
        {
            "height": 160.08962264150944,
            "label": "person",
            "left": 227.090625,
            "top": 187.76888635023585,
            "width": 71.83125
        },
        {
            "height": 29.391509433962263,
            "label": "pizza",
            "left": 209.5125,
            "top": 382.16037735849056,
            "width": 37.781246948242185
        },
        {
            "height": 20.5188679245283,
            "label": "pizza",
            "left": 225.103125,
            "top": 399.1131706957547,
            "width": 24.121875
        },
        {
            "height": 35.617924528301884,
            "label": "pizza",
            "left": 236.109375,
            "top": 328.07547169811323,
            "width": 42.58124694824219
        },
        {
            "height": 10.69811320754717,
            "label": "pizza",
            "left": 361.9875,
            "top": 202.93867924528303,
            "width": 19.51875
        },
        {
            "height": 11.80188679245283,
            "label": "cell phone",
            "left": 414.834375,
            "top": 12.212279121830779,
            "width": 6.253125
        },
        {
            "height": 183.3679245283019,
            "label": "person",
            "left": 270.1875,
            "top": 407.8301518278302,
            "width": 115.228125
        },
        {
            "height": 139.37264150943398,
            "label": "person",
            "left": 281.653125,
            "top": 129.6226599351415,
            "width": 49.22812194824219
        },
        {
            "height": 244.06132075471697,
            "label": "person",
            "left": 412.93125,
            "top": 298.7122825766509,
            "width": 96.459375
        },
        {
            "height": 146.5754716981132,
            "label": "person",
            "left": 400.828125,
            "top": 0.0,
            "width": 37.34062805175781
        },
        {
            "height": 247.85377358490567,
            "label": "person",
            "left": 465.8625,
            "top": 91.81128390330188,
            "width": 104.025
        },
        {
            "height": 180.73584905660377,
            "label": "person",
            "left": 53.5125,
            "top": 409.66977446933964,
            "width": 132.496875
        },
        {
            "height": 226.92450987617926,
            "label": "person",
            "left": 135.421875,
            "top": 253.72641509433961,
            "width": 86.728125
        },
        {
            "height": 133.14621720224056,
            "label": "person",
            "left": 195.88125,
            "top": 16.698129330041272,
            "width": 44.446878051757814
        },
        {
            "height": 304.5424344044811,
            "label": "person",
            "left": 97.71561889648437,
            "top": 0.11320474012842718,
            "width": 78.36561889648438
        },
        {
            "height": 283.91037735849056,
            "label": "person",
            "left": 38.25938110351562,
            "top": 0.0,
            "width": 98.146875
        },
        {
            "height": 59.16509433962264,
            "label": "pizza",
            "left": 251.0062744140625,
            "top": 474.0141509433962,
            "width": 21.590623474121095
        },
        {
            "height": 20.589622641509433,
            "label": "pizza",
            "left": 307.18125,
            "top": 364.21694428066036,
            "width": 40.040625
        },
        {
            "height": 22.669811320754718,
            "label": "pizza",
            "left": 293.5406005859375,
            "top": 290.9858490566038,
            "width": 25.18125
        },
        {
            "height": 12.679245283018869,
            "label": "pizza",
            "left": 318.91875,
            "top": 259.7264335200472,
            "width": 28.8375
        },
        {
            "height": 10.641508282355542,
            "label": "pizza",
            "left": 373.8187744140625,
            "top": 181.59903817806602,
            "width": 18.6
        },
        {
            "height": 16.995283018867923,
            "label": "pizza",
            "left": 382.06875,
            "top": 238.14626326650944,
            "width": 24.375
        },
        {
            "height": 43.2877358490566,
            "label": "pizza",
            "left": 137.4,
            "top": 493.2735480542453,
            "width": 60.815625
        },
        {
            "height": 23.71698113207547,
            "label": "pizza",
            "left": 298.471875,
            "top": 411.8207915683962,
            "width": 25.199998474121095
        },
        {
            "height": 85.7122641509434,
            "label": "dining table",
            "left": 163.69688720703124,
            "top": 429.42452830188677,
            "width": 74.334375
        },
        {
            "height": 137.3066037735849,
            "label": "person",
            "left": 309.75,
            "top": 27.212268757370282,
            "width": 64.14375
        },
        {
            "height": 24.90566037735849,
            "label": "pizza",
            "left": 128.990625,
            "top": 483.3113944575472,
            "width": 47.484375
        },
        {
            "height": 425.4481132075472,
            "label": "dining table",
            "left": 123.43126220703125,
            "top": 162.93396226415095,
            "width": 296.315625
        }
    ]
}