{
    "image_id": 123131,
    "seq": [
        {
            "height": 455.03040837236534,
            "label": "truck",
            "left": 70.284375,
            "top": 41.80327411446136,
            "width": 494.34375
        },
        {
            "height": 120.37939110070258,
            "label": "truck",
            "left": 67.659375,
            "top": 256.608862704918,
            "width": 76.846875
        },
        {
            "height": 87.02107728337236,
            "label": "truck",
            "left": 45.95624694824219,
            "top": 316.90401785714283,
            "width": 28.490625
        },
        {
            "height": 91.77049180327869,
            "label": "truck",
            "left": 0.0,
            "top": 307.95316159250586,
            "width": 37.171875
        }
    ]
}