{
    "image_id": 123131,
    "seq": [
        {
            "height": 303.5906066894531,
            "label": "truck",
            "left": 70.75312805175781,
            "top": 28.359375,
            "width": 494.34375
        },
        {
            "height": 80.31562042236328,
            "label": "truck",
            "left": 68.12812042236328,
            "top": 171.6750030517578,
            "width": 76.84687805175781
        },
        {
            "height": 58.05937194824219,
            "label": "truck",
            "left": 46.42500305175781,
            "top": 211.90313720703125,
            "width": 28.490625381469727
        },
        {
            "height": 61.22812271118164,
            "label": "truck",
            "left": 0.0,
            "top": 205.93124389648438,
            "width": 37.171875
        }
    ]
}