{
    "image_id": 123213,
    "seq": [
        {
            "height": 61.17857142857143,
            "label": "chair",
            "left": 477.656201171875,
            "top": 73.31634147799745,
            "width": 45.3
        },
        {
            "height": 315.5051020408163,
            "label": "person",
            "left": 227.4656005859375,
            "top": 267.1377152423469,
            "width": 189.9375
        },
        {
            "height": 343.2091836734694,
            "label": "person",
            "left": 383.85,
            "top": 244.34695870535714,
            "width": 176.428125
        },
        {
            "height": 121.85204081632654,
            "label": "person",
            "left": 371.1187744140625,
            "top": 0.0,
            "width": 56.11875
        },
        {
            "height": 94.86734693877551,
            "label": "person",
            "left": 187.36875,
            "top": 0.0,
            "width": 64.171875
        },
        {
            "height": 79.37755102040816,
            "label": "person",
            "left": 72.76875,
            "top": 2.418377467564174,
            "width": 105.4875
        },
        {
            "height": 206.55612244897958,
            "label": "baseball bat",
            "left": 207.80625,
            "top": 84.47451969068878,
            "width": 56.803125
        },
        {
            "height": 86.83163265306122,
            "label": "baseball glove",
            "left": 227.41875,
            "top": 341.05102040816325,
            "width": 28.096875
        },
        {
            "height": 59.57142358896684,
            "label": "chair",
            "left": 520.865673828125,
            "top": 80.12753607302295,
            "width": 49.453125
        },
        {
            "height": 71.64795918367346,
            "label": "person",
            "left": 164.35313720703124,
            "top": 0.5510527163135762,
            "width": 61.125
        },
        {
            "height": 74.47959681919643,
            "label": "person",
            "left": 0.0,
            "top": 0.0,
            "width": 59.4375
        },
        {
            "height": 25.607142857142858,
            "label": "person",
            "left": 158.94376220703126,
            "top": 2.801020096759407,
            "width": 9.45
        },
        {
            "height": 102.84183673469387,
            "label": "person",
            "left": 240.1593505859375,
            "top": 0.0,
            "width": 46.41562194824219
        },
        {
            "height": 66.97958685427295,
            "label": "bench",
            "left": 415.828125,
            "top": 58.2551120057398,
            "width": 46.078125
        },
        {
            "height": 52.392857142857146,
            "label": "person",
            "left": 115.415625,
            "top": 0.0,
            "width": 50.5875
        },
        {
            "height": 406.7448979591837,
            "label": "person",
            "left": 85.44375,
            "top": 128.11226482780611,
            "width": 223.359375
        }
    ]
}