{
    "image_id": 123213,
    "seq": [
        {
            "height": 37.47187805175781,
            "label": "chair",
            "left": 478.125,
            "top": 45.375,
            "width": 45.29999923706055
        },
        {
            "height": 193.24688720703125,
            "label": "person",
            "left": 227.9343719482422,
            "top": 164.0906219482422,
            "width": 189.9375
        },
        {
            "height": 210.2156219482422,
            "label": "person",
            "left": 384.3187561035156,
            "top": 150.13125610351562,
            "width": 176.42813110351562
        },
        {
            "height": 74.6343765258789,
            "label": "person",
            "left": 371.5874938964844,
            "top": 0.0,
            "width": 56.118751525878906
        },
        {
            "height": 58.10625076293945,
            "label": "person",
            "left": 187.83749389648438,
            "top": 0.0,
            "width": 64.171875
        },
        {
            "height": 48.61874771118164,
            "label": "person",
            "left": 73.23750305175781,
            "top": 1.9499999284744263,
            "width": 105.48749542236328
        },
        {
            "height": 126.515625,
            "label": "baseball bat",
            "left": 208.27499389648438,
            "top": 52.209373474121094,
            "width": 56.803123474121094
        },
        {
            "height": 53.18437194824219,
            "label": "baseball glove",
            "left": 227.88751220703125,
            "top": 209.3625030517578,
            "width": 28.096874237060547
        },
        {
            "height": 36.48749923706055,
            "label": "chair",
            "left": 521.3344116210938,
            "top": 49.546875,
            "width": 49.453125
        },
        {
            "height": 43.884376525878906,
            "label": "person",
            "left": 164.82186889648438,
            "top": 0.8062500357627869,
            "width": 61.124996185302734
        },
        {
            "height": 45.618751525878906,
            "label": "person",
            "left": 0.0,
            "top": 0.40312501788139343,
            "width": 59.4375
        },
        {
            "height": 15.684374809265137,
            "label": "person",
            "left": 159.41249084472656,
            "top": 2.184375047683716,
            "width": 9.449999809265137
        },
        {
            "height": 62.99062728881836,
            "label": "person",
            "left": 240.62814331054688,
            "top": 0.0,
            "width": 46.41562271118164
        },
        {
            "height": 41.02499771118164,
            "label": "bench",
            "left": 416.296875,
            "top": 36.150001525878906,
            "width": 46.078125
        },
        {
            "height": 32.09062194824219,
            "label": "person",
            "left": 115.8843765258789,
            "top": 0.0,
            "width": 50.58749771118164
        },
        {
            "height": 249.13124084472656,
            "label": "person",
            "left": 85.9124984741211,
            "top": 78.9375,
            "width": 223.359375
        }
    ]
}