{
    "image_id": 123321,
    "seq": [
        {
            "height": 572.9705882352941,
            "label": "bowl",
            "left": 10.323536592371324,
            "top": 14.372545828227125,
            "width": 579.7254901960785
        },
        {
            "height": 103.32352941176471,
            "label": "broccoli",
            "left": 154.17648335375816,
            "top": 455.6372549019608,
            "width": 138.0
        },
        {
            "height": 312.8137254901961,
            "label": "broccoli",
            "left": 346.48039215686276,
            "top": 62.627431832107845,
            "width": 227.86274509803923
        },
        {
            "height": 111.50980392156863,
            "label": "broccoli",
            "left": 227.53919015522877,
            "top": 336.7450980392157,
            "width": 113.27452256944444
        },
        {
            "height": 117.97058823529412,
            "label": "broccoli",
            "left": 290.8333333333333,
            "top": 438.80392156862746,
            "width": 89.79411126429738
        },
        {
            "height": 263.02941176470586,
            "label": "broccoli",
            "left": 35.33333652471405,
            "top": 43.931372549019606,
            "width": 252.3136999591503
        },
        {
            "height": 97.07842498978758,
            "label": "broccoli",
            "left": 301.52941176470586,
            "top": 126.58824805964052,
            "width": 63.372549019607845
        },
        {
            "height": 95.72549019607843,
            "label": "broccoli",
            "left": 189.61764705882354,
            "top": 240.63725490196077,
            "width": 103.82352941176471
        },
        {
            "height": 72.49019607843137,
            "label": "broccoli",
            "left": 376.480366625817,
            "top": 453.1470588235294,
            "width": 52.529414956086605
        },
        {
            "height": 63.36274509803921,
            "label": "broccoli",
            "left": 64.22549019607843,
            "top": 386.25495302287584,
            "width": 111.91176470588235
        },
        {
            "height": 28.068627450980394,
            "label": "broccoli",
            "left": 88.41176470588235,
            "top": 284.34313725490193,
            "width": 62.28431372549019
        },
        {
            "height": 108.80392156862744,
            "label": "broccoli",
            "left": 261.54901960784315,
            "top": 241.99997446895424,
            "width": 89.88235294117646
        },
        {
            "height": 45.77450980392157,
            "label": "carrot",
            "left": 47.26470907373366,
            "top": 384.3137254901961,
            "width": 24.10784473294526
        },
        {
            "height": 45.24509484783497,
            "label": "carrot",
            "left": 537.460733251634,
            "top": 239.4411509395425,
            "width": 42.18627450980392
        },
        {
            "height": 15.754901960784315,
            "label": "carrot",
            "left": 382.45098039215685,
            "top": 71.12745098039215,
            "width": 37.00000319138072
        },
        {
            "height": 19.03921568627451,
            "label": "carrot",
            "left": 415.7549019607843,
            "top": 230.42156862745097,
            "width": 34.19607843137255
        },
        {
            "height": 15.441176470588236,
            "label": "carrot",
            "left": 316.441202001634,
            "top": 104.49999361723856,
            "width": 13.77450980392157
        },
        {
            "height": 58.088235294117645,
            "label": "carrot",
            "left": 282.5294372957516,
            "top": 31.245098039215687,
            "width": 75.82352302900327
        },
        {
            "height": 14.401960784313726,
            "label": "carrot",
            "left": 135.76470588235293,
            "top": 207.22549019607843,
            "width": 20.372547423917485
        },
        {
            "height": 15.392156862745098,
            "label": "carrot",
            "left": 376.9901705473856,
            "top": 367.26468035130716,
            "width": 15.784313725490197
        },
        {
            "height": 20.705883948631534,
            "label": "carrot",
            "left": 299.6862745098039,
            "top": 299.9313725490196,
            "width": 23.00980392156863
        }
    ]
}