{
    "image_id": 123321,
    "seq": [
        {
            "height": 572.9705810546875,
            "label": "bowl",
            "left": 10.813725471496582,
            "top": 14.86274528503418,
            "width": 579.7255249023438
        },
        {
            "height": 103.32352447509766,
            "label": "broccoli",
            "left": 154.6666717529297,
            "top": 456.12744140625,
            "width": 138.0
        },
        {
            "height": 312.813720703125,
            "label": "broccoli",
            "left": 346.9705810546875,
            "top": 63.117645263671875,
            "width": 227.86273193359375
        },
        {
            "height": 111.50979614257812,
            "label": "broccoli",
            "left": 228.0294189453125,
            "top": 337.2353210449219,
            "width": 113.2745132446289
        },
        {
            "height": 117.97058868408203,
            "label": "broccoli",
            "left": 291.3235168457031,
            "top": 439.2940979003906,
            "width": 89.79412078857422
        },
        {
            "height": 263.0294189453125,
            "label": "broccoli",
            "left": 35.82352828979492,
            "top": 44.42156982421875,
            "width": 252.31370544433594
        },
        {
            "height": 97.07842254638672,
            "label": "broccoli",
            "left": 302.01959228515625,
            "top": 127.07842254638672,
            "width": 63.3725471496582
        },
        {
            "height": 95.72549438476562,
            "label": "broccoli",
            "left": 190.1078338623047,
            "top": 241.12744140625,
            "width": 103.82352447509766
        },
        {
            "height": 72.49019622802734,
            "label": "broccoli",
            "left": 376.9706115722656,
            "top": 453.63726806640625,
            "width": 52.529415130615234
        },
        {
            "height": 63.36274337768555,
            "label": "broccoli",
            "left": 64.71568298339844,
            "top": 386.7451171875,
            "width": 111.9117660522461
        },
        {
            "height": 28.068626403808594,
            "label": "broccoli",
            "left": 88.90196228027344,
            "top": 284.83331298828125,
            "width": 62.2843132019043
        },
        {
            "height": 108.80392456054688,
            "label": "broccoli",
            "left": 262.0392150878906,
            "top": 242.4901885986328,
            "width": 89.88235473632812
        },
        {
            "height": 45.774505615234375,
            "label": "carrot",
            "left": 47.75490188598633,
            "top": 384.8039245605469,
            "width": 24.107845306396484
        },
        {
            "height": 45.24509811401367,
            "label": "carrot",
            "left": 537.9509887695312,
            "top": 239.93138122558594,
            "width": 42.186275482177734
        },
        {
            "height": 15.754900932312012,
            "label": "carrot",
            "left": 382.9411926269531,
            "top": 71.6176528930664,
            "width": 37.000003814697266
        },
        {
            "height": 19.039215087890625,
            "label": "carrot",
            "left": 416.2451171875,
            "top": 230.91177368164062,
            "width": 34.19607925415039
        },
        {
            "height": 15.441176414489746,
            "label": "carrot",
            "left": 316.9313659667969,
            "top": 104.99018859863281,
            "width": 13.774510383605957
        },
        {
            "height": 58.088233947753906,
            "label": "carrot",
            "left": 283.01959228515625,
            "top": 31.735294342041016,
            "width": 75.82352447509766
        },
        {
            "height": 14.401960372924805,
            "label": "carrot",
            "left": 136.25489807128906,
            "top": 207.71568298339844,
            "width": 20.372549057006836
        },
        {
            "height": 15.392156600952148,
            "label": "carrot",
            "left": 377.48040771484375,
            "top": 367.7548828125,
            "width": 15.784314155578613
        },
        {
            "height": 20.705883026123047,
            "label": "carrot",
            "left": 300.17645263671875,
            "top": 300.42156982421875,
            "width": 23.009803771972656
        }
    ]
}