{
    "image_id": 123480,
    "seq": [
        {
            "height": 34.9,
            "label": "toothbrush",
            "left": 198.48748779296875,
            "top": 391.86253255208334,
            "width": 27.009375
        },
        {
            "height": 15.174998982747395,
            "label": "toothbrush",
            "left": 261.0,
            "top": 467.47496744791664,
            "width": 16.8
        },
        {
            "height": 437.225,
            "label": "person",
            "left": 101.43748779296875,
            "top": 138.83751627604167,
            "width": 268.3875
        },
        {
            "height": 103.6875,
            "label": "cell phone",
            "left": 136.91251220703126,
            "top": 226.91248372395833,
            "width": 24.309375
        }
    ]
}