{
    "image_id": 123480,
    "seq": [
        {
            "height": 26.17500114440918,
            "label": "toothbrush",
            "left": 198.9562530517578,
            "top": 294.3656005859375,
            "width": 27.009374618530273
        },
        {
            "height": 11.38124942779541,
            "label": "toothbrush",
            "left": 261.46875,
            "top": 351.07501220703125,
            "width": 16.80000114440918
        },
        {
            "height": 327.91876220703125,
            "label": "person",
            "left": 101.90625,
            "top": 104.59687042236328,
            "width": 268.38751220703125
        },
        {
            "height": 77.765625,
            "label": "cell phone",
            "left": 137.38124084472656,
            "top": 170.6531219482422,
            "width": 24.30937385559082
        }
    ]
}