{
    "image_id": 123585,
    "seq": [
        {
            "height": 178.44375,
            "label": "bird",
            "left": 264.8875,
            "top": 187.67811279296876,
            "width": 120.7
        },
        {
            "height": 98.92500610351563,
            "label": "bird",
            "left": 0.0,
            "top": 42.05625,
            "width": 219.275
        },
        {
            "height": 145.434375,
            "label": "bird",
            "left": 415.8875325520833,
            "top": 404.68125,
            "width": 183.48748372395832
        },
        {
            "height": 29.85,
            "label": "fork",
            "left": 67.82500406901042,
            "top": 271.2,
            "width": 153.1375
        },
        {
            "height": 55.921875,
            "label": "bird",
            "left": 173.69998372395833,
            "top": 0.0,
            "width": 160.8
        },
        {
            "height": 62.02500610351562,
            "label": "bird",
            "left": 443.2,
            "top": 0.0,
            "width": 156.175
        }
    ]
}