{
    "image_id": 123585,
    "seq": [
        {
            "height": 178.44375610351562,
            "label": "bird",
            "left": 199.13438415527344,
            "top": 188.14688110351562,
            "width": 90.5250015258789
        },
        {
            "height": 98.92500305175781,
            "label": "bird",
            "left": 0.0,
            "top": 42.525001525878906,
            "width": 164.4562530517578
        },
        {
            "height": 145.43438720703125,
            "label": "bird",
            "left": 312.3843688964844,
            "top": 405.1499938964844,
            "width": 137.61561584472656
        },
        {
            "height": 29.850000381469727,
            "label": "fork",
            "left": 51.33749771118164,
            "top": 271.66876220703125,
            "width": 114.8531265258789
        },
        {
            "height": 55.921875,
            "label": "bird",
            "left": 130.74375915527344,
            "top": 0.0,
            "width": 120.60000610351562
        },
        {
            "height": 62.025001525878906,
            "label": "bird",
            "left": 332.8687438964844,
            "top": 0.0,
            "width": 117.13125610351562
        }
    ]
}