{
    "image_id": 123633,
    "seq": [
        {
            "height": 92.64375305175781,
            "label": "chair",
            "left": 78.20625305175781,
            "top": 351.6374816894531,
            "width": 70.98750305175781
        },
        {
            "height": 210.33750915527344,
            "label": "person",
            "left": 114.2718734741211,
            "top": 239.36251831054688,
            "width": 203.25936889648438
        },
        {
            "height": 203.28750610351562,
            "label": "person",
            "left": 338.8218688964844,
            "top": 192.71249389648438,
            "width": 184.3781280517578
        },
        {
            "height": 366.91876220703125,
            "label": "person",
            "left": 280.875,
            "top": 0.0,
            "width": 248.25
        },
        {
            "height": 265.5375061035156,
            "label": "person",
            "left": 107.4281234741211,
            "top": 0.5062500238418579,
            "width": 145.9499969482422
        },
        {
            "height": 112.7437515258789,
            "label": "person",
            "left": 427.2562255859375,
            "top": 1.978124976158142,
            "width": 85.05000305175781
        },
        {
            "height": 31.012500762939453,
            "label": "book",
            "left": 552.2999877929688,
            "top": 119.17499542236328,
            "width": 47.70000457763672
        },
        {
            "height": 40.75312805175781,
            "label": "book",
            "left": 566.3156127929688,
            "top": 0.0,
            "width": 33.68437576293945
        },
        {
            "height": 93.54374694824219,
            "label": "book",
            "left": 558.1593627929688,
            "top": 168.9187469482422,
            "width": 37.556251525878906
        },
        {
            "height": 97.07813262939453,
            "label": "book",
            "left": 543.0374755859375,
            "top": 162.4968719482422,
            "width": 31.34062385559082
        },
        {
            "height": 89.2874984741211,
            "label": "book",
            "left": 579.0844116210938,
            "top": 174.27188110351562,
            "width": 20.915624618530273
        },
        {
            "height": 62.09999465942383,
            "label": "scissors",
            "left": 235.42498779296875,
            "top": 362.1843566894531,
            "width": 61.58437728881836
        },
        {
            "height": 58.65937423706055,
            "label": "dining table",
            "left": 252.80624389648438,
            "top": 386.28753662109375,
            "width": 177.984375
        },
        {
            "height": 96.26249694824219,
            "label": "bowl",
            "left": 491.17498779296875,
            "top": 353.7375183105469,
            "width": 108.82499694824219
        }
    ]
}