{
    "image_id": 123633,
    "seq": [
        {
            "height": 123.525,
            "label": "chair",
            "left": 77.7375,
            "top": 468.22496744791664,
            "width": 70.9875
        },
        {
            "height": 280.4500325520833,
            "label": "person",
            "left": 113.803125,
            "top": 318.525,
            "width": 203.259375
        },
        {
            "height": 271.05,
            "label": "person",
            "left": 338.353125,
            "top": 256.325,
            "width": 184.378125
        },
        {
            "height": 489.225,
            "label": "person",
            "left": 280.40625,
            "top": 0.0,
            "width": 248.25
        },
        {
            "height": 354.05,
            "label": "person",
            "left": 106.959375,
            "top": 0.050008296966552734,
            "width": 145.94998779296876
        },
        {
            "height": 150.325,
            "label": "person",
            "left": 426.7875,
            "top": 2.0124972025553385,
            "width": 85.05
        },
        {
            "height": 41.35000406901042,
            "label": "book",
            "left": 551.83125,
            "top": 158.275,
            "width": 47.700006103515626
        },
        {
            "height": 54.3375,
            "label": "book",
            "left": 565.846826171875,
            "top": 0.0,
            "width": 33.684375
        },
        {
            "height": 124.725,
            "label": "book",
            "left": 557.690625,
            "top": 224.60001627604166,
            "width": 37.55625
        },
        {
            "height": 129.4375,
            "label": "book",
            "left": 542.56875,
            "top": 216.03751627604166,
            "width": 31.340625
        },
        {
            "height": 119.05000813802083,
            "label": "book",
            "left": 578.615576171875,
            "top": 231.73753255208334,
            "width": 20.915625
        },
        {
            "height": 82.8,
            "label": "scissors",
            "left": 234.95625,
            "top": 482.28753255208335,
            "width": 61.584375
        },
        {
            "height": 78.2125,
            "label": "dining table",
            "left": 252.3375,
            "top": 514.425,
            "width": 177.984375
        },
        {
            "height": 128.34999186197916,
            "label": "bowl",
            "left": 490.706298828125,
            "top": 471.02496744791665,
            "width": 108.825
        }
    ]
}