{
    "image_id": 124277,
    "seq": [
        {
            "height": 16.864865880002597,
            "label": "car",
            "left": 404.2875,
            "top": 227.47609147609148,
            "width": 15.581251525878907
        },
        {
            "height": 322.25363825363826,
            "label": "train",
            "left": 280.228125,
            "top": 166.65277416839916,
            "width": 291.84375
        },
        {
            "height": 15.604989604989605,
            "label": "car",
            "left": 474.2625,
            "top": 374.3575558731809,
            "width": 21.384375
        },
        {
            "height": 61.62162162162162,
            "label": "train",
            "left": 248.9625244140625,
            "top": 17.95010395010395,
            "width": 32.49375
        },
        {
            "height": 19.696465696465697,
            "label": "truck",
            "left": 404.11875,
            "top": 227.05200753638255,
            "width": 15.871875
        },
        {
            "height": 23.93762993762994,
            "label": "truck",
            "left": 554.484375,
            "top": 373.4469854469854,
            "width": 16.33125
        },
        {
            "height": 23.550933520660084,
            "label": "car",
            "left": 554.709423828125,
            "top": 374.7193347193347,
            "width": 15.975001525878906
        }
    ]
}