{
    "image_id": 124277,
    "seq": [
        {
            "height": 12.675000190734863,
            "label": "car",
            "left": 404.7562561035156,
            "top": 171.43124389648438,
            "width": 15.581250190734863
        },
        {
            "height": 242.19374084472656,
            "label": "train",
            "left": 280.6968688964844,
            "top": 125.71875762939453,
            "width": 291.84375
        },
        {
            "height": 11.72812557220459,
            "label": "car",
            "left": 474.73126220703125,
            "top": 281.8218688964844,
            "width": 21.384374618530273
        },
        {
            "height": 46.3125,
            "label": "train",
            "left": 249.43124389648438,
            "top": 13.959375381469727,
            "width": 32.493751525878906
        },
        {
            "height": 14.803125381469727,
            "label": "truck",
            "left": 404.5874938964844,
            "top": 171.1125030517578,
            "width": 15.871875762939453
        },
        {
            "height": 17.990625381469727,
            "label": "truck",
            "left": 554.953125,
            "top": 281.13751220703125,
            "width": 16.331249237060547
        },
        {
            "height": 17.69999885559082,
            "label": "car",
            "left": 555.1781616210938,
            "top": 282.09375,
            "width": 15.975001335144043
        }
    ]
}