{
    "image_id": 124659,
    "seq": [
        {
            "height": 86.45000813802083,
            "label": "couch",
            "left": 184.36873779296874,
            "top": 203.24996744791667,
            "width": 183.871875
        },
        {
            "height": 27.39999796549479,
            "label": "clock",
            "left": 155.634375,
            "top": 273.425,
            "width": 22.078125
        },
        {
            "height": 137.3625,
            "label": "chair",
            "left": 47.69999694824219,
            "top": 242.22501627604166,
            "width": 81.65625
        },
        {
            "height": 109.5125,
            "label": "chair",
            "left": 94.38750610351562,
            "top": 214.46248372395834,
            "width": 56.128125
        },
        {
            "height": 156.6,
            "label": "chair",
            "left": 544.828125,
            "top": 421.4875,
            "width": 54.703125
        },
        {
            "height": 31.9375,
            "label": "laptop",
            "left": 292.1437744140625,
            "top": 222.675,
            "width": 31.415621948242187
        },
        {
            "height": 34.325,
            "label": "book",
            "left": 49.52812194824219,
            "top": 147.81253255208333,
            "width": 6.871875
        },
        {
            "height": 44.2,
            "label": "book",
            "left": 44.259375,
            "top": 138.8375,
            "width": 7.96875
        },
        {
            "height": 34.2125,
            "label": "book",
            "left": 47.25,
            "top": 204.82501627604168,
            "width": 19.331251525878905
        },
        {
            "height": 27.6375,
            "label": "book",
            "left": 88.85624389648437,
            "top": 189.72501627604166,
            "width": 5.053125
        },
        {
            "height": 34.175,
            "label": "book",
            "left": 67.378125,
            "top": 194.22498372395833,
            "width": 11.109375
        },
        {
            "height": 26.3125,
            "label": "book",
            "left": 71.69999389648437,
            "top": 245.42501627604167,
            "width": 8.240625
        },
        {
            "height": 33.1,
            "label": "book",
            "left": 65.765625,
            "top": 140.36248372395832,
            "width": 9.609375
        },
        {
            "height": 28.69999796549479,
            "label": "book",
            "left": 86.484375,
            "top": 141.66248372395833,
            "width": 4.790625762939453
        },
        {
            "height": 5.3625,
            "label": "book",
            "left": 143.83125,
            "top": 217.23746744791666,
            "width": 27.20625
        },
        {
            "height": 31.30000203450521,
            "label": "book",
            "left": 95.15625,
            "top": 182.72501627604166,
            "width": 10.434375
        },
        {
            "height": 11.8125,
            "label": "book",
            "left": 47.109371948242185,
            "top": 193.25,
            "width": 12.206250762939453
        },
        {
            "height": 6.437499491373698,
            "label": "book",
            "left": 141.95625,
            "top": 230.3875,
            "width": 30.35625
        },
        {
            "height": 5.012500508626302,
            "label": "book",
            "left": 144.365625,
            "top": 220.72496744791667,
            "width": 27.7875
        }
    ]
}