{
    "image_id": 124636,
    "seq": [
        {
            "height": 352.265625,
            "label": "cow",
            "left": 24.19687271118164,
            "top": 44.51250076293945,
            "width": 495.4781494140625
        },
        {
            "height": 191.4093780517578,
            "label": "cow",
            "left": 403.4624938964844,
            "top": 177.3093719482422,
            "width": 196.53750610351562
        },
        {
            "height": 96.90937042236328,
            "label": "cow",
            "left": 491.2875061035156,
            "top": 60.9375,
            "width": 45.843753814697266
        }
    ]
}