{
    "image_id": 124636,
    "seq": [
        {
            "height": 469.6875,
            "label": "cow",
            "left": 23.728126525878906,
            "top": 58.725,
            "width": 495.478125
        },
        {
            "height": 255.2125,
            "label": "cow",
            "left": 402.9937255859375,
            "top": 235.78748372395833,
            "width": 196.53751220703126
        },
        {
            "height": 129.21249186197917,
            "label": "cow",
            "left": 490.81875,
            "top": 80.625,
            "width": 45.84375
        }
    ]
}