{
    "image_id": 124659,
    "seq": [
        {
            "height": 64.8375015258789,
            "label": "couch",
            "left": 184.83749389648438,
            "top": 152.90626525878906,
            "width": 183.87188720703125
        },
        {
            "height": 20.549999237060547,
            "label": "clock",
            "left": 156.10311889648438,
            "top": 205.53749084472656,
            "width": 22.078125
        },
        {
            "height": 103.02188110351562,
            "label": "chair",
            "left": 48.16875076293945,
            "top": 182.1374969482422,
            "width": 81.65625
        },
        {
            "height": 82.13436889648438,
            "label": "chair",
            "left": 94.85624694824219,
            "top": 161.3156280517578,
            "width": 56.12812423706055
        },
        {
            "height": 117.44999694824219,
            "label": "chair",
            "left": 545.296875,
            "top": 316.5843811035156,
            "width": 54.703125
        },
        {
            "height": 23.953123092651367,
            "label": "laptop",
            "left": 292.61248779296875,
            "top": 167.47500610351562,
            "width": 31.41562271118164
        },
        {
            "height": 25.74374771118164,
            "label": "book",
            "left": 49.99687576293945,
            "top": 111.328125,
            "width": 6.871874809265137
        },
        {
            "height": 33.150001525878906,
            "label": "book",
            "left": 44.72812271118164,
            "top": 104.59687042236328,
            "width": 7.96875
        },
        {
            "height": 25.659374237060547,
            "label": "book",
            "left": 47.71875,
            "top": 154.08750915527344,
            "width": 19.33125114440918
        },
        {
            "height": 20.728124618530273,
            "label": "book",
            "left": 89.32499694824219,
            "top": 142.7624969482422,
            "width": 5.053124904632568
        },
        {
            "height": 25.631250381469727,
            "label": "book",
            "left": 67.84687805175781,
            "top": 146.1374969482422,
            "width": 11.109375953674316
        },
        {
            "height": 19.734375,
            "label": "book",
            "left": 72.16875457763672,
            "top": 184.53750610351562,
            "width": 8.240625381469727
        },
        {
            "height": 24.825000762939453,
            "label": "book",
            "left": 66.234375,
            "top": 105.74063110351562,
            "width": 9.609375
        },
        {
            "height": 21.524999618530273,
            "label": "book",
            "left": 86.953125,
            "top": 106.71562957763672,
            "width": 4.79062557220459
        },
        {
            "height": 4.021874904632568,
            "label": "book",
            "left": 144.3000030517578,
            "top": 163.39686584472656,
            "width": 27.206249237060547
        },
        {
            "height": 23.47500228881836,
            "label": "book",
            "left": 95.625,
            "top": 137.5124969482422,
            "width": 10.434375762939453
        },
        {
            "height": 8.859375,
            "label": "book",
            "left": 47.578125,
            "top": 145.40625,
            "width": 12.206250190734863
        },
        {
            "height": 4.828125,
            "label": "book",
            "left": 142.42498779296875,
            "top": 173.25936889648438,
            "width": 30.356250762939453
        },
        {
            "height": 3.7593750953674316,
            "label": "book",
            "left": 144.83438110351562,
            "top": 166.0124969482422,
            "width": 27.787500381469727
        }
    ]
}