{
    "image_id": 124798,
    "seq": [
        {
            "height": 66.48750305175781,
            "label": "car",
            "left": 38.775001525878906,
            "top": 280.3218994140625,
            "width": 90.09375
        },
        {
            "height": 107.05313110351562,
            "label": "car",
            "left": 538.8468627929688,
            "top": 292.2093811035156,
            "width": 61.15312576293945
        },
        {
            "height": 76.8375015258789,
            "label": "car",
            "left": 0.0,
            "top": 275.32501220703125,
            "width": 54.48749923706055
        },
        {
            "height": 31.171875,
            "label": "car",
            "left": 512.8031005859375,
            "top": 293.65313720703125,
            "width": 43.43437957763672
        },
        {
            "height": 25.228124618530273,
            "label": "car",
            "left": 465.02813720703125,
            "top": 294.421875,
            "width": 37.66875076293945
        },
        {
            "height": 117.62812805175781,
            "label": "bus",
            "left": 160.1437530517578,
            "top": 223.64999389648438,
            "width": 222.7218780517578
        },
        {
            "height": 50.92500305175781,
            "label": "truck",
            "left": 383.1281433105469,
            "top": 280.6031188964844,
            "width": 63.506248474121094
        },
        {
            "height": 25.443750381469727,
            "label": "person",
            "left": 229.5187530517578,
            "top": 251.109375,
            "width": 24.59062385559082
        },
        {
            "height": 23.578123092651367,
            "label": "car",
            "left": 443.25,
            "top": 293.88751220703125,
            "width": 25.303123474121094
        },
        {
            "height": 18.234375,
            "label": "car",
            "left": 497.70001220703125,
            "top": 294.375,
            "width": 19.43437385559082
        },
        {
            "height": 19.987499237060547,
            "label": "car",
            "left": 554.8687133789062,
            "top": 295.79998779296875,
            "width": 18.853126525878906
        },
        {
            "height": 18.890623092651367,
            "label": "umbrella",
            "left": 2.700000047683716,
            "top": 253.00311279296875,
            "width": 59.37187576293945
        },
        {
            "height": 15.25312614440918,
            "label": "umbrella",
            "left": 93.421875,
            "top": 259.3125,
            "width": 40.771873474121094
        },
        {
            "height": 13.481249809265137,
            "label": "umbrella",
            "left": 117.96562957763672,
            "top": 261.44061279296875,
            "width": 29.97187614440918
        },
        {
            "height": 13.171875,
            "label": "umbrella",
            "left": 139.59375,
            "top": 262.38751220703125,
            "width": 25.490625381469727
        },
        {
            "height": 27.759374618530273,
            "label": "umbrella",
            "left": 44.821876525878906,
            "top": 254.98126220703125,
            "width": 37.70625305175781
        }
    ]
}