{
    "image_id": 124798,
    "seq": [
        {
            "height": 99.65339578454332,
            "label": "car",
            "left": 38.30625915527344,
            "top": 419.4519540398126,
            "width": 90.09375
        },
        {
            "height": 160.45433255269322,
            "label": "car",
            "left": 538.378125,
            "top": 437.2692842505855,
            "width": 61.153131103515626
        },
        {
            "height": 115.16627634660422,
            "label": "car",
            "left": 0.0,
            "top": 411.9624926814988,
            "width": 54.4875
        },
        {
            "height": 46.721311475409834,
            "label": "car",
            "left": 512.334423828125,
            "top": 439.4331820843091,
            "width": 43.43437805175781
        },
        {
            "height": 37.81264637002342,
            "label": "car",
            "left": 464.559375,
            "top": 440.58548009367684,
            "width": 37.66875
        },
        {
            "height": 176.30444964871194,
            "label": "bus",
            "left": 159.67501220703124,
            "top": 334.51050204918033,
            "width": 222.721875
        },
        {
            "height": 76.32786885245902,
            "label": "truck",
            "left": 382.6593994140625,
            "top": 419.87349970725995,
            "width": 63.50625
        },
        {
            "height": 38.13583138173302,
            "label": "person",
            "left": 229.05,
            "top": 375.6674473067916,
            "width": 24.590625
        },
        {
            "height": 35.33957616730094,
            "label": "car",
            "left": 442.78125,
            "top": 439.7845067330211,
            "width": 25.303123474121094
        },
        {
            "height": 27.330210772833723,
            "label": "car",
            "left": 497.23125,
            "top": 440.51518588992974,
            "width": 19.434375
        },
        {
            "height": 29.95784543325527,
            "label": "car",
            "left": 554.4,
            "top": 442.6510538641686,
            "width": 18.853125
        },
        {
            "height": 28.313815043179158,
            "label": "umbrella",
            "left": 2.2312469482421875,
            "top": 378.5058548009368,
            "width": 59.371875
        },
        {
            "height": 22.861826697892273,
            "label": "umbrella",
            "left": 92.95311889648437,
            "top": 387.9625292740047,
            "width": 40.771871948242186
        },
        {
            "height": 20.206086705942624,
            "label": "umbrella",
            "left": 117.496875,
            "top": 391.152224824356,
            "width": 29.971875
        },
        {
            "height": 19.7423887587822,
            "label": "umbrella",
            "left": 139.125,
            "top": 392.5713919789227,
            "width": 25.490625
        },
        {
            "height": 41.60655737704918,
            "label": "umbrella",
            "left": 44.353118896484375,
            "top": 381.4707259953162,
            "width": 37.70625
        }
    ]
}