{
    "image_id": 125062,
    "seq": [
        {
            "height": 280.5375,
            "label": "teddy bear",
            "left": 250.77753586065575,
            "top": 303.01875,
            "width": 342.0140515222482
        },
        {
            "height": 252.684375,
            "label": "teddy bear",
            "left": 136.0187262148712,
            "top": 272.3812255859375,
            "width": 272.9789227166276
        },
        {
            "height": 216.646875,
            "label": "teddy bear",
            "left": 29.19906323185012,
            "top": 244.7062744140625,
            "width": 256.5807962529274
        },
        {
            "height": 201.49686279296876,
            "label": "teddy bear",
            "left": 1.6299790107673449,
            "top": 212.5499755859375,
            "width": 173.88758782201404
        },
        {
            "height": 281.9625,
            "label": "book",
            "left": 289.23655225409834,
            "top": 2.915632629394531,
            "width": 100.84776602751757
        },
        {
            "height": 370.790625,
            "label": "book",
            "left": 365.07259953161594,
            "top": 0.0,
            "width": 107.11476324648712
        },
        {
            "height": 331.6875,
            "label": "book",
            "left": 454.0046838407494,
            "top": 0.0,
            "width": 133.37704918032787
        },
        {
            "height": 341.1187255859375,
            "label": "book",
            "left": 543.1053864168618,
            "top": 1.4343917846679688,
            "width": 56.192042044789225
        },
        {
            "height": 278.11875,
            "label": "book",
            "left": 219.4426412470726,
            "top": 3.440621566772461,
            "width": 77.28337236533957
        },
        {
            "height": 250.6781494140625,
            "label": "book",
            "left": 100.38407494145198,
            "top": 0.0,
            "width": 140.43091334894615
        }
    ]
}