{
    "image_id": 125072,
    "seq": [
        {
            "height": 29.273885350318473,
            "label": "cow",
            "left": 172.22811279296874,
            "top": 372.0190833996815,
            "width": 23.41875
        },
        {
            "height": 18.668791363953027,
            "label": "cow",
            "left": 127.77186279296875,
            "top": 375.5349820859873,
            "width": 16.884375
        },
        {
            "height": 29.636942675159236,
            "label": "cow",
            "left": 82.89375,
            "top": 374.02547770700636,
            "width": 21.384375
        },
        {
            "height": 30.210194192874205,
            "label": "cow",
            "left": 208.940625,
            "top": 375.22937400477707,
            "width": 25.603125
        },
        {
            "height": 22.050956969048567,
            "label": "cow",
            "left": 43.98749694824219,
            "top": 384.3438992834395,
            "width": 13.171875
        },
        {
            "height": 25.50955414012739,
            "label": "cow",
            "left": 7.434375,
            "top": 374.4076433121019,
            "width": 22.274998474121094
        }
    ]
}