{
    "image_id": 125062,
    "seq": [
        {
            "height": 280.5375061035156,
            "label": "teddy bear",
            "left": 167.78436279296875,
            "top": 303.4875183105469,
            "width": 228.1875
        },
        {
            "height": 252.6843719482422,
            "label": "teddy bear",
            "left": 91.21875762939453,
            "top": 272.8500061035156,
            "width": 182.1281280517578
        },
        {
            "height": 216.64686584472656,
            "label": "teddy bear",
            "left": 19.950000762939453,
            "top": 245.17498779296875,
            "width": 171.1875
        },
        {
            "height": 201.4968719482422,
            "label": "teddy bear",
            "left": 1.556249976158142,
            "top": 213.0187530517578,
            "width": 116.015625
        },
        {
            "height": 281.9624938964844,
            "label": "book",
            "left": 193.44374084472656,
            "top": 3.3843750953674316,
            "width": 67.28437042236328
        },
        {
            "height": 370.7906494140625,
            "label": "book",
            "left": 244.04061889648438,
            "top": 0.0,
            "width": 71.46562957763672
        },
        {
            "height": 331.6874694824219,
            "label": "book",
            "left": 303.375,
            "top": 0.0,
            "width": 88.98749542236328
        },
        {
            "height": 341.1187438964844,
            "label": "book",
            "left": 362.8218688964844,
            "top": 1.9031249284744263,
            "width": 37.49062728881836
        },
        {
            "height": 278.1187438964844,
            "label": "book",
            "left": 146.8781280517578,
            "top": 3.909374952316284,
            "width": 51.5625
        },
        {
            "height": 250.6781463623047,
            "label": "book",
            "left": 67.44375610351562,
            "top": 0.0,
            "width": 93.69375610351562
        }
    ]
}