{
    "image_id": 125072,
    "seq": [
        {
            "height": 14.362499237060547,
            "label": "cow",
            "left": 172.69688415527344,
            "top": 182.99063110351562,
            "width": 23.41874885559082
        },
        {
            "height": 9.159375190734863,
            "label": "cow",
            "left": 128.24061584472656,
            "top": 184.7156219482422,
            "width": 16.884374618530273
        },
        {
            "height": 14.540624618530273,
            "label": "cow",
            "left": 83.36250305175781,
            "top": 183.97500610351562,
            "width": 21.384374618530273
        },
        {
            "height": 14.82187557220459,
            "label": "cow",
            "left": 209.4093780517578,
            "top": 184.5656280517578,
            "width": 25.603124618530273
        },
        {
            "height": 10.818750381469727,
            "label": "cow",
            "left": 44.45624542236328,
            "top": 189.03749084472656,
            "width": 13.171875
        },
        {
            "height": 12.515625,
            "label": "cow",
            "left": 7.903125286102295,
            "top": 184.16250610351562,
            "width": 22.274999618530273
        }
    ]
}