{
    "image_id": 125129,
    "seq": [
        {
            "height": 13.045045045045045,
            "label": "cell phone",
            "left": 288.732,
            "top": 220.2702468093093,
            "width": 8.11200048828125
        },
        {
            "height": 254.82880536786786,
            "label": "chair",
            "left": 0.0,
            "top": 197.2972972972973,
            "width": 127.512
        },
        {
            "height": 312.52252252252254,
            "label": "chair",
            "left": 213.060015625,
            "top": 205.83781437687688,
            "width": 237.432
        },
        {
            "height": 197.3153153153153,
            "label": "chair",
            "left": 541.14,
            "top": 395.2072072072072,
            "width": 58.26
        },
        {
            "height": 188.34234234234233,
            "label": "dining table",
            "left": 2.087974609375,
            "top": 404.18013325825825,
            "width": 422.00403125
        },
        {
            "height": 379.92792792792795,
            "label": "person",
            "left": 163.380015625,
            "top": 96.91892478415916,
            "width": 242.544
        },
        {
            "height": 407.1171171171171,
            "label": "person",
            "left": 118.08,
            "top": 0.0,
            "width": 115.188
        },
        {
            "height": 536.6305837087087,
            "label": "person",
            "left": 437.616,
            "top": 1.8918759457699887,
            "width": 133.8
        },
        {
            "height": 8.072072072072071,
            "label": "cell phone",
            "left": 295.692,
            "top": 209.71173517267266,
            "width": 4.476
        },
        {
            "height": 85.54954954954955,
            "label": "book",
            "left": 52.92,
            "top": 513.5495964714714,
            "width": 139.008
        }
    ]
}