{
    "image_id": 125129,
    "seq": [
        {
            "height": 8.687999725341797,
            "label": "cell phone",
            "left": 289.3320007324219,
            "top": 147.3000030517578,
            "width": 8.112000465393066
        },
        {
            "height": 169.7159881591797,
            "label": "chair",
            "left": 0.0,
            "top": 132.0,
            "width": 127.51200103759766
        },
        {
            "height": 208.13998413085938,
            "label": "chair",
            "left": 213.6599884033203,
            "top": 137.68800354003906,
            "width": 237.4320068359375
        },
        {
            "height": 131.41200256347656,
            "label": "chair",
            "left": 541.7400512695312,
            "top": 263.8079833984375,
            "width": 58.2599983215332
        },
        {
            "height": 125.43599700927734,
            "label": "dining table",
            "left": 2.687999963760376,
            "top": 269.78399658203125,
            "width": 422.0040283203125
        },
        {
            "height": 253.03199768066406,
            "label": "person",
            "left": 163.97999572753906,
            "top": 65.14800262451172,
            "width": 242.5439910888672
        },
        {
            "height": 271.1400146484375,
            "label": "person",
            "left": 118.68000793457031,
            "top": 0.18000000715255737,
            "width": 115.18799591064453
        },
        {
            "height": 357.39599609375,
            "label": "person",
            "left": 438.2159729003906,
            "top": 1.8599998950958252,
            "width": 133.8000030517578
        },
        {
            "height": 5.375999927520752,
            "label": "cell phone",
            "left": 296.2919921875,
            "top": 140.26800537109375,
            "width": 4.47599983215332
        },
        {
            "height": 56.97599792480469,
            "label": "book",
            "left": 53.519996643066406,
            "top": 342.6239929199219,
            "width": 139.00799560546875
        }
    ]
}