{
    "image_id": 125405,
    "seq": [
        {
            "height": 278.2875061035156,
            "label": "dog",
            "left": 207.09375,
            "top": 102.4124984741211,
            "width": 152.0906219482422
        },
        {
            "height": 156.1875,
            "label": "dog",
            "left": 421.9593505859375,
            "top": 4.3125,
            "width": 122.53125
        },
        {
            "height": 46.88437271118164,
            "label": "frisbee",
            "left": 219.59999084472656,
            "top": 219.984375,
            "width": 77.15625762939453
        }
    ]
}