{
    "image_id": 125405,
    "seq": [
        {
            "height": 416.13084112149534,
            "label": "dog",
            "left": 206.625,
            "top": 152.43926146320092,
            "width": 152.090625
        },
        {
            "height": 233.55140186915887,
            "label": "dog",
            "left": 421.490625,
            "top": 5.747645297897196,
            "width": 122.53125
        },
        {
            "height": 70.10747207213785,
            "label": "frisbee",
            "left": 219.1312744140625,
            "top": 328.24766355140184,
            "width": 77.15625
        }
    ]
}