{
    "image_id": 125572,
    "seq": [
        {
            "height": 94.18735362997658,
            "label": "bicycle",
            "left": 342.75,
            "top": 505.11007025761126,
            "width": 89.61561889648438
        },
        {
            "height": 56.627630086358316,
            "label": "bus",
            "left": 43.6125,
            "top": 440.192037470726,
            "width": 74.6625
        },
        {
            "height": 36.87119666642272,
            "label": "person",
            "left": 285.9000244140625,
            "top": 471.18973214285717,
            "width": 10.18125
        },
        {
            "height": 37.67213114754098,
            "label": "person",
            "left": 232.6875,
            "top": 470.41686182669787,
            "width": 6.9
        },
        {
            "height": 34.566744730679154,
            "label": "person",
            "left": 222.1875,
            "top": 472.5387148711944,
            "width": 6.121874618530273
        },
        {
            "height": 144.0983606557377,
            "label": "person",
            "left": 368.49375,
            "top": 442.9882538056206,
            "width": 39.271875
        },
        {
            "height": 17.08665105386417,
            "label": "person",
            "left": 420.421875,
            "top": 471.5409104215457,
            "width": 9.525
        },
        {
            "height": 27.049180327868854,
            "label": "person",
            "left": 140.42813720703126,
            "top": 472.46838407494147,
            "width": 6.815625
        },
        {
            "height": 21.20374707259953,
            "label": "person",
            "left": 171.69375,
            "top": 478.6229142271663,
            "width": 8.184374237060547
        },
        {
            "height": 38.03747072599531,
            "label": "clock",
            "left": 65.8125,
            "top": 154.63700234192038,
            "width": 27.13125
        },
        {
            "height": 34.07494145199063,
            "label": "clock",
            "left": 42.421875,
            "top": 156.94145199063232,
            "width": 8.7
        },
        {
            "height": 78.57611241217799,
            "label": "truck",
            "left": 524.212548828125,
            "top": 428.192037470726,
            "width": 75.1875
        },
        {
            "height": 53.28336779127635,
            "label": "truck",
            "left": 500.578076171875,
            "top": 447.76580796252927,
            "width": 35.54999694824219
        },
        {
            "height": 43.95316159250586,
            "label": "traffic light",
            "left": 147.403125,
            "top": 405.49875585480095,
            "width": 8.315625
        },
        {
            "height": 20.6135831381733,
            "label": "traffic light",
            "left": 285.05625,
            "top": 437.2693574355972,
            "width": 12.196875
        },
        {
            "height": 48.66042154566745,
            "label": "person",
            "left": 118.59373779296875,
            "top": 467.480093676815,
            "width": 8.221875762939453
        },
        {
            "height": 46.749414519906324,
            "label": "person",
            "left": 79.98750610351563,
            "top": 471.7517198477752,
            "width": 15.853125
        },
        {
            "height": 44.332552693208434,
            "label": "bus",
            "left": 14.925,
            "top": 449.62060889929745,
            "width": 29.90625
        },
        {
            "height": 12.576112412177986,
            "label": "traffic light",
            "left": 297.6843994140625,
            "top": 443.241181206089,
            "width": 4.659374618530274
        },
        {
            "height": 18.885244758123537,
            "label": "traffic light",
            "left": 198.88125,
            "top": 437.7892637587822,
            "width": 10.940625
        },
        {
            "height": 36.3653350043911,
            "label": "person",
            "left": 237.20625,
            "top": 470.55737704918033,
            "width": 7.228125
        },
        {
            "height": 45.21779859484778,
            "label": "person",
            "left": 123.45936279296875,
            "top": 471.1756074355972,
            "width": 18.534375
        },
        {
            "height": 25.320843091334893,
            "label": "motorcycle",
            "left": 459.384375,
            "top": 480.5480459601874,
            "width": 16.021875
        },
        {
            "height": 25.292740046838407,
            "label": "handbag",
            "left": 401.578125,
            "top": 511.0679522833724,
            "width": 26.606246948242188
        },
        {
            "height": 27.31615925058548,
            "label": "person",
            "left": 413.38125,
            "top": 474.9695550351288,
            "width": 5.531250381469727
        },
        {
            "height": 16.088992974238877,
            "label": "backpack",
            "left": 288.3843994140625,
            "top": 477.06319525761126,
            "width": 6.7875
        },
        {
            "height": 38.978922716627636,
            "label": "person",
            "left": 259.89375,
            "top": 470.8103044496487,
            "width": 7.0875
        },
        {
            "height": 15.021078426888174,
            "label": "motorcycle",
            "left": 205.584375,
            "top": 486.40749414519905,
            "width": 14.409373474121093
        }
    ]
}