{
    "image_id": 125572,
    "seq": [
        {
            "height": 62.84062576293945,
            "label": "bicycle",
            "left": 343.21875,
            "top": 337.4718933105469,
            "width": 89.6156234741211
        },
        {
            "height": 37.781246185302734,
            "label": "bus",
            "left": 44.08125305175781,
            "top": 294.15936279296875,
            "width": 74.6624984741211
        },
        {
            "height": 24.600000381469727,
            "label": "person",
            "left": 286.3687438964844,
            "top": 314.84063720703125,
            "width": 10.181249618530273
        },
        {
            "height": 25.134374618530273,
            "label": "person",
            "left": 233.15623474121094,
            "top": 314.32501220703125,
            "width": 6.900000095367432
        },
        {
            "height": 23.0625,
            "label": "person",
            "left": 222.65625,
            "top": 315.7406311035156,
            "width": 6.121874809265137
        },
        {
            "height": 96.140625,
            "label": "person",
            "left": 368.9624938964844,
            "top": 296.0249938964844,
            "width": 39.27187728881836
        },
        {
            "height": 11.399999618530273,
            "label": "person",
            "left": 420.890625,
            "top": 315.0749816894531,
            "width": 9.52500057220459
        },
        {
            "height": 18.046875,
            "label": "person",
            "left": 140.89686584472656,
            "top": 315.6937561035156,
            "width": 6.815625190734863
        },
        {
            "height": 14.146875381469727,
            "label": "person",
            "left": 172.16250610351562,
            "top": 319.79998779296875,
            "width": 8.184374809265137
        },
        {
            "height": 25.378124237060547,
            "label": "clock",
            "left": 66.28125,
            "top": 103.640625,
            "width": 27.131250381469727
        },
        {
            "height": 22.734375,
            "label": "clock",
            "left": 42.890625,
            "top": 105.1781234741211,
            "width": 8.699999809265137
        },
        {
            "height": 52.42499923706055,
            "label": "truck",
            "left": 524.6812133789062,
            "top": 286.15313720703125,
            "width": 75.18749237060547
        },
        {
            "height": 35.54999923706055,
            "label": "truck",
            "left": 501.046875,
            "top": 299.2124938964844,
            "width": 35.54999923706055
        },
        {
            "height": 29.325000762939453,
            "label": "traffic light",
            "left": 147.8718719482422,
            "top": 271.0124816894531,
            "width": 8.315624237060547
        },
        {
            "height": 13.753125190734863,
            "label": "traffic light",
            "left": 285.5249938964844,
            "top": 292.2093811035156,
            "width": 12.196874618530273
        },
        {
            "height": 32.46562576293945,
            "label": "person",
            "left": 119.0625,
            "top": 312.3656311035156,
            "width": 8.221875190734863
        },
        {
            "height": 31.19062614440918,
            "label": "person",
            "left": 80.45624542236328,
            "top": 315.21563720703125,
            "width": 15.853124618530273
        },
        {
            "height": 29.578125,
            "label": "bus",
            "left": 15.393749237060547,
            "top": 300.45001220703125,
            "width": 29.90625
        },
        {
            "height": 8.390625,
            "label": "traffic light",
            "left": 298.1531066894531,
            "top": 296.1937561035156,
            "width": 4.659374713897705
        },
        {
            "height": 12.59999942779541,
            "label": "traffic light",
            "left": 199.35000610351562,
            "top": 292.5562438964844,
            "width": 10.940625190734863
        },
        {
            "height": 24.26249885559082,
            "label": "person",
            "left": 237.67501831054688,
            "top": 314.41876220703125,
            "width": 7.228125095367432
        },
        {
            "height": 30.16874885559082,
            "label": "person",
            "left": 123.9281234741211,
            "top": 314.8312683105469,
            "width": 18.534374237060547
        },
        {
            "height": 16.89375114440918,
            "label": "motorcycle",
            "left": 459.8531494140625,
            "top": 321.0843811035156,
            "width": 16.021875381469727
        },
        {
            "height": 16.875,
            "label": "handbag",
            "left": 402.0469055175781,
            "top": 341.44683837890625,
            "width": 26.60624885559082
        },
        {
            "height": 18.225000381469727,
            "label": "person",
            "left": 413.8500061035156,
            "top": 317.36248779296875,
            "width": 5.531250476837158
        },
        {
            "height": 10.734375,
            "label": "backpack",
            "left": 288.8531188964844,
            "top": 318.7593688964844,
            "width": 6.787499904632568
        },
        {
            "height": 26.006248474121094,
            "label": "person",
            "left": 260.36248779296875,
            "top": 314.5874938964844,
            "width": 7.087499618530273
        },
        {
            "height": 10.021875381469727,
            "label": "motorcycle",
            "left": 206.05313110351562,
            "top": 324.9937438964844,
            "width": 14.409374237060547
        }
    ]
}