{
    "image_id": 12576,
    "seq": [
        {
            "height": 77.87812805175781,
            "label": "tv",
            "left": 391.9593505859375,
            "top": 38.990623474121094,
            "width": 58.040626525878906
        },
        {
            "height": 136.25624084472656,
            "label": "cup",
            "left": 131.5031280517578,
            "top": 188.05313110351562,
            "width": 72.09375
        },
        {
            "height": 157.63124084472656,
            "label": "cup",
            "left": 341.5687255859375,
            "top": 196.27500915527344,
            "width": 85.76250457763672
        },
        {
            "height": 23.034374237060547,
            "label": "fork",
            "left": 297.2531433105469,
            "top": 269.46563720703125,
            "width": 152.7468719482422
        },
        {
            "height": 84.5062484741211,
            "label": "knife",
            "left": 368.296875,
            "top": 378.140625,
            "width": 81.703125
        },
        {
            "height": 247.69686889648438,
            "label": "pizza",
            "left": 0.0,
            "top": 352.30316162109375,
            "width": 421.80938720703125
        },
        {
            "height": 70.52812957763672,
            "label": "cup",
            "left": 255.30935668945312,
            "top": 111.5531234741211,
            "width": 36.44062423706055
        },
        {
            "height": 54.65625,
            "label": "cup",
            "left": 357.8625183105469,
            "top": 105.7593765258789,
            "width": 41.74687576293945
        },
        {
            "height": 17.531251907348633,
            "label": "fork",
            "left": 2.700000047683716,
            "top": 299.3249816894531,
            "width": 132.13125610351562
        },
        {
            "height": 40.80000305175781,
            "label": "pizza",
            "left": 286.9781188964844,
            "top": 178.83750915527344,
            "width": 163.02188110351562
        },
        {
            "height": 51.75937271118164,
            "label": "pizza",
            "left": 81.86250305175781,
            "top": 162.33749389648438,
            "width": 154.11561584472656
        },
        {
            "height": 494.8312683105469,
            "label": "dining table",
            "left": 1.350000023841858,
            "top": 94.47187042236328,
            "width": 448.6499938964844
        },
        {
            "height": 127.79061889648438,
            "label": "person",
            "left": 181.84686279296875,
            "top": 14.278124809265137,
            "width": 85.60311889648438
        },
        {
            "height": 66.82499694824219,
            "label": "fork",
            "left": 392.9906005859375,
            "top": 347.390625,
            "width": 57.009376525878906
        },
        {
            "height": 17.193750381469727,
            "label": "knife",
            "left": 270.12188720703125,
            "top": 283.70623779296875,
            "width": 179.8781280517578
        }
    ]
}