{
    "image_id": 125778,
    "seq": [
        {
            "height": 99.1031265258789,
            "label": "potted plant",
            "left": 518.765625,
            "top": 316.5187683105469,
            "width": 57.63749694824219
        },
        {
            "height": 57.234375,
            "label": "potted plant",
            "left": 412.01251220703125,
            "top": 187.11561584472656,
            "width": 41.26874923706055
        },
        {
            "height": 31.387500762939453,
            "label": "bottle",
            "left": 164.19375610351562,
            "top": 190.49063110351562,
            "width": 9.271875381469727
        },
        {
            "height": 31.14375114440918,
            "label": "bottle",
            "left": 144.13125610351562,
            "top": 194.68125915527344,
            "width": 19.84687614440918
        },
        {
            "height": 230.3249969482422,
            "label": "couch",
            "left": 0.965624988079071,
            "top": 219.6750030517578,
            "width": 282.5812683105469
        },
        {
            "height": 149.0343780517578,
            "label": "chair",
            "left": 256.3687438964844,
            "top": 175.56564331054688,
            "width": 145.93124389648438
        },
        {
            "height": 34.115623474121094,
            "label": "bottle",
            "left": 131.6531219482422,
            "top": 196.60313415527344,
            "width": 10.56562614440918
        },
        {
            "height": 34.09687423706055,
            "label": "bottle",
            "left": 126.41249084472656,
            "top": 196.53750610351562,
            "width": 6.918750286102295
        },
        {
            "height": 29.568750381469727,
            "label": "bottle",
            "left": 177.796875,
            "top": 188.28749084472656,
            "width": 8.240625381469727
        },
        {
            "height": 30.478124618530273,
            "label": "bottle",
            "left": 171.41250610351562,
            "top": 189.53436279296875,
            "width": 8.756250381469727
        },
        {
            "height": 29.625,
            "label": "vase",
            "left": 145.0500030517578,
            "top": 196.2843780517578,
            "width": 19.21875
        },
        {
            "height": 76.2093734741211,
            "label": "car",
            "left": 89.78437042236328,
            "top": 129.28123474121094,
            "width": 76.9781265258789
        },
        {
            "height": 33.09375,
            "label": "bottle",
            "left": 117.4312515258789,
            "top": 199.0500030517578,
            "width": 12.121874809265137
        },
        {
            "height": 33.984375,
            "label": "vase",
            "left": 519.0656127929688,
            "top": 380.51251220703125,
            "width": 37.01250076293945
        },
        {
            "height": 25.80000114440918,
            "label": "vase",
            "left": 532.6218872070312,
            "top": 351.5625,
            "width": 32.89687728881836
        }
    ]
}