{
    "image_id": 125778,
    "seq": [
        {
            "height": 132.1375,
            "label": "potted plant",
            "left": 518.296923828125,
            "top": 421.39996744791665,
            "width": 57.63749389648437
        },
        {
            "height": 76.3125,
            "label": "potted plant",
            "left": 411.54375,
            "top": 248.86248372395832,
            "width": 41.26875
        },
        {
            "height": 41.85,
            "label": "bottle",
            "left": 163.725,
            "top": 253.3625,
            "width": 9.271875
        },
        {
            "height": 41.525,
            "label": "bottle",
            "left": 143.66248779296876,
            "top": 258.9499837239583,
            "width": 19.846876525878905
        },
        {
            "height": 307.1,
            "label": "couch",
            "left": 0.4968702793121338,
            "top": 292.27496744791665,
            "width": 282.5812744140625
        },
        {
            "height": 198.7125,
            "label": "chair",
            "left": 255.9000244140625,
            "top": 233.46248372395834,
            "width": 145.93125
        },
        {
            "height": 45.4875,
            "label": "bottle",
            "left": 131.18438720703125,
            "top": 261.5125325520833,
            "width": 10.565625762939453
        },
        {
            "height": 45.4625,
            "label": "bottle",
            "left": 125.94375,
            "top": 261.4250162760417,
            "width": 6.91875
        },
        {
            "height": 39.425,
            "label": "bottle",
            "left": 177.328125,
            "top": 250.425,
            "width": 8.240625
        },
        {
            "height": 40.63749593098958,
            "label": "bottle",
            "left": 170.94375,
            "top": 252.0875,
            "width": 8.75625
        },
        {
            "height": 39.5,
            "label": "vase",
            "left": 144.58125,
            "top": 261.08753255208336,
            "width": 19.21875
        },
        {
            "height": 101.61249186197917,
            "label": "car",
            "left": 89.31561889648438,
            "top": 171.75001627604166,
            "width": 76.978125
        },
        {
            "height": 44.125,
            "label": "bottle",
            "left": 116.9625,
            "top": 264.7749837239583,
            "width": 12.121875
        },
        {
            "height": 45.3125,
            "label": "vase",
            "left": 518.596875,
            "top": 506.725,
            "width": 37.0125
        },
        {
            "height": 34.4,
            "label": "vase",
            "left": 532.153125,
            "top": 468.125,
            "width": 32.896875
        }
    ]
}