{
    "image_id": 12576,
    "seq": [
        {
            "height": 77.878125,
            "label": "tv",
            "left": 521.9875,
            "top": 38.521871948242186,
            "width": 77.3875
        },
        {
            "height": 136.25625,
            "label": "cup",
            "left": 174.7125,
            "top": 187.58438720703126,
            "width": 96.125
        },
        {
            "height": 157.63123779296876,
            "label": "cup",
            "left": 454.8,
            "top": 195.80625,
            "width": 114.35001627604167
        },
        {
            "height": 23.034375,
            "label": "fork",
            "left": 395.7125,
            "top": 268.996875,
            "width": 203.66248372395833
        },
        {
            "height": 84.50625,
            "label": "knife",
            "left": 490.4374674479167,
            "top": 377.671875,
            "width": 108.9375
        },
        {
            "height": 247.696875,
            "label": "pizza",
            "left": 0.0,
            "top": 351.8343505859375,
            "width": 562.4125
        },
        {
            "height": 70.52813110351562,
            "label": "cup",
            "left": 339.78753255208335,
            "top": 111.08436279296875,
            "width": 48.5875
        },
        {
            "height": 54.65625,
            "label": "cup",
            "left": 476.525,
            "top": 105.29063720703125,
            "width": 55.6625
        },
        {
            "height": 17.53125,
            "label": "fork",
            "left": 2.9749989827473957,
            "top": 298.85625,
            "width": 176.175
        },
        {
            "height": 40.80000305175781,
            "label": "pizza",
            "left": 382.0125325520833,
            "top": 178.36875,
            "width": 217.3625
        },
        {
            "height": 51.759375,
            "label": "pizza",
            "left": 108.52500813802084,
            "top": 161.86875,
            "width": 205.48748372395832
        },
        {
            "height": 494.83125,
            "label": "dining table",
            "left": 1.1749982198079427,
            "top": 94.00311279296875,
            "width": 598.2
        },
        {
            "height": 127.790625,
            "label": "person",
            "left": 241.8375,
            "top": 13.809375,
            "width": 114.1375
        },
        {
            "height": 66.825,
            "label": "fork",
            "left": 523.3625,
            "top": 346.9218994140625,
            "width": 76.01250813802083
        },
        {
            "height": 17.19375,
            "label": "knife",
            "left": 359.53746744791664,
            "top": 283.2375244140625,
            "width": 239.8375
        }
    ]
}