{
    "image_id": 125936,
    "seq": [
        {
            "height": 40.27522935779817,
            "label": "bottle",
            "left": 391.38,
            "top": 126.73393300840979,
            "width": 7.632
        },
        {
            "height": 60.77064220183486,
            "label": "bottle",
            "left": 405.084,
            "top": 108.12845231269114,
            "width": 14.544
        },
        {
            "height": 55.596330275229356,
            "label": "bottle",
            "left": 418.86,
            "top": 115.37614678899082,
            "width": 11.844
        },
        {
            "height": 64.4770642201835,
            "label": "bottle",
            "left": 430.70403125,
            "top": 104.18349818425077,
            "width": 14.052
        },
        {
            "height": 61.28440366972477,
            "label": "bottle",
            "left": 443.544,
            "top": 107.65136420107034,
            "width": 13.92
        },
        {
            "height": 69.08256880733946,
            "label": "bottle",
            "left": 455.20803125,
            "top": 101.74310732033639,
            "width": 16.164
        },
        {
            "height": 35.3394495412844,
            "label": "bottle",
            "left": 456.39596875,
            "top": 251.28437977828747,
            "width": 9.06
        },
        {
            "height": 55.981651376146786,
            "label": "bottle",
            "left": 469.8,
            "top": 112.8256880733945,
            "width": 11.184
        },
        {
            "height": 31.94495412844037,
            "label": "bottle",
            "left": 466.416,
            "top": 255.9816752675841,
            "width": 7.152
        },
        {
            "height": 30.660547472285934,
            "label": "bottle",
            "left": 480.228,
            "top": 255.92660550458714,
            "width": 8.04
        },
        {
            "height": 76.23853211009174,
            "label": "banana",
            "left": 181.283984375,
            "top": 515.7798165137615,
            "width": 117.264
        },
        {
            "height": 152.47706422018348,
            "label": "banana",
            "left": 157.284015625,
            "top": 434.8807339449541,
            "width": 95.1
        },
        {
            "height": 77.50459312882263,
            "label": "banana",
            "left": 240.504,
            "top": 391.5229357798165,
            "width": 140.796
        },
        {
            "height": 114.34862385321101,
            "label": "banana",
            "left": 328.092,
            "top": 477.43119266055044,
            "width": 178.2
        },
        {
            "height": 38.440366972477065,
            "label": "banana",
            "left": 349.908,
            "top": 453.43119266055044,
            "width": 46.608
        },
        {
            "height": 59.28440366972477,
            "label": "apple",
            "left": 291.156,
            "top": 532.7339449541284,
            "width": 63.708
        },
        {
            "height": 69.74311329319572,
            "label": "apple",
            "left": 248.724,
            "top": 441.3028000764526,
            "width": 47.52
        },
        {
            "height": 80.4770642201835,
            "label": "apple",
            "left": 204.347984375,
            "top": 478.4036697247706,
            "width": 58.236
        },
        {
            "height": 35.85321399560397,
            "label": "apple",
            "left": 397.03203125,
            "top": 480.6788990825688,
            "width": 43.70399609375
        },
        {
            "height": 481.57798165137615,
            "label": "person",
            "left": 480.048,
            "top": 117.46792574541284,
            "width": 119.352
        },
        {
            "height": 293.92660550458714,
            "label": "person",
            "left": 315.528,
            "top": 208.07337060397555,
            "width": 129.18
        },
        {
            "height": 412.58715596330273,
            "label": "person",
            "left": 0.0,
            "top": 178.4036816704893,
            "width": 174.6
        },
        {
            "height": 192.14678899082568,
            "label": "person",
            "left": 179.064,
            "top": 220.1834384556575,
            "width": 63.408
        },
        {
            "height": 348.38532110091745,
            "label": "person",
            "left": 97.7160078125,
            "top": 240.09171922782875,
            "width": 162.408
        },
        {
            "height": 29.96330275229358,
            "label": "bottle",
            "left": 472.308,
            "top": 255.88993214831805,
            "width": 7.872
        },
        {
            "height": 42.69724770642202,
            "label": "bottle",
            "left": 399.0,
            "top": 125.70644590978593,
            "width": 8.076
        },
        {
            "height": 39.52293876624618,
            "label": "apple",
            "left": 330.43196875,
            "top": 518.2384843272172,
            "width": 37.88399609375
        },
        {
            "height": 43.19266353688838,
            "label": "apple",
            "left": 264.096,
            "top": 500.6605982415902,
            "width": 49.128
        },
        {
            "height": 30.38532110091743,
            "label": "bottle",
            "left": 437.23196875,
            "top": 212.1284881498471,
            "width": 6.624
        }
    ]
}