{
    "image_id": 125936,
    "seq": [
        {
            "height": 26.34000015258789,
            "label": "bottle",
            "left": 391.97998046875,
            "top": 83.48399353027344,
            "width": 7.631999969482422
        },
        {
            "height": 39.74399948120117,
            "label": "bottle",
            "left": 405.68402099609375,
            "top": 71.31600189208984,
            "width": 14.543999671936035
        },
        {
            "height": 36.3599967956543,
            "label": "bottle",
            "left": 419.4599609375,
            "top": 76.05599975585938,
            "width": 11.843999862670898
        },
        {
            "height": 42.167999267578125,
            "label": "bottle",
            "left": 431.30401611328125,
            "top": 68.73600006103516,
            "width": 14.052000045776367
        },
        {
            "height": 40.08000183105469,
            "label": "bottle",
            "left": 444.14398193359375,
            "top": 71.00399780273438,
            "width": 13.920001029968262
        },
        {
            "height": 45.18000030517578,
            "label": "bottle",
            "left": 455.8079833984375,
            "top": 67.13999938964844,
            "width": 16.16400146484375
        },
        {
            "height": 23.112001419067383,
            "label": "bottle",
            "left": 456.9960021972656,
            "top": 164.9399871826172,
            "width": 9.0600004196167
        },
        {
            "height": 36.61199951171875,
            "label": "bottle",
            "left": 470.3999938964844,
            "top": 74.38800048828125,
            "width": 11.183999061584473
        },
        {
            "height": 20.891998291015625,
            "label": "bottle",
            "left": 467.0159912109375,
            "top": 168.01199340820312,
            "width": 7.152000427246094
        },
        {
            "height": 20.051998138427734,
            "label": "bottle",
            "left": 480.8279724121094,
            "top": 167.97598266601562,
            "width": 8.039999961853027
        },
        {
            "height": 49.86000061035156,
            "label": "banana",
            "left": 181.88400268554688,
            "top": 337.91998291015625,
            "width": 117.26400756835938
        },
        {
            "height": 99.72000122070312,
            "label": "banana",
            "left": 157.88401794433594,
            "top": 285.0119934082031,
            "width": 95.0999984741211
        },
        {
            "height": 50.6879997253418,
            "label": "banana",
            "left": 241.10400390625,
            "top": 256.656005859375,
            "width": 140.79600524902344
        },
        {
            "height": 74.78400421142578,
            "label": "banana",
            "left": 328.6920166015625,
            "top": 312.84002685546875,
            "width": 178.1999969482422
        },
        {
            "height": 25.14000129699707,
            "label": "banana",
            "left": 350.50799560546875,
            "top": 297.1440124511719,
            "width": 46.60799789428711
        },
        {
            "height": 38.772003173828125,
            "label": "apple",
            "left": 291.7560119628906,
            "top": 349.00799560546875,
            "width": 63.70800018310547
        },
        {
            "height": 45.611995697021484,
            "label": "apple",
            "left": 249.32400512695312,
            "top": 289.2120056152344,
            "width": 47.52000045776367
        },
        {
            "height": 52.63199996948242,
            "label": "apple",
            "left": 204.94798278808594,
            "top": 313.47601318359375,
            "width": 58.23599624633789
        },
        {
            "height": 23.447999954223633,
            "label": "apple",
            "left": 397.6319885253906,
            "top": 314.9640197753906,
            "width": 43.70399856567383
        },
        {
            "height": 314.9519958496094,
            "label": "person",
            "left": 480.6479797363281,
            "top": 77.42399597167969,
            "width": 119.35199737548828
        },
        {
            "height": 192.22799682617188,
            "label": "person",
            "left": 316.1280212402344,
            "top": 136.67999267578125,
            "width": 129.1800079345703
        },
        {
            "height": 269.8320007324219,
            "label": "person",
            "left": 0.0,
            "top": 117.2760009765625,
            "width": 174.60000610351562
        },
        {
            "height": 125.66400146484375,
            "label": "person",
            "left": 179.66400146484375,
            "top": 144.59999084472656,
            "width": 63.40800094604492
        },
        {
            "height": 227.843994140625,
            "label": "person",
            "left": 98.31599426269531,
            "top": 157.62001037597656,
            "width": 162.40798950195312
        },
        {
            "height": 19.59600067138672,
            "label": "bottle",
            "left": 472.9079895019531,
            "top": 167.95201110839844,
            "width": 7.872000217437744
        },
        {
            "height": 27.923999786376953,
            "label": "bottle",
            "left": 399.6000061035156,
            "top": 82.81200408935547,
            "width": 8.076000213623047
        },
        {
            "height": 25.84800148010254,
            "label": "apple",
            "left": 331.031982421875,
            "top": 339.52801513671875,
            "width": 37.88399887084961
        },
        {
            "height": 28.248001098632812,
            "label": "apple",
            "left": 264.69598388671875,
            "top": 328.031982421875,
            "width": 49.12799835205078
        },
        {
            "height": 19.871999740600586,
            "label": "bottle",
            "left": 437.8320007324219,
            "top": 139.33200073242188,
            "width": 6.624000072479248
        }
    ]
}