{
    "image_id": 126110,
    "seq": [
        {
            "height": 330.9,
            "label": "dog",
            "left": 196.05001220703124,
            "top": 129.2999755859375,
            "width": 105.2625
        },
        {
            "height": 591.8999348958333,
            "label": "truck",
            "left": 0.0750124454498291,
            "top": 0.09999275207519531,
            "width": 597.6375
        },
        {
            "height": 218.925,
            "label": "person",
            "left": 489.6,
            "top": 259.55,
            "width": 53.71875
        }
    ]
}