{
    "image_id": 126137,
    "seq": [
        {
            "height": 80.0625,
            "label": "chair",
            "left": 107.953125,
            "top": 31.481252670288086,
            "width": 60.271873474121094
        },
        {
            "height": 91.43437957763672,
            "label": "tennis racket",
            "left": 156.69375610351562,
            "top": 308.80316162109375,
            "width": 67.6031265258789
        },
        {
            "height": 362.4468688964844,
            "label": "person",
            "left": 164.99063110351562,
            "top": 32.906246185302734,
            "width": 280.40625
        },
        {
            "height": 45.20624923706055,
            "label": "person",
            "left": 354.5999755859375,
            "top": 27.62812614440918,
            "width": 30.22500228881836
        },
        {
            "height": 47.381248474121094,
            "label": "person",
            "left": 404.1281433105469,
            "top": 15.12187385559082,
            "width": 36.07500076293945
        },
        {
            "height": 31.43437385559082,
            "label": "person",
            "left": 232.546875,
            "top": 33.243751525878906,
            "width": 36.881248474121094
        },
        {
            "height": 87.24374389648438,
            "label": "person",
            "left": 0.0,
            "top": 42.97500228881836,
            "width": 47.79375076293945
        },
        {
            "height": 47.681251525878906,
            "label": "person",
            "left": 252.77813720703125,
            "top": 51.271873474121094,
            "width": 46.781253814697266
        },
        {
            "height": 136.4250030517578,
            "label": "person",
            "left": 175.921875,
            "top": 7.181249618530273,
            "width": 43.978126525878906
        },
        {
            "height": 35.78437423706055,
            "label": "person",
            "left": 259.3500061035156,
            "top": 24.749998092651367,
            "width": 22.837501525878906
        },
        {
            "height": 69.07499694824219,
            "label": "person",
            "left": 200.27813720703125,
            "top": 0.0,
            "width": 35.87812805175781
        },
        {
            "height": 38.615623474121094,
            "label": "person",
            "left": 243.75,
            "top": 0.0,
            "width": 38.98125076293945
        },
        {
            "height": 53.88750076293945,
            "label": "person",
            "left": 552.2062377929688,
            "top": 21.77812385559082,
            "width": 47.79375076293945
        },
        {
            "height": 121.22811889648438,
            "label": "person",
            "left": 543.9749755859375,
            "top": 73.6781234741211,
            "width": 55.30312728881836
        },
        {
            "height": 10.059374809265137,
            "label": "chair",
            "left": 338.5031433105469,
            "top": 15.281249046325684,
            "width": 42.1875
        }
    ]
}