{
    "image_id": 126110,
    "seq": [
        {
            "height": 248.1750030517578,
            "label": "dog",
            "left": 196.98748779296875,
            "top": 97.91250610351562,
            "width": 105.26249694824219
        },
        {
            "height": 443.92498779296875,
            "label": "truck",
            "left": 1.0125000476837158,
            "top": 1.0125000476837158,
            "width": 597.637451171875
        },
        {
            "height": 164.19375610351562,
            "label": "person",
            "left": 490.5374755859375,
            "top": 195.60000610351562,
            "width": 53.71875
        }
    ]
}