{
    "image_id": 126107,
    "seq": [
        {
            "height": 219.375,
            "label": "bird",
            "left": 210.83438110351562,
            "top": 15.768749237060547,
            "width": 388.125
        },
        {
            "height": 57.712501525878906,
            "label": "boat",
            "left": 559.4906005859375,
            "top": 391.97808837890625,
            "width": 40.509376525878906
        },
        {
            "height": 19.631250381469727,
            "label": "person",
            "left": 536.699951171875,
            "top": 342.5999755859375,
            "width": 10.875000953674316
        },
        {
            "height": 13.08750057220459,
            "label": "person",
            "left": 556.0968627929688,
            "top": 336.68438720703125,
            "width": 8.559374809265137
        },
        {
            "height": 10.574999809265137,
            "label": "person",
            "left": 489.84375,
            "top": 345.02813720703125,
            "width": 7.228125095367432
        },
        {
            "height": 21.375,
            "label": "person",
            "left": 480.2625427246094,
            "top": 333.9468688964844,
            "width": 7.724999904632568
        },
        {
            "height": 23.484373092651367,
            "label": "person",
            "left": 533.2406005859375,
            "top": 336.0843505859375,
            "width": 9.206250190734863
        },
        {
            "height": 28.47187614440918,
            "label": "person",
            "left": 591.8718872070312,
            "top": 341.1187438964844,
            "width": 8.128125190734863
        }
    ]
}