{
    "image_id": 126107,
    "seq": [
        {
            "height": 292.5,
            "label": "bird",
            "left": 210.3656005859375,
            "top": 20.40001220703125,
            "width": 388.125
        },
        {
            "height": 76.95,
            "label": "boat",
            "left": 559.021923828125,
            "top": 522.0125325520834,
            "width": 40.509375
        },
        {
            "height": 26.175,
            "label": "person",
            "left": 536.231298828125,
            "top": 456.1749674479167,
            "width": 10.875
        },
        {
            "height": 17.45,
            "label": "person",
            "left": 555.628125,
            "top": 448.28746744791664,
            "width": 8.559375
        },
        {
            "height": 14.100001017252604,
            "label": "person",
            "left": 489.375,
            "top": 459.41246744791664,
            "width": 7.228125
        },
        {
            "height": 28.5,
            "label": "person",
            "left": 479.793798828125,
            "top": 444.6375,
            "width": 7.725
        },
        {
            "height": 31.3125,
            "label": "person",
            "left": 532.771875,
            "top": 447.48753255208334,
            "width": 9.20625
        },
        {
            "height": 37.962504069010414,
            "label": "person",
            "left": 591.403076171875,
            "top": 454.19996744791666,
            "width": 8.128125
        }
    ]
}