{
    "image_id": 126137,
    "seq": [
        {
            "height": 120.0,
            "label": "chair",
            "left": 107.484375,
            "top": 46.482440171252925,
            "width": 60.271875
        },
        {
            "height": 137.04449648711943,
            "label": "tennis racket",
            "left": 156.22501220703126,
            "top": 462.14055181498827,
            "width": 67.603125
        },
        {
            "height": 543.2458650468384,
            "label": "person",
            "left": 164.5218994140625,
            "top": 48.618271552985945,
            "width": 280.40625
        },
        {
            "height": 67.75644028103045,
            "label": "person",
            "left": 354.13125,
            "top": 40.70722793471897,
            "width": 30.225003051757813
        },
        {
            "height": 71.01639344262296,
            "label": "person",
            "left": 403.6593505859375,
            "top": 21.962522412909838,
            "width": 36.075
        },
        {
            "height": 47.114754098360656,
            "label": "person",
            "left": 232.078125,
            "top": 49.124121779859486,
            "width": 36.88125
        },
        {
            "height": 130.76346604215456,
            "label": "person",
            "left": 0.0,
            "top": 63.70959729947307,
            "width": 47.79375
        },
        {
            "height": 71.46604215456675,
            "label": "person",
            "left": 252.3093505859375,
            "top": 76.14518534104215,
            "width": 46.78125
        },
        {
            "height": 204.47775175644028,
            "label": "person",
            "left": 175.453125,
            "top": 10.060913943574356,
            "width": 43.978125
        },
        {
            "height": 53.634655847482435,
            "label": "person",
            "left": 258.8812744140625,
            "top": 36.393417465603044,
            "width": 22.8375
        },
        {
            "height": 103.53161592505855,
            "label": "person",
            "left": 199.80936279296876,
            "top": 0.0,
            "width": 35.878125
        },
        {
            "height": 57.878220140515225,
            "label": "person",
            "left": 243.28125,
            "top": 0.0,
            "width": 38.98125305175781
        },
        {
            "height": 80.76815903103045,
            "label": "person",
            "left": 551.7375,
            "top": 31.939114644320842,
            "width": 47.79375
        },
        {
            "height": 181.70023419203747,
            "label": "person",
            "left": 543.50625,
            "top": 109.72835553278688,
            "width": 55.303125
        },
        {
            "height": 15.077282228849532,
            "label": "chair",
            "left": 338.034375,
            "top": 22.20140743925644,
            "width": 42.1875
        }
    ]
}