{
    "image_id": 126216,
    "seq": [
        {
            "height": 148.8925324912383,
            "label": "elephant",
            "left": 378.8531005859375,
            "top": 215.04676547897196,
            "width": 135.9375
        },
        {
            "height": 131.2289719626168,
            "label": "elephant",
            "left": 176.925,
            "top": 210.3083929614486,
            "width": 93.61875
        },
        {
            "height": 124.35982221086448,
            "label": "elephant",
            "left": 138.4125,
            "top": 207.78504672897196,
            "width": 66.17811889648438
        },
        {
            "height": 78.23832688376169,
            "label": "elephant",
            "left": 277.040625,
            "top": 267.7008980724299,
            "width": 68.325
        }
    ]
}