{
    "image_id": 126226,
    "seq": [
        {
            "height": 337.075,
            "label": "person",
            "left": 19.753128051757812,
            "top": 2.0749806722005206,
            "width": 169.89375
        },
        {
            "height": 236.03748372395833,
            "label": "person",
            "left": 89.55935668945312,
            "top": 57.362483723958334,
            "width": 207.646875
        },
        {
            "height": 230.4125,
            "label": "person",
            "left": 98.62500610351563,
            "top": 0.0,
            "width": 153.0
        },
        {
            "height": 109.71249186197916,
            "label": "baseball bat",
            "left": 420.075,
            "top": 39.66250813802083,
            "width": 40.63125
        },
        {
            "height": 68.7625,
            "label": "baseball bat",
            "left": 438.5625,
            "top": 79.74998372395834,
            "width": 49.76250305175781
        },
        {
            "height": 160.3375,
            "label": "baseball bat",
            "left": 240.3375244140625,
            "top": 39.37499186197917,
            "width": 9.712500762939452
        },
        {
            "height": 152.7875,
            "label": "baseball bat",
            "left": 325.6500244140625,
            "top": 38.79999593098958,
            "width": 10.528124237060547
        },
        {
            "height": 129.4375,
            "label": "baseball glove",
            "left": 154.24688720703125,
            "top": 459.23743489583336,
            "width": 102.140625
        },
        {
            "height": 62.3375,
            "label": "baseball glove",
            "left": 181.58436279296876,
            "top": 383.125,
            "width": 83.484375
        },
        {
            "height": 40.2,
            "label": "baseball glove",
            "left": 331.9687255859375,
            "top": 283.65,
            "width": 50.94375
        },
        {
            "height": 24.9125,
            "label": "baseball glove",
            "left": 339.6843994140625,
            "top": 218.86251627604167,
            "width": 57.534375
        },
        {
            "height": 225.08751627604167,
            "label": "person",
            "left": 0.0,
            "top": 249.63748372395833,
            "width": 16.096875
        },
        {
            "height": 135.0875,
            "label": "person",
            "left": 346.453125,
            "top": 0.0,
            "width": 33.16875
        },
        {
            "height": 128.5375,
            "label": "baseball bat",
            "left": 274.659375,
            "top": 40.07499593098958,
            "width": 9.075
        },
        {
            "height": 111.6125,
            "label": "baseball bat",
            "left": 248.5781494140625,
            "top": 126.23751627604166,
            "width": 9.69375
        },
        {
            "height": 83.2,
            "label": "baseball bat",
            "left": 439.65,
            "top": 85.58749186197916,
            "width": 33.365625
        },
        {
            "height": 87.65,
            "label": "baseball bat",
            "left": 270.8343994140625,
            "top": 116.71248372395833,
            "width": 71.090625
        },
        {
            "height": 144.9375,
            "label": "baseball bat",
            "left": 333.890625,
            "top": 57.11251220703125,
            "width": 13.125
        },
        {
            "height": 26.3375,
            "label": "baseball glove",
            "left": 267.3468505859375,
            "top": 316.1124674479167,
            "width": 36.825
        },
        {
            "height": 26.425,
            "label": "baseball glove",
            "left": 402.328125,
            "top": 177.5,
            "width": 22.143748474121093
        },
        {
            "height": 25.98750203450521,
            "label": "baseball glove",
            "left": 396.2718994140625,
            "top": 201.325,
            "width": 16.603123474121094
        },
        {
            "height": 271.3125,
            "label": "person",
            "left": 0.0,
            "top": 161.9,
            "width": 79.1625
        }
    ]
}