{
    "image_id": 126226,
    "seq": [
        {
            "height": 252.80624389648438,
            "label": "person",
            "left": 20.22187614440918,
            "top": 2.0250000953674316,
            "width": 169.8937530517578
        },
        {
            "height": 177.0281219482422,
            "label": "person",
            "left": 90.02812194824219,
            "top": 43.490623474121094,
            "width": 207.64688110351562
        },
        {
            "height": 172.80938720703125,
            "label": "person",
            "left": 99.09375,
            "top": 0.0,
            "width": 153.0
        },
        {
            "height": 82.28437042236328,
            "label": "baseball bat",
            "left": 420.5437316894531,
            "top": 30.215625762939453,
            "width": 40.63125228881836
        },
        {
            "height": 51.57187271118164,
            "label": "baseball bat",
            "left": 439.0312194824219,
            "top": 60.281253814697266,
            "width": 49.76250076293945
        },
        {
            "height": 120.25312805175781,
            "label": "baseball bat",
            "left": 240.80624389648438,
            "top": 30.0,
            "width": 9.71250057220459
        },
        {
            "height": 114.59062957763672,
            "label": "baseball bat",
            "left": 326.1187438964844,
            "top": 29.568750381469727,
            "width": 10.52812385559082
        },
        {
            "height": 97.07813262939453,
            "label": "baseball glove",
            "left": 154.7156219482422,
            "top": 344.8968811035156,
            "width": 102.14061737060547
        },
        {
            "height": 46.75312423706055,
            "label": "baseball glove",
            "left": 182.05313110351562,
            "top": 287.8125,
            "width": 83.48438262939453
        },
        {
            "height": 30.150001525878906,
            "label": "baseball glove",
            "left": 332.4375,
            "top": 213.2062530517578,
            "width": 50.943748474121094
        },
        {
            "height": 18.684375762939453,
            "label": "baseball glove",
            "left": 340.1531066894531,
            "top": 164.61563110351562,
            "width": 57.53437423706055
        },
        {
            "height": 168.8156280517578,
            "label": "person",
            "left": 0.0,
            "top": 187.69686889648438,
            "width": 16.096874237060547
        },
        {
            "height": 101.31562805175781,
            "label": "person",
            "left": 346.9218444824219,
            "top": 0.0,
            "width": 33.16875076293945
        },
        {
            "height": 96.40312194824219,
            "label": "baseball bat",
            "left": 275.12811279296875,
            "top": 30.524999618530273,
            "width": 9.075000762939453
        },
        {
            "height": 83.7093734741211,
            "label": "baseball bat",
            "left": 249.04685974121094,
            "top": 95.1468734741211,
            "width": 9.693750381469727
        },
        {
            "height": 62.39999771118164,
            "label": "baseball bat",
            "left": 440.1187438964844,
            "top": 64.65937805175781,
            "width": 33.365623474121094
        },
        {
            "height": 65.73750305175781,
            "label": "baseball bat",
            "left": 271.3031311035156,
            "top": 88.00312805175781,
            "width": 71.09062957763672
        },
        {
            "height": 108.70311737060547,
            "label": "baseball bat",
            "left": 334.359375,
            "top": 43.303123474121094,
            "width": 13.125
        },
        {
            "height": 19.753124237060547,
            "label": "baseball glove",
            "left": 267.8156433105469,
            "top": 237.55313110351562,
            "width": 36.82500076293945
        },
        {
            "height": 19.818748474121094,
            "label": "baseball glove",
            "left": 402.796875,
            "top": 133.59375,
            "width": 22.143749237060547
        },
        {
            "height": 19.490625381469727,
            "label": "baseball glove",
            "left": 396.7406311035156,
            "top": 151.46249389648438,
            "width": 16.603124618530273
        },
        {
            "height": 203.484375,
            "label": "person",
            "left": 0.15937501192092896,
            "top": 121.89376068115234,
            "width": 79.16250610351562
        }
    ]
}