{
    "image_id": 126216,
    "seq": [
        {
            "height": 99.5718765258789,
            "label": "elephant",
            "left": 379.3218688964844,
            "top": 144.28125,
            "width": 135.9375
        },
        {
            "height": 87.7593765258789,
            "label": "elephant",
            "left": 177.3937530517578,
            "top": 141.1125030517578,
            "width": 93.6187515258789
        },
        {
            "height": 83.1656265258789,
            "label": "elephant",
            "left": 138.88125610351562,
            "top": 139.4250030517578,
            "width": 66.1781234741211
        },
        {
            "height": 52.321876525878906,
            "label": "elephant",
            "left": 277.5093994140625,
            "top": 179.49374389648438,
            "width": 68.32499694824219
        }
    ]
}