{
    "image_id": 12639,
    "seq": [
        {
            "height": 230.559375,
            "label": "person",
            "left": 26.337504069010418,
            "top": 290.353125,
            "width": 201.35
        },
        {
            "height": 50.38125305175781,
            "label": "person",
            "left": 28.85000203450521,
            "top": 188.71873779296874,
            "width": 103.375
        },
        {
            "height": 54.600006103515625,
            "label": "person",
            "left": 83.46250813802084,
            "top": 161.540625,
            "width": 41.8375
        },
        {
            "height": 29.484375,
            "label": "person",
            "left": 107.92500813802083,
            "top": 166.10626220703125,
            "width": 33.925
        },
        {
            "height": 37.921875,
            "label": "person",
            "left": 151.725,
            "top": 177.45,
            "width": 39.6
        },
        {
            "height": 63.36561889648438,
            "label": "person",
            "left": 211.51251627604168,
            "top": 152.83123779296875,
            "width": 39.55
        },
        {
            "height": 65.26875,
            "label": "baseball bat",
            "left": 287.5,
            "top": 180.0,
            "width": 25.05000203450521
        },
        {
            "height": 77.034375,
            "label": "person",
            "left": 388.5625,
            "top": 125.87811279296875,
            "width": 27.025004069010418
        },
        {
            "height": 46.46250610351562,
            "label": "person",
            "left": 408.5624674479167,
            "top": 159.703125,
            "width": 40.275
        },
        {
            "height": 47.128125,
            "label": "baseball glove",
            "left": 165.0625,
            "top": 326.7187744140625,
            "width": 65.225
        },
        {
            "height": 157.453125,
            "label": "person",
            "left": 513.0125,
            "top": 116.728125,
            "width": 71.1625
        },
        {
            "height": 11.08125,
            "label": "person",
            "left": 343.8625,
            "top": 180.99375,
            "width": 18.4
        },
        {
            "height": 34.93124694824219,
            "label": "person",
            "left": 192.27498372395834,
            "top": 181.34061279296876,
            "width": 20.525
        },
        {
            "height": 50.840625,
            "label": "person",
            "left": 123.05,
            "top": 181.153125,
            "width": 59.47500406901042
        },
        {
            "height": 294.4781005859375,
            "label": "person",
            "left": 248.02498372395834,
            "top": 191.36251220703124,
            "width": 147.825
        }
    ]
}