{
    "image_id": 12639,
    "seq": [
        {
            "height": 230.55935668945312,
            "label": "person",
            "left": 20.22187614440918,
            "top": 290.8218688964844,
            "width": 151.0124969482422
        },
        {
            "height": 50.38125228881836,
            "label": "person",
            "left": 22.106250762939453,
            "top": 189.1875,
            "width": 77.53124237060547
        },
        {
            "height": 54.60000228881836,
            "label": "person",
            "left": 63.06562423706055,
            "top": 162.00936889648438,
            "width": 31.37812614440918
        },
        {
            "height": 29.484375,
            "label": "person",
            "left": 81.4124984741211,
            "top": 166.5749969482422,
            "width": 25.443750381469727
        },
        {
            "height": 37.921875,
            "label": "person",
            "left": 114.26249694824219,
            "top": 177.91876220703125,
            "width": 29.700000762939453
        },
        {
            "height": 63.365623474121094,
            "label": "person",
            "left": 159.10313415527344,
            "top": 153.30001831054688,
            "width": 29.662500381469727
        },
        {
            "height": 65.26875305175781,
            "label": "baseball bat",
            "left": 216.09375,
            "top": 180.46875,
            "width": 18.78750228881836
        },
        {
            "height": 77.03437805175781,
            "label": "person",
            "left": 291.890625,
            "top": 126.34687805175781,
            "width": 20.26875114440918
        },
        {
            "height": 46.462501525878906,
            "label": "person",
            "left": 306.890625,
            "top": 160.17189025878906,
            "width": 30.20625114440918
        },
        {
            "height": 47.12812423706055,
            "label": "baseball glove",
            "left": 124.265625,
            "top": 327.1875,
            "width": 48.91875076293945
        },
        {
            "height": 157.453125,
            "label": "person",
            "left": 385.2281188964844,
            "top": 117.1968765258789,
            "width": 53.37187194824219
        },
        {
            "height": 11.081249237060547,
            "label": "person",
            "left": 258.3656311035156,
            "top": 181.46249389648438,
            "width": 13.800000190734863
        },
        {
            "height": 34.93124771118164,
            "label": "person",
            "left": 144.6750030517578,
            "top": 181.8093719482422,
            "width": 15.393749237060547
        },
        {
            "height": 50.84062194824219,
            "label": "person",
            "left": 92.7562484741211,
            "top": 181.6218719482422,
            "width": 44.60625457763672
        },
        {
            "height": 294.4781188964844,
            "label": "person",
            "left": 186.4875030517578,
            "top": 191.8312530517578,
            "width": 110.8687515258789
        }
    ]
}