{
    "image_id": 126592,
    "seq": [
        {
            "height": 187.41339491916858,
            "label": "stop sign",
            "left": 243.0937744140625,
            "top": 221.77827295034643,
            "width": 128.625
        },
        {
            "height": 79.80137665993071,
            "label": "car",
            "left": 296.6343505859375,
            "top": 373.23325635103924,
            "width": 180.2625
        },
        {
            "height": 54.52655889145497,
            "label": "car",
            "left": 104.21248779296874,
            "top": 346.4757505773672,
            "width": 76.33125
        },
        {
            "height": 72.85912691252886,
            "label": "car",
            "left": 0.0,
            "top": 357.25635103926095,
            "width": 53.15625
        },
        {
            "height": 48.1108545034642,
            "label": "car",
            "left": 83.24999389648437,
            "top": 362.03695150115476,
            "width": 47.240625
        },
        {
            "height": 38.81293753608545,
            "label": "car",
            "left": 189.13123779296876,
            "top": 351.0208213048499,
            "width": 53.45625
        },
        {
            "height": 60.91454965357968,
            "label": "car",
            "left": 20.64375,
            "top": 353.41801385681293,
            "width": 68.68125
        },
        {
            "height": 90.94226327944573,
            "label": "car",
            "left": 567.796875,
            "top": 359.25173210161665,
            "width": 31.734375
        },
        {
            "height": 33.339491916859124,
            "label": "car",
            "left": 170.97188720703124,
            "top": 360.23556581986145,
            "width": 29.896875
        },
        {
            "height": 59.09930715935335,
            "label": "car",
            "left": 359.9437255859375,
            "top": 344.16169890300233,
            "width": 103.47188720703124
        },
        {
            "height": 32.18937644341801,
            "label": "car",
            "left": 231.0,
            "top": 349.3302540415704,
            "width": 29.203125
        },
        {
            "height": 22.157043879907622,
            "label": "car",
            "left": 405.515625,
            "top": 349.57971275981527,
            "width": 43.921875
        },
        {
            "height": 17.736719426602193,
            "label": "car",
            "left": 412.706201171875,
            "top": 352.46192984988454,
            "width": 35.596875
        }
    ]
}