{
    "image_id": 126592,
    "seq": [
        {
            "height": 126.796875,
            "label": "stop sign",
            "left": 243.5625,
            "top": 150.515625,
            "width": 128.625
        },
        {
            "height": 53.990623474121094,
            "label": "car",
            "left": 297.1031188964844,
            "top": 252.984375,
            "width": 180.26251220703125
        },
        {
            "height": 36.890625,
            "label": "car",
            "left": 104.6812515258789,
            "top": 234.88124084472656,
            "width": 76.33125305175781
        },
        {
            "height": 49.29375457763672,
            "label": "car",
            "left": 0.07499999552965164,
            "top": 242.1750030517578,
            "width": 53.15625
        },
        {
            "height": 32.55000305175781,
            "label": "car",
            "left": 83.71875,
            "top": 245.40936279296875,
            "width": 47.240623474121094
        },
        {
            "height": 26.259376525878906,
            "label": "car",
            "left": 189.60000610351562,
            "top": 237.9562530517578,
            "width": 53.45625305175781
        },
        {
            "height": 41.21249771118164,
            "label": "car",
            "left": 21.11250114440918,
            "top": 239.578125,
            "width": 68.6812515258789
        },
        {
            "height": 61.52812194824219,
            "label": "car",
            "left": 568.265625,
            "top": 243.52500915527344,
            "width": 31.734373092651367
        },
        {
            "height": 22.556249618530273,
            "label": "car",
            "left": 171.44061279296875,
            "top": 244.1906280517578,
            "width": 29.896873474121094
        },
        {
            "height": 39.984378814697266,
            "label": "car",
            "left": 360.4125061035156,
            "top": 233.31561279296875,
            "width": 103.47187805175781
        },
        {
            "height": 21.77812385559082,
            "label": "car",
            "left": 231.46873474121094,
            "top": 236.8125,
            "width": 29.203125
        },
        {
            "height": 14.99062442779541,
            "label": "car",
            "left": 405.984375,
            "top": 236.9812469482422,
            "width": 43.921875
        },
        {
            "height": 12.0,
            "label": "car",
            "left": 413.17498779296875,
            "top": 238.93124389648438,
            "width": 35.59687805175781
        }
    ]
}