{
    "image_id": 12670,
    "seq": [
        {
            "height": 191.46728971962617,
            "label": "teddy bear",
            "left": 282.3937255859375,
            "top": 297.0140186915888,
            "width": 83.840625
        },
        {
            "height": 31.85046272634346,
            "label": "backpack",
            "left": 304.0593994140625,
            "top": 325.3737952686916,
            "width": 5.784375
        },
        {
            "height": 50.39719626168224,
            "label": "backpack",
            "left": 282.946875,
            "top": 102.8131023656542,
            "width": 21.328125
        },
        {
            "height": 275.0467107184579,
            "label": "person",
            "left": 246.5906494140625,
            "top": 64.02336904935747,
            "width": 72.140625
        },
        {
            "height": 139.0373831775701,
            "label": "person",
            "left": 473.596875,
            "top": 143.74768180490653,
            "width": 63.54375
        },
        {
            "height": 186.07009345794393,
            "label": "person",
            "left": 313.321875,
            "top": 405.14018691588785,
            "width": 101.8875
        },
        {
            "height": 273.70093457943926,
            "label": "person",
            "left": 359.3062255859375,
            "top": 306.7149167640187,
            "width": 103.68748779296875
        },
        {
            "height": 232.09345794392524,
            "label": "person",
            "left": 223.2281494140625,
            "top": 367.2055709696262,
            "width": 117.53438720703124
        },
        {
            "height": 223.3177570093458,
            "label": "person",
            "left": 125.484375,
            "top": 367.9065785630841,
            "width": 139.44375
        },
        {
            "height": 276.2242625584112,
            "label": "person",
            "left": 37.818746948242186,
            "top": 323.0747663551402,
            "width": 106.40625
        },
        {
            "height": 218.9158878504673,
            "label": "person",
            "left": 0.0,
            "top": 372.95327102803736,
            "width": 65.971875
        },
        {
            "height": 252.19626168224298,
            "label": "person",
            "left": 97.62186279296876,
            "top": 165.44863463785046,
            "width": 85.76251220703125
        },
        {
            "height": 256.4579439252336,
            "label": "person",
            "left": 206.0812255859375,
            "top": 218.4111784462617,
            "width": 69.984375
        },
        {
            "height": 121.9766355140187,
            "label": "person",
            "left": 295.1156005859375,
            "top": 241.3177570093458,
            "width": 73.021875
        },
        {
            "height": 183.3785046728972,
            "label": "person",
            "left": 392.6625,
            "top": 227.15889675817758,
            "width": 54.103125
        },
        {
            "height": 128.38317757009347,
            "label": "backpack",
            "left": 521.128125,
            "top": 470.9159243574766,
            "width": 68.53125
        },
        {
            "height": 83.08878504672897,
            "label": "backpack",
            "left": 0.0,
            "top": 303.65889675817755,
            "width": 49.078125
        },
        {
            "height": 72.79906542056075,
            "label": "backpack",
            "left": 514.950048828125,
            "top": 89.9298882885514,
            "width": 27.2625
        },
        {
            "height": 66.49065420560747,
            "label": "backpack",
            "left": 405.740625,
            "top": 321.9812719042056,
            "width": 30.534375
        },
        {
            "height": 133.7102895005841,
            "label": "person",
            "left": 327.09375,
            "top": 102.47662638726635,
            "width": 44.109375
        },
        {
            "height": 156.70093457943926,
            "label": "handbag",
            "left": 123.71251220703125,
            "top": 270.0981308411215,
            "width": 56.25
        },
        {
            "height": 88.26168224299066,
            "label": "handbag",
            "left": 144.40311279296876,
            "top": 510.7289354556075,
            "width": 43.790625
        },
        {
            "height": 129.7990562938084,
            "label": "handbag",
            "left": 543.121826171875,
            "top": 183.98129015771028,
            "width": 54.76875
        },
        {
            "height": 50.18691588785047,
            "label": "handbag",
            "left": 488.831298828125,
            "top": 106.0233644859813,
            "width": 19.153125
        },
        {
            "height": 48.71495327102804,
            "label": "handbag",
            "left": 292.1062255859375,
            "top": 54.953298408294394,
            "width": 12.243749237060547
        },
        {
            "height": 19.864485981308412,
            "label": "cell phone",
            "left": 121.359375,
            "top": 219.40656030957945,
            "width": 10.134376525878906
        },
        {
            "height": 39.07009802132009,
            "label": "backpack",
            "left": 267.825,
            "top": 341.0607476635514,
            "width": 18.234375
        },
        {
            "height": 54.658883068049064,
            "label": "handbag",
            "left": 337.65,
            "top": 543.9953271028037,
            "width": 62.803125
        }
    ]
}