{
    "image_id": 12670,
    "seq": [
        {
            "height": 128.0437469482422,
            "label": "teddy bear",
            "left": 282.8625183105469,
            "top": 199.09686279296875,
            "width": 83.84062194824219
        },
        {
            "height": 21.299999237060547,
            "label": "backpack",
            "left": 304.5281066894531,
            "top": 218.0625,
            "width": 5.784374713897705
        },
        {
            "height": 33.703125,
            "label": "backpack",
            "left": 283.4156188964844,
            "top": 69.2249984741211,
            "width": 21.328125
        },
        {
            "height": 183.93748474121094,
            "label": "person",
            "left": 247.05938720703125,
            "top": 43.28437042236328,
            "width": 72.140625
        },
        {
            "height": 92.98125457763672,
            "label": "person",
            "left": 474.0656433105469,
            "top": 96.5999984741211,
            "width": 63.54374694824219
        },
        {
            "height": 124.43437194824219,
            "label": "person",
            "left": 313.7906188964844,
            "top": 271.40625,
            "width": 101.88749694824219
        },
        {
            "height": 183.03750610351562,
            "label": "person",
            "left": 359.7749938964844,
            "top": 205.58436584472656,
            "width": 103.68749237060547
        },
        {
            "height": 155.21249389648438,
            "label": "person",
            "left": 223.69686889648438,
            "top": 246.03749084472656,
            "width": 117.53437805175781
        },
        {
            "height": 149.34375,
            "label": "person",
            "left": 125.95313262939453,
            "top": 246.50625610351562,
            "width": 139.44375610351562
        },
        {
            "height": 184.72499084472656,
            "label": "person",
            "left": 38.28750228881836,
            "top": 216.52500915527344,
            "width": 106.40625
        },
        {
            "height": 146.40000915527344,
            "label": "person",
            "left": 0.0,
            "top": 249.88125610351562,
            "width": 65.97187805175781
        },
        {
            "height": 168.65625,
            "label": "person",
            "left": 98.09062194824219,
            "top": 111.11249542236328,
            "width": 85.76250457763672
        },
        {
            "height": 171.50625610351562,
            "label": "person",
            "left": 206.55001831054688,
            "top": 146.53125,
            "width": 69.984375
        },
        {
            "height": 81.5718765258789,
            "label": "person",
            "left": 295.5843811035156,
            "top": 161.85000610351562,
            "width": 73.0218734741211
        },
        {
            "height": 122.63436889648438,
            "label": "person",
            "left": 393.1312255859375,
            "top": 152.38124084472656,
            "width": 54.10312271118164
        },
        {
            "height": 85.85624694824219,
            "label": "backpack",
            "left": 521.5968627929688,
            "top": 315.3937683105469,
            "width": 68.53125
        },
        {
            "height": 55.56562423706055,
            "label": "backpack",
            "left": 0.0,
            "top": 203.54063415527344,
            "width": 49.078121185302734
        },
        {
            "height": 48.68437194824219,
            "label": "backpack",
            "left": 515.4187622070312,
            "top": 60.609375,
            "width": 27.262500762939453
        },
        {
            "height": 44.46562576293945,
            "label": "backpack",
            "left": 406.20941162109375,
            "top": 215.7937469482422,
            "width": 30.534374237060547
        },
        {
            "height": 89.41875457763672,
            "label": "person",
            "left": 327.5625,
            "top": 69.0,
            "width": 44.109375
        },
        {
            "height": 104.79374694824219,
            "label": "handbag",
            "left": 124.1812515258789,
            "top": 181.09686279296875,
            "width": 56.25
        },
        {
            "height": 59.025001525878906,
            "label": "handbag",
            "left": 144.8718719482422,
            "top": 342.0187683105469,
            "width": 43.790626525878906
        },
        {
            "height": 86.8031234741211,
            "label": "handbag",
            "left": 543.5906372070312,
            "top": 123.50625610351562,
            "width": 54.76874923706055
        },
        {
            "height": 33.5625,
            "label": "handbag",
            "left": 489.29998779296875,
            "top": 71.37187194824219,
            "width": 19.153125762939453
        },
        {
            "height": 32.578125,
            "label": "handbag",
            "left": 292.5749816894531,
            "top": 37.21875,
            "width": 12.243749618530273
        },
        {
            "height": 13.284375190734863,
            "label": "cell phone",
            "left": 121.828125,
            "top": 147.19686889648438,
            "width": 10.13437557220459
        },
        {
            "height": 26.12812614440918,
            "label": "backpack",
            "left": 268.29376220703125,
            "top": 228.55311584472656,
            "width": 18.234375
        },
        {
            "height": 36.55312728881836,
            "label": "handbag",
            "left": 338.1187744140625,
            "top": 364.265625,
            "width": 62.803123474121094
        }
    ]
}