{
    "image_id": 1268,
    "seq": [
        {
            "height": 46.97423887587822,
            "label": "bird",
            "left": 180.290625,
            "top": 315.175644028103,
            "width": 70.05938110351562
        },
        {
            "height": 23.985948477751755,
            "label": "boat",
            "left": 116.503125,
            "top": 174.5339761416862,
            "width": 130.81873779296876
        },
        {
            "height": 21.27400468384075,
            "label": "boat",
            "left": 0.0,
            "top": 181.55973726580797,
            "width": 98.85
        },
        {
            "height": 97.61592505854802,
            "label": "person",
            "left": 21.346875,
            "top": 299.1709418911007,
            "width": 50.184375
        },
        {
            "height": 482.9648711943794,
            "label": "person",
            "left": 469.856298828125,
            "top": 108.42155481557377,
            "width": 129.67501220703124
        },
        {
            "height": 124.28571428571429,
            "label": "person",
            "left": 376.725,
            "top": 287.3817330210773,
            "width": 61.18125
        },
        {
            "height": 113.25526017271663,
            "label": "person",
            "left": 0.0,
            "top": 293.2272028688525,
            "width": 23.390625
        },
        {
            "height": 26.346604215456676,
            "label": "cell phone",
            "left": 495.384423828125,
            "top": 252.95548521662764,
            "width": 27.825
        },
        {
            "height": 72.43559261563232,
            "label": "backpack",
            "left": 19.978125,
            "top": 324.3091334894614,
            "width": 21.140625
        },
        {
            "height": 319.46135831381736,
            "label": "handbag",
            "left": 461.221923828125,
            "top": 277.4472884953162,
            "width": 96.628125
        },
        {
            "height": 80.72599531615926,
            "label": "boat",
            "left": 272.8312744140625,
            "top": 120.18269723360656,
            "width": 114.065625
        }
    ]
}