{
    "image_id": 1268,
    "seq": [
        {
            "height": 31.34062385559082,
            "label": "bird",
            "left": 180.75936889648438,
            "top": 210.75,
            "width": 70.05937957763672
        },
        {
            "height": 16.003124237060547,
            "label": "boat",
            "left": 116.97187042236328,
            "top": 116.91561889648438,
            "width": 130.81874084472656
        },
        {
            "height": 14.193750381469727,
            "label": "boat",
            "left": 0.0,
            "top": 121.60313415527344,
            "width": 98.85000610351562
        },
        {
            "height": 65.12812805175781,
            "label": "person",
            "left": 21.81562614440918,
            "top": 200.07186889648438,
            "width": 50.18437194824219
        },
        {
            "height": 322.2281188964844,
            "label": "person",
            "left": 470.3249816894531,
            "top": 72.8062515258789,
            "width": 129.6750030517578
        },
        {
            "height": 82.92186737060547,
            "label": "person",
            "left": 377.1937561035156,
            "top": 192.2062530517578,
            "width": 61.181251525878906
        },
        {
            "height": 75.56249237060547,
            "label": "person",
            "left": 0.0,
            "top": 196.1062469482422,
            "width": 23.390626907348633
        },
        {
            "height": 17.578125,
            "label": "cell phone",
            "left": 495.8531188964844,
            "top": 169.2375030517578,
            "width": 27.82499885559082
        },
        {
            "height": 48.328121185302734,
            "label": "backpack",
            "left": 20.446874618530273,
            "top": 216.84376525878906,
            "width": 21.140623092651367
        },
        {
            "height": 213.140625,
            "label": "handbag",
            "left": 461.6906433105469,
            "top": 185.578125,
            "width": 96.62812805175781
        },
        {
            "height": 53.859375,
            "label": "boat",
            "left": 273.29998779296875,
            "top": 80.65312194824219,
            "width": 114.06562042236328
        }
    ]
}