{
    "image_id": 127092,
    "seq": [
        {
            "height": 63.1625,
            "label": "car",
            "left": 137.58751220703124,
            "top": 509.8749674479167,
            "width": 67.10625
        },
        {
            "height": 43.575,
            "label": "car",
            "left": 58.434375,
            "top": 476.67503255208334,
            "width": 54.946875
        },
        {
            "height": 70.925,
            "label": "person",
            "left": 22.312503051757812,
            "top": 524.9625325520833,
            "width": 22.856248474121095
        },
        {
            "height": 23.8875,
            "label": "handbag",
            "left": 29.896875,
            "top": 563.0625,
            "width": 10.762499237060547
        },
        {
            "height": 28.95,
            "label": "fire hydrant",
            "left": 362.34375,
            "top": 539.3750325520833,
            "width": 11.521875
        },
        {
            "height": 29.6875,
            "label": "stop sign",
            "left": 355.359375,
            "top": 428.8749674479167,
            "width": 10.63125
        },
        {
            "height": 52.2375,
            "label": "potted plant",
            "left": 513.403125,
            "top": 507.5750325520833,
            "width": 37.415625
        },
        {
            "height": 29.224995930989582,
            "label": "car",
            "left": 0.0,
            "top": 434.3625,
            "width": 14.6625
        }
    ]
}