{
    "image_id": 127092,
    "seq": [
        {
            "height": 47.37187576293945,
            "label": "car",
            "left": 138.05624389648438,
            "top": 382.875,
            "width": 67.10624694824219
        },
        {
            "height": 32.681251525878906,
            "label": "car",
            "left": 58.90312576293945,
            "top": 357.9749755859375,
            "width": 54.946876525878906
        },
        {
            "height": 53.19375228881836,
            "label": "person",
            "left": 22.781248092651367,
            "top": 394.1906433105469,
            "width": 22.85624885559082
        },
        {
            "height": 17.915624618530273,
            "label": "handbag",
            "left": 30.365623474121094,
            "top": 422.765625,
            "width": 10.762499809265137
        },
        {
            "height": 21.712499618530273,
            "label": "fire hydrant",
            "left": 362.8125,
            "top": 405.0,
            "width": 11.52187442779541
        },
        {
            "height": 22.265625,
            "label": "stop sign",
            "left": 355.8280944824219,
            "top": 322.125,
            "width": 10.631250381469727
        },
        {
            "height": 39.178123474121094,
            "label": "potted plant",
            "left": 513.8718872070312,
            "top": 381.1499938964844,
            "width": 37.41562271118164
        },
        {
            "height": 21.91874885559082,
            "label": "car",
            "left": 0.0,
            "top": 326.2406311035156,
            "width": 14.662500381469727
        }
    ]
}