{
    "image_id": 127182,
    "seq": [
        {
            "height": 93.871875,
            "label": "potted plant",
            "left": 441.16162909836066,
            "top": 244.6124755859375,
            "width": 99.2599531615925
        },
        {
            "height": 109.0875,
            "label": "microwave",
            "left": 72.40749414519907,
            "top": 139.265625,
            "width": 119.78922716627635
        },
        {
            "height": 235.51875,
            "label": "oven",
            "left": 25.377044606264636,
            "top": 343.6687744140625,
            "width": 246.01403322599532
        },
        {
            "height": 27.665625,
            "label": "knife",
            "left": 0.9414524194507465,
            "top": 314.859375,
            "width": 42.3653350043911
        },
        {
            "height": 30.140625,
            "label": "vase",
            "left": 489.1615925058548,
            "top": 312.7499755859375,
            "width": 30.238875878220142
        },
        {
            "height": 19.265625,
            "label": "knife",
            "left": 9.330211344591628,
            "top": 347.5687744140625,
            "width": 38.38875878220141
        },
        {
            "height": 27.712496948242187,
            "label": "knife",
            "left": 10.257612384733607,
            "top": 320.203125,
            "width": 41.74707259953161
        },
        {
            "height": 22.8,
            "label": "knife",
            "left": 19.152224824355972,
            "top": 329.3250244140625,
            "width": 33.96252927400469
        },
        {
            "height": 11.859375,
            "label": "sink",
            "left": 549.0772467798595,
            "top": 338.2312744140625,
            "width": 50.220145089285715
        },
        {
            "height": 157.40625,
            "label": "refrigerator",
            "left": 349.672131147541,
            "top": 359.5312744140625,
            "width": 196.21545667447307
        }
    ]
}