{
    "image_id": 127182,
    "seq": [
        {
            "height": 93.87187194824219,
            "label": "potted plant",
            "left": 294.8062438964844,
            "top": 245.08126831054688,
            "width": 66.2249984741211
        },
        {
            "height": 109.08749389648438,
            "label": "microwave",
            "left": 48.77812576293945,
            "top": 139.734375,
            "width": 79.921875
        },
        {
            "height": 235.5187530517578,
            "label": "oven",
            "left": 17.399999618530273,
            "top": 344.13751220703125,
            "width": 164.1374969482422
        },
        {
            "height": 27.665624618530273,
            "label": "knife",
            "left": 1.0968749523162842,
            "top": 315.3281555175781,
            "width": 28.265623092651367
        },
        {
            "height": 30.140626907348633,
            "label": "vase",
            "left": 326.83123779296875,
            "top": 313.21875,
            "width": 20.174999237060547
        },
        {
            "height": 19.265623092651367,
            "label": "knife",
            "left": 6.693749904632568,
            "top": 348.0375061035156,
            "width": 25.612499237060547
        },
        {
            "height": 27.71249771118164,
            "label": "knife",
            "left": 7.312500476837158,
            "top": 320.6718444824219,
            "width": 27.853124618530273
        },
        {
            "height": 22.799999237060547,
            "label": "knife",
            "left": 13.246874809265137,
            "top": 329.79376220703125,
            "width": 22.65937614440918
        },
        {
            "height": 11.859375,
            "label": "sink",
            "left": 366.8062438964844,
            "top": 338.6999816894531,
            "width": 33.50625228881836
        },
        {
            "height": 157.40623474121094,
            "label": "refrigerator",
            "left": 233.76564025878906,
            "top": 360.0,
            "width": 130.91249084472656
        }
    ]
}