{
    "image_id": 127263,
    "seq": [
        {
            "height": 330.3093566894531,
            "label": "person",
            "left": 125.66249084472656,
            "top": 16.15312385559082,
            "width": 232.46250915527344
        },
        {
            "height": 334.640625,
            "label": "person",
            "left": 244.6875,
            "top": 44.98124694824219,
            "width": 188.90625
        },
        {
            "height": 24.25312614440918,
            "label": "frisbee",
            "left": 412.51873779296875,
            "top": 35.17499923706055,
            "width": 42.553123474121094
        },
        {
            "height": 63.29999923706055,
            "label": "car",
            "left": 470.0906066894531,
            "top": 100.19999694824219,
            "width": 129.9093780517578
        },
        {
            "height": 34.15312576293945,
            "label": "car",
            "left": 274.4906311035156,
            "top": 105.11249542236328,
            "width": 39.13125228881836
        },
        {
            "height": 45.45000076293945,
            "label": "car",
            "left": 0.0,
            "top": 82.9781265258789,
            "width": 158.7843780517578
        }
    ]
}