{
    "image_id": 127270,
    "seq": [
        {
            "height": 105.79199981689453,
            "label": "person",
            "left": 311.5559997558594,
            "top": 0.08399999886751175,
            "width": 82.04399871826172
        },
        {
            "height": 93.82799530029297,
            "label": "person",
            "left": 52.19999694824219,
            "top": 0.0,
            "width": 90.28800201416016
        },
        {
            "height": 124.42800903320312,
            "label": "tennis racket",
            "left": 78.62399291992188,
            "top": 9.215999603271484,
            "width": 199.53599548339844
        },
        {
            "height": 36.32400131225586,
            "label": "bench",
            "left": 162.77999877929688,
            "top": 24.144001007080078,
            "width": 78.02399444580078
        },
        {
            "height": 73.5719985961914,
            "label": "chair",
            "left": 66.38399505615234,
            "top": 32.52000045776367,
            "width": 30.395999908447266
        },
        {
            "height": 109.13999938964844,
            "label": "person",
            "left": 0.7079999446868896,
            "top": 0.035999998450279236,
            "width": 82.47600555419922
        },
        {
            "height": 28.19999885559082,
            "label": "handbag",
            "left": 331.656005859375,
            "top": 52.75199890136719,
            "width": 42.071998596191406
        },
        {
            "height": 106.00799560546875,
            "label": "person",
            "left": 218.53199768066406,
            "top": 0.0,
            "width": 107.08799743652344
        },
        {
            "height": 532.4879760742188,
            "label": "person",
            "left": 46.932003021240234,
            "top": 58.58399963378906,
            "width": 296.71197509765625
        }
    ]
}