{
    "image_id": 127270,
    "seq": [
        {
            "height": 105.7920078125,
            "label": "person",
            "left": 474.0182926829268,
            "top": 0.0,
            "width": 125.0670731707317
        },
        {
            "height": 93.828,
            "label": "person",
            "left": 78.65854254001525,
            "top": 0.0,
            "width": 137.6341463414634
        },
        {
            "height": 124.428,
            "label": "tennis racket",
            "left": 118.93904820884147,
            "top": 8.6159970703125,
            "width": 304.1707317073171
        },
        {
            "height": 36.324,
            "label": "bench",
            "left": 247.22560975609755,
            "top": 23.54400390625,
            "width": 118.93901248094512
        },
        {
            "height": 73.572,
            "label": "chair",
            "left": 100.28047589557927,
            "top": 31.92,
            "width": 46.33536585365854
        },
        {
            "height": 109.14,
            "label": "person",
            "left": 0.1646328437619093,
            "top": 0.0,
            "width": 125.72562166539635
        },
        {
            "height": 28.2,
            "label": "handbag",
            "left": 504.6585365853659,
            "top": 52.152,
            "width": 64.13414634146342
        },
        {
            "height": 106.0079921875,
            "label": "person",
            "left": 332.2134146341463,
            "top": 0.0,
            "width": 163.2439024390244
        },
        {
            "height": 532.488,
            "label": "person",
            "left": 70.6280547351372,
            "top": 57.98401171875,
            "width": 452.3048780487805
        }
    ]
}