{
    "image_id": 127263,
    "seq": [
        {
            "height": 495.0772467798595,
            "label": "person",
            "left": 125.1937255859375,
            "top": 23.50821730459602,
            "width": 232.4625244140625
        },
        {
            "height": 501.56908665105385,
            "label": "person",
            "left": 244.21875,
            "top": 66.71663220872365,
            "width": 188.90625
        },
        {
            "height": 36.35129034323771,
            "label": "frisbee",
            "left": 412.05,
            "top": 52.018703344555036,
            "width": 42.553125
        },
        {
            "height": 94.87586907201405,
            "label": "car",
            "left": 469.621875,
            "top": 149.48013026932085,
            "width": 129.90938720703124
        },
        {
            "height": 51.18969555035129,
            "label": "car",
            "left": 274.021875,
            "top": 156.8430913348946,
            "width": 39.13125305175781
        },
        {
            "height": 68.12177985948477,
            "label": "car",
            "left": 0.0,
            "top": 123.66747475117096,
            "width": 158.784375
        }
    ]
}