{
    "image_id": 127394,
    "seq": [
        {
            "height": 16.51875114440918,
            "label": "bottle",
            "left": 312.35626220703125,
            "top": 156.14999389648438,
            "width": 12.309374809265137
        },
        {
            "height": 233.7375030517578,
            "label": "person",
            "left": 0.0,
            "top": 80.97187805175781,
            "width": 86.4281234741211
        },
        {
            "height": 29.868751525878906,
            "label": "cup",
            "left": 229.1062469482422,
            "top": 156.515625,
            "width": 22.331249237060547
        },
        {
            "height": 57.40312576293945,
            "label": "cup",
            "left": 331.8843994140625,
            "top": 286.15313720703125,
            "width": 40.81875228881836
        },
        {
            "height": 48.06562423706055,
            "label": "cup",
            "left": 321.7874755859375,
            "top": 153.92813110351562,
            "width": 23.212501525878906
        },
        {
            "height": 39.01874542236328,
            "label": "cup",
            "left": 152.8781280517578,
            "top": 187.359375,
            "width": 22.62187385559082
        },
        {
            "height": 140.7843780517578,
            "label": "spoon",
            "left": 121.72499084472656,
            "top": 319.57501220703125,
            "width": 37.04062271118164
        },
        {
            "height": 109.67811584472656,
            "label": "spoon",
            "left": 175.7062530517578,
            "top": 383.40936279296875,
            "width": 133.4250030517578
        },
        {
            "height": 14.503125190734863,
            "label": "spoon",
            "left": 175.03125,
            "top": 268.9781188964844,
            "width": 58.24687957763672
        },
        {
            "height": 31.67812728881836,
            "label": "spoon",
            "left": 42.33749771118164,
            "top": 283.14373779296875,
            "width": 50.83124923706055
        },
        {
            "height": 160.49998474121094,
            "label": "person",
            "left": 63.01875305175781,
            "top": 72.53437805175781,
            "width": 119.7093734741211
        },
        {
            "height": 161.7937469482422,
            "label": "person",
            "left": 158.25938415527344,
            "top": 48.64687728881836,
            "width": 101.55937957763672
        },
        {
            "height": 54.65625,
            "label": "bottle",
            "left": 299.34375,
            "top": 149.296875,
            "width": 13.72499942779541
        },
        {
            "height": 41.21249771118164,
            "label": "bottle",
            "left": 284.2687683105469,
            "top": 164.18438720703125,
            "width": 18.9375
        },
        {
            "height": 138.87188720703125,
            "label": "bowl",
            "left": 91.68750762939453,
            "top": 393.7124938964844,
            "width": 156.40313720703125
        },
        {
            "height": 48.571876525878906,
            "label": "pizza",
            "left": 58.51874542236328,
            "top": 298.0781555175781,
            "width": 94.125
        },
        {
            "height": 83.60625457763672,
            "label": "person",
            "left": 309.2062683105469,
            "top": 213.58126831054688,
            "width": 74.23125457763672
        },
        {
            "height": 50.803123474121094,
            "label": "person",
            "left": 367.43438720703125,
            "top": 86.5406265258789,
            "width": 16.003124237060547
        },
        {
            "height": 101.64375305175781,
            "label": "chair",
            "left": 125.0718765258789,
            "top": 107.09062957763672,
            "width": 76.35936737060547
        },
        {
            "height": 394.28436279296875,
            "label": "dining table",
            "left": 0.0,
            "top": 194.80311584472656,
            "width": 383.4375
        },
        {
            "height": 21.712499618530273,
            "label": "spoon",
            "left": 349.6875,
            "top": 350.2875061035156,
            "width": 33.75
        },
        {
            "height": 98.36249542236328,
            "label": "person",
            "left": 243.76873779296875,
            "top": 45.66562271118164,
            "width": 61.724998474121094
        }
    ]
}