{
    "image_id": 127394,
    "seq": [
        {
            "height": 16.518751525878905,
            "label": "bottle",
            "left": 488.03911980440097,
            "top": 155.68125,
            "width": 19.261612498089853
        },
        {
            "height": 233.7375,
            "label": "person",
            "left": 0.0,
            "top": 80.50311279296875,
            "width": 135.24205378973105
        },
        {
            "height": 29.86875,
            "label": "cup",
            "left": 357.77017114914423,
            "top": 156.04688720703126,
            "width": 34.9437652811736
        },
        {
            "height": 57.403131103515626,
            "label": "cup",
            "left": 518.5965770171149,
            "top": 285.684375,
            "width": 63.872860635696824
        },
        {
            "height": 48.06562194824219,
            "label": "cup",
            "left": 502.79710421760393,
            "top": 153.45936279296876,
            "width": 36.32273838630807
        },
        {
            "height": 39.018743896484374,
            "label": "cup",
            "left": 238.48897845354523,
            "top": 186.890625,
            "width": 35.39853061965159
        },
        {
            "height": 140.784375,
            "label": "spoon",
            "left": 189.74083129584352,
            "top": 319.10625,
            "width": 57.96087542023228
        },
        {
            "height": 109.67811279296875,
            "label": "spoon",
            "left": 274.21024984718827,
            "top": 382.940625,
            "width": 208.78241518948656
        },
        {
            "height": 14.503125,
            "label": "spoon",
            "left": 273.1540342298288,
            "top": 268.509375,
            "width": 91.1442638294621
        },
        {
            "height": 31.678125,
            "label": "spoon",
            "left": 65.51588764517115,
            "top": 282.6750244140625,
            "width": 79.54034229828851
        },
        {
            "height": 160.49998779296874,
            "label": "person",
            "left": 97.87775061124694,
            "top": 72.065625,
            "width": 187.320293398533
        },
        {
            "height": 161.79373779296876,
            "label": "person",
            "left": 246.90955455378972,
            "top": 48.178125,
            "width": 158.91931540342298
        },
        {
            "height": 54.65625,
            "label": "bottle",
            "left": 467.67726161369194,
            "top": 148.82811279296874,
            "width": 21.47677261613692
        },
        {
            "height": 41.2125,
            "label": "bottle",
            "left": 444.0880195599022,
            "top": 163.71561279296876,
            "width": 29.633251833740832
        },
        {
            "height": 138.871875,
            "label": "bowl",
            "left": 142.73836720660148,
            "top": 393.24375,
            "width": 244.73838630806847
        },
        {
            "height": 48.571875,
            "label": "pizza",
            "left": 90.8361858190709,
            "top": 297.609375,
            "width": 147.28606356968214
        },
        {
            "height": 83.60625,
            "label": "person",
            "left": 483.1099862469438,
            "top": 213.1125,
            "width": 116.15647921760392
        },
        {
            "height": 50.80311889648438,
            "label": "person",
            "left": 574.2249388753056,
            "top": 86.07188110351562,
            "width": 25.04156479217604
        },
        {
            "height": 101.64375,
            "label": "chair",
            "left": 194.97797600855745,
            "top": 106.621875,
            "width": 119.48655256723717
        },
        {
            "height": 394.284375,
            "label": "dining table",
            "left": 0.0,
            "top": 194.33438720703126,
            "width": 600.0
        },
        {
            "height": 21.7125,
            "label": "spoon",
            "left": 546.4547677261613,
            "top": 349.8187744140625,
            "width": 52.81173594132029
        },
        {
            "height": 98.3625,
            "label": "person",
            "left": 380.71393643031786,
            "top": 45.19687194824219,
            "width": 96.58678751528117
        }
    ]
}