{
    "image_id": 12748,
    "seq": [
        {
            "height": 473.8218688964844,
            "label": "horse",
            "left": 1.2843749523162842,
            "top": 47.212501525878906,
            "width": 225.328125
        },
        {
            "height": 416.6343994140625,
            "label": "person",
            "left": 203.59686279296875,
            "top": 176.625,
            "width": 246.4031219482422
        },
        {
            "height": 462.7781066894531,
            "label": "person",
            "left": 207.17813110351562,
            "top": 129.95623779296875,
            "width": 242.82188415527344
        }
    ]
}