{
    "image_id": 12748,
    "seq": [
        {
            "height": 473.821875,
            "label": "horse",
            "left": 1.0874987284342448,
            "top": 46.74375,
            "width": 300.4375
        },
        {
            "height": 416.634423828125,
            "label": "person",
            "left": 270.8374837239583,
            "top": 176.15626220703126,
            "width": 328.53746744791664
        },
        {
            "height": 462.778125,
            "label": "person",
            "left": 275.6125,
            "top": 129.4875,
            "width": 323.7625
        }
    ]
}