{
    "image_id": 127517,
    "seq": [
        {
            "height": 197.5625,
            "label": "umbrella",
            "left": 372.065625,
            "top": 0.08749961853027344,
            "width": 227.465625
        },
        {
            "height": 570.3499348958334,
            "label": "surfboard",
            "left": 2.709370803833008,
            "top": 0.0,
            "width": 122.821875
        },
        {
            "height": 542.1125,
            "label": "surfboard",
            "left": 121.29375,
            "top": 0.7875204086303711,
            "width": 119.653125
        },
        {
            "height": 522.35,
            "label": "surfboard",
            "left": 216.590625,
            "top": 2.1999837239583333,
            "width": 132.35623779296876
        },
        {
            "height": 506.82493489583334,
            "label": "surfboard",
            "left": 290.709375,
            "top": 0.0,
            "width": 140.82188720703124
        },
        {
            "height": 477.175,
            "label": "surfboard",
            "left": 382.828125,
            "top": 0.0,
            "width": 102.703125
        },
        {
            "height": 388.2375,
            "label": "surfboard",
            "left": 448.471875,
            "top": 54.43748372395833,
            "width": 45.534375
        },
        {
            "height": 363.4,
            "label": "surfboard",
            "left": 477.2625,
            "top": 92.57501627604167,
            "width": 66.20625
        },
        {
            "height": 361.4125,
            "label": "surfboard",
            "left": 543.76875,
            "top": 62.900028483072916,
            "width": 40.23749694824219
        },
        {
            "height": 289.9,
            "label": "surfboard",
            "left": 573.299951171875,
            "top": 104.77500813802084,
            "width": 25.809375
        },
        {
            "height": 371.7875,
            "label": "surfboard",
            "left": 498.721826171875,
            "top": 73.01251627604167,
            "width": 61.875
        }
    ]
}