{
    "image_id": 127530,
    "seq": [
        {
            "height": 53.16818625710227,
            "label": "sports ball",
            "left": 471.45,
            "top": 344.8500355113636,
            "width": 38.26875
        },
        {
            "height": 578.9182528409091,
            "label": "person",
            "left": 238.1437744140625,
            "top": 20.39997780539773,
            "width": 269.521875
        },
        {
            "height": 136.37727272727273,
            "label": "tennis racket",
            "left": 282.253125,
            "top": 135.7090731534091,
            "width": 100.46250610351562
        }
    ]
}