{
    "image_id": 127517,
    "seq": [
        {
            "height": 148.171875,
            "label": "umbrella",
            "left": 372.53436279296875,
            "top": 0.534375011920929,
            "width": 227.46563720703125
        },
        {
            "height": 427.7624816894531,
            "label": "surfboard",
            "left": 3.1781251430511475,
            "top": 0.0,
            "width": 122.8218765258789
        },
        {
            "height": 406.5843811035156,
            "label": "surfboard",
            "left": 121.76250457763672,
            "top": 1.0593749284744263,
            "width": 119.65312194824219
        },
        {
            "height": 391.76251220703125,
            "label": "surfboard",
            "left": 217.0593719482422,
            "top": 2.1187498569488525,
            "width": 132.3562469482422
        },
        {
            "height": 380.11871337890625,
            "label": "surfboard",
            "left": 291.1781311035156,
            "top": 0.0,
            "width": 140.82188415527344
        },
        {
            "height": 357.8812561035156,
            "label": "surfboard",
            "left": 383.2969055175781,
            "top": 0.0,
            "width": 102.703125
        },
        {
            "height": 291.1781311035156,
            "label": "surfboard",
            "left": 448.9406433105469,
            "top": 41.296871185302734,
            "width": 45.53437423706055
        },
        {
            "height": 272.5500183105469,
            "label": "surfboard",
            "left": 477.73126220703125,
            "top": 69.9000015258789,
            "width": 66.20625305175781
        },
        {
            "height": 271.05938720703125,
            "label": "surfboard",
            "left": 544.237548828125,
            "top": 47.64374923706055,
            "width": 40.23749923706055
        },
        {
            "height": 217.42498779296875,
            "label": "surfboard",
            "left": 573.768798828125,
            "top": 79.05000305175781,
            "width": 25.809375762939453
        },
        {
            "height": 278.84063720703125,
            "label": "surfboard",
            "left": 499.19061279296875,
            "top": 55.22812271118164,
            "width": 61.875
        }
    ]
}