{
    "image_id": 127530,
    "seq": [
        {
            "height": 36.55312728881836,
            "label": "sports ball",
            "left": 471.91876220703125,
            "top": 237.55313110351562,
            "width": 38.26874923706055
        },
        {
            "height": 398.00628662109375,
            "label": "person",
            "left": 238.6125030517578,
            "top": 14.493749618530273,
            "width": 269.5218505859375
        },
        {
            "height": 93.7593765258789,
            "label": "tennis racket",
            "left": 282.7218933105469,
            "top": 93.76874542236328,
            "width": 100.4625015258789
        }
    ]
}