{
    "image_id": 127987,
    "seq": [
        {
            "height": 220.95938110351562,
            "label": "tv",
            "left": 22.631250381469727,
            "top": 0.0,
            "width": 303.0374755859375
        },
        {
            "height": 181.875,
            "label": "tv",
            "left": 290.625,
            "top": 37.5,
            "width": 211.875
        },
        {
            "height": 115.2093734741211,
            "label": "keyboard",
            "left": 324.3843994140625,
            "top": 244.9499969482422,
            "width": 275.6156005859375
        }
    ]
}