{
    "image_id": 127987,
    "seq": [
        {
            "height": 331.9577464788732,
            "label": "tv",
            "left": 22.162503051757813,
            "top": 0.0,
            "width": 303.0375
        },
        {
            "height": 273.23943661971833,
            "label": "tv",
            "left": 290.15625,
            "top": 55.63379364730047,
            "width": 211.875
        },
        {
            "height": 173.08450704225353,
            "label": "keyboard",
            "left": 323.915625,
            "top": 367.2957379694836,
            "width": 275.615625
        }
    ]
}