{
    "image_id": 128051,
    "seq": [
        {
            "height": 358.65,
            "label": "bus",
            "left": 107.99061279296875,
            "top": 64.81663411458334,
            "width": 324.6
        },
        {
            "height": 74.48333333333333,
            "label": "truck",
            "left": 528.224951171875,
            "top": 312.4166666666667,
            "width": 71.30625
        },
        {
            "height": 261.56666666666666,
            "label": "truck",
            "left": 0.29063076972961427,
            "top": 217.6,
            "width": 136.51875
        },
        {
            "height": 81.48333333333333,
            "label": "umbrella",
            "left": 81.69375,
            "top": 93.16666666666667,
            "width": 19.621875
        }
    ]
}