{
    "image_id": 128051,
    "seq": [
        {
            "height": 201.74063110351562,
            "label": "bus",
            "left": 108.45938110351562,
            "top": 36.928123474121094,
            "width": 324.6000061035156
        },
        {
            "height": 41.896873474121094,
            "label": "truck",
            "left": 528.6937866210938,
            "top": 176.203125,
            "width": 71.3062515258789
        },
        {
            "height": 147.13125610351562,
            "label": "truck",
            "left": 0.7593749761581421,
            "top": 122.8687515258789,
            "width": 136.51873779296875
        },
        {
            "height": 45.834373474121094,
            "label": "umbrella",
            "left": 82.1624984741211,
            "top": 52.875003814697266,
            "width": 19.62187385559082
        }
    ]
}