{
    "image_id": 128148,
    "seq": [
        {
            "height": 87.64485068633178,
            "label": "potted plant",
            "left": 488.240625,
            "top": 193.03740143107476,
            "width": 27.95625
        },
        {
            "height": 143.84579439252337,
            "label": "chair",
            "left": 0.0,
            "top": 297.02807389018693,
            "width": 59.79375
        },
        {
            "height": 42.02803738317757,
            "label": "chair",
            "left": 63.215625,
            "top": 280.45792567172896,
            "width": 20.531251525878908
        },
        {
            "height": 44.41121495327103,
            "label": "chair",
            "left": 64.29375,
            "top": 269.34115800233644,
            "width": 26.64375
        },
        {
            "height": 178.06542056074767,
            "label": "couch",
            "left": 245.4562255859375,
            "top": 268.9766355140187,
            "width": 228.675
        },
        {
            "height": 227.4392523364486,
            "label": "couch",
            "left": 42.57187194824219,
            "top": 287.7616822429907,
            "width": 199.0031494140625
        },
        {
            "height": 51.08411214953271,
            "label": "dining table",
            "left": 0.881248664855957,
            "top": 288.25233644859816,
            "width": 63.984375
        },
        {
            "height": 28.373831775700936,
            "label": "book",
            "left": 122.45626220703124,
            "top": 204.2242808119159,
            "width": 7.3125
        },
        {
            "height": 12.11214953271028,
            "label": "book",
            "left": 96.834375,
            "top": 210.07009345794393,
            "width": 17.203125
        },
        {
            "height": 24.266355140186917,
            "label": "book",
            "left": 105.290625,
            "top": 173.76171875,
            "width": 3.6187496185302734
        },
        {
            "height": 14.299065420560748,
            "label": "book",
            "left": 112.471875,
            "top": 184.14953271028037,
            "width": 9.0375
        },
        {
            "height": 73.55607476635514,
            "label": "potted plant",
            "left": 262.21875,
            "top": 194.6355140186916,
            "width": 10.640625
        },
        {
            "height": 28.61214953271028,
            "label": "book",
            "left": 132.25313720703124,
            "top": 201.39250511098132,
            "width": 5.503125
        },
        {
            "height": 23.53738545925818,
            "label": "book",
            "left": 119.75625,
            "top": 207.70091632593457,
            "width": 3.43125
        },
        {
            "height": 28.205609758323597,
            "label": "book",
            "left": 104.146875,
            "top": 206.60747663551402,
            "width": 10.659375
        },
        {
            "height": 24.686915887850468,
            "label": "book",
            "left": 116.7,
            "top": 278.39719626168227,
            "width": 5.653125762939453
        },
        {
            "height": 24.33644859813084,
            "label": "book",
            "left": 132.309375,
            "top": 271.48594480140184,
            "width": 8.784375
        },
        {
            "height": 21.714953271028037,
            "label": "book",
            "left": 106.275,
            "top": 286.03741968457945,
            "width": 3.24375
        },
        {
            "height": 29.130841121495326,
            "label": "book",
            "left": 99.95624389648438,
            "top": 279.1402051693925,
            "width": 13.8375
        },
        {
            "height": 175.83644859813083,
            "label": "tv",
            "left": 566.868701171875,
            "top": 283.0373831775701,
            "width": 32.6625
        },
        {
            "height": 36.40654205607477,
            "label": "book",
            "left": 120.9375,
            "top": 235.52803738317758,
            "width": 9.253125
        },
        {
            "height": 33.11214725102219,
            "label": "book",
            "left": 98.58750610351562,
            "top": 245.9018691588785,
            "width": 5.859375
        }
    ]
}