{
    "image_id": 128148,
    "seq": [
        {
            "height": 58.61249923706055,
            "label": "potted plant",
            "left": 488.7093505859375,
            "top": 129.5625,
            "width": 27.956249237060547
        },
        {
            "height": 96.19686889648438,
            "label": "chair",
            "left": 0.0,
            "top": 199.10626220703125,
            "width": 59.79374694824219
        },
        {
            "height": 28.10624885559082,
            "label": "chair",
            "left": 63.68437576293945,
            "top": 188.02499389648438,
            "width": 20.53125
        },
        {
            "height": 29.700000762939453,
            "label": "chair",
            "left": 64.76249694824219,
            "top": 180.59063720703125,
            "width": 26.643749237060547
        },
        {
            "height": 119.08124542236328,
            "label": "couch",
            "left": 245.9250030517578,
            "top": 180.34686279296875,
            "width": 228.6750030517578
        },
        {
            "height": 152.10000610351562,
            "label": "couch",
            "left": 43.040626525878906,
            "top": 192.9093780517578,
            "width": 199.00314331054688
        },
        {
            "height": 34.162498474121094,
            "label": "dining table",
            "left": 1.350000023841858,
            "top": 193.23748779296875,
            "width": 63.984375
        },
        {
            "height": 18.974998474121094,
            "label": "book",
            "left": 122.92499542236328,
            "top": 137.0437469482422,
            "width": 7.312500476837158
        },
        {
            "height": 8.100000381469727,
            "label": "book",
            "left": 97.3031234741211,
            "top": 140.953125,
            "width": 17.203125
        },
        {
            "height": 16.228124618530273,
            "label": "book",
            "left": 105.7593765258789,
            "top": 116.671875,
            "width": 3.6187498569488525
        },
        {
            "height": 9.5625,
            "label": "book",
            "left": 112.94062805175781,
            "top": 123.6187515258789,
            "width": 9.037500381469727
        },
        {
            "height": 49.19062805175781,
            "label": "potted plant",
            "left": 262.6875,
            "top": 130.63125610351562,
            "width": 10.640625
        },
        {
            "height": 19.134374618530273,
            "label": "book",
            "left": 132.7218780517578,
            "top": 135.15000915527344,
            "width": 5.503125190734863
        },
        {
            "height": 15.740626335144043,
            "label": "book",
            "left": 120.22500610351562,
            "top": 139.36875915527344,
            "width": 3.4312498569488525
        },
        {
            "height": 18.86250114440918,
            "label": "book",
            "left": 104.6156234741211,
            "top": 138.6374969482422,
            "width": 10.659374237060547
        },
        {
            "height": 16.509374618530273,
            "label": "book",
            "left": 117.16875457763672,
            "top": 186.64688110351562,
            "width": 5.653125286102295
        },
        {
            "height": 16.275001525878906,
            "label": "book",
            "left": 132.7781219482422,
            "top": 182.02500915527344,
            "width": 8.784375190734863
        },
        {
            "height": 14.521875381469727,
            "label": "book",
            "left": 106.74374389648438,
            "top": 191.75624084472656,
            "width": 3.2437500953674316
        },
        {
            "height": 19.481250762939453,
            "label": "book",
            "left": 100.42499542236328,
            "top": 187.1437530517578,
            "width": 13.83750057220459
        },
        {
            "height": 117.59062957763672,
            "label": "tv",
            "left": 567.3374633789062,
            "top": 189.75,
            "width": 32.662498474121094
        },
        {
            "height": 24.346874237060547,
            "label": "book",
            "left": 121.40625,
            "top": 157.97811889648438,
            "width": 9.253125190734863
        },
        {
            "height": 22.143749237060547,
            "label": "book",
            "left": 99.0562515258789,
            "top": 164.91561889648438,
            "width": 5.859375
        }
    ]
}