{
    "image_id": 128372,
    "seq": [
        {
            "height": 286.05938720703125,
            "label": "bus",
            "left": 0.0,
            "top": 69.2718734741211,
            "width": 390.4125061035156
        },
        {
            "height": 167.3156280517578,
            "label": "person",
            "left": 355.3312683105469,
            "top": 189.8156280517578,
            "width": 62.97187423706055
        },
        {
            "height": 91.71562194824219,
            "label": "person",
            "left": 417.6656494140625,
            "top": 208.44374084472656,
            "width": 30.346874237060547
        },
        {
            "height": 119.765625,
            "label": "person",
            "left": 504.5906066894531,
            "top": 195.60000610351562,
            "width": 37.99687576293945
        },
        {
            "height": 49.71562576293945,
            "label": "person",
            "left": 557.643798828125,
            "top": 215.2687530517578,
            "width": 14.89687442779541
        },
        {
            "height": 49.71562576293945,
            "label": "person",
            "left": 572.953125,
            "top": 210.88124084472656,
            "width": 16.509374618530273
        },
        {
            "height": 49.70624923706055,
            "label": "person",
            "left": 594.3843994140625,
            "top": 215.6906280517578,
            "width": 5.615624904632568
        },
        {
            "height": 98.58750915527344,
            "label": "person",
            "left": 406.2749938964844,
            "top": 205.36874389648438,
            "width": 21.496875762939453
        },
        {
            "height": 48.11249923706055,
            "label": "handbag",
            "left": 514.5656127929688,
            "top": 228.94688415527344,
            "width": 25.959375381469727
        },
        {
            "height": 10.668749809265137,
            "label": "handbag",
            "left": 418.4437255859375,
            "top": 247.20936584472656,
            "width": 12.121874809265137
        },
        {
            "height": 45.21562576293945,
            "label": "person",
            "left": 541.2280883789062,
            "top": 218.30624389648438,
            "width": 15.318750381469727
        },
        {
            "height": 11.596875190734863,
            "label": "car",
            "left": 343.15313720703125,
            "top": 216.9375,
            "width": 13.556249618530273
        },
        {
            "height": 33.06562423706055,
            "label": "handbag",
            "left": 496.3968505859375,
            "top": 248.25936889648438,
            "width": 17.053125381469727
        },
        {
            "height": 42.62812423706055,
            "label": "person",
            "left": 176.484375,
            "top": 193.6125030517578,
            "width": 26.287500381469727
        },
        {
            "height": 13.406250953674316,
            "label": "handbag",
            "left": 550.2000122070312,
            "top": 243.83436584472656,
            "width": 10.434375762939453
        },
        {
            "height": 9.403124809265137,
            "label": "handbag",
            "left": 547.2281494140625,
            "top": 232.7156219482422,
            "width": 10.359375
        }
    ]
}