{
    "image_id": 128372,
    "seq": [
        {
            "height": 428.75409836065575,
            "label": "bus",
            "left": 0.0,
            "top": 103.12412177985948,
            "width": 390.4125
        },
        {
            "height": 250.7775175644028,
            "label": "person",
            "left": 354.8625244140625,
            "top": 283.7985582552693,
            "width": 62.971875
        },
        {
            "height": 137.46604215456674,
            "label": "person",
            "left": 417.196875,
            "top": 311.71896955503513,
            "width": 30.346875
        },
        {
            "height": 179.50819672131146,
            "label": "person",
            "left": 504.121875,
            "top": 292.46842066744733,
            "width": 37.996875
        },
        {
            "height": 74.5152224824356,
            "label": "person",
            "left": 557.175,
            "top": 321.9485143442623,
            "width": 14.896875
        },
        {
            "height": 74.5152224824356,
            "label": "person",
            "left": 572.484375,
            "top": 315.37236533957844,
            "width": 16.509375
        },
        {
            "height": 74.50117096018735,
            "label": "person",
            "left": 593.915625,
            "top": 322.58075966042156,
            "width": 5.615624618530274
        },
        {
            "height": 147.76581711065575,
            "label": "person",
            "left": 405.8062744140625,
            "top": 307.11007025761126,
            "width": 21.496875
        },
        {
            "height": 72.11241217798595,
            "label": "handbag",
            "left": 514.096923828125,
            "top": 342.4496487119438,
            "width": 25.959375
        },
        {
            "height": 15.990632318501172,
            "label": "handbag",
            "left": 417.975,
            "top": 369.8220140515223,
            "width": 12.121875
        },
        {
            "height": 67.77049180327869,
            "label": "person",
            "left": 540.759375,
            "top": 326.5012075526932,
            "width": 15.31875
        },
        {
            "height": 17.381733021077284,
            "label": "car",
            "left": 342.684375,
            "top": 324.4496487119438,
            "width": 13.55625
        },
        {
            "height": 49.559718969555036,
            "label": "handbag",
            "left": 495.928173828125,
            "top": 371.39578454332553,
            "width": 17.053125
        },
        {
            "height": 63.89227166276346,
            "label": "person",
            "left": 176.015625,
            "top": 289.4894430620609,
            "width": 26.2875
        },
        {
            "height": 20.093679102019905,
            "label": "handbag",
            "left": 549.73125,
            "top": 364.76346604215456,
            "width": 10.434375
        },
        {
            "height": 14.093677958504099,
            "label": "handbag",
            "left": 546.759326171875,
            "top": 348.0983606557377,
            "width": 10.359375
        }
    ]
}