{
    "image_id": 128476,
    "seq": [
        {
            "height": 33.01874923706055,
            "label": "cup",
            "left": 124.23751068115234,
            "top": 48.52499771118164,
            "width": 31.762500762939453
        },
        {
            "height": 14.034375190734863,
            "label": "cup",
            "left": 162.0,
            "top": 48.54375076293945,
            "width": 32.287498474121094
        },
        {
            "height": 32.46562576293945,
            "label": "cup",
            "left": 503.6624755859375,
            "top": 56.775001525878906,
            "width": 31.03125
        },
        {
            "height": 150.0749969482422,
            "label": "cake",
            "left": 470.64373779296875,
            "top": 248.9718780517578,
            "width": 129.3562469482422
        },
        {
            "height": 160.125,
            "label": "cake",
            "left": 0.0,
            "top": 234.78750610351562,
            "width": 217.69688415527344
        },
        {
            "height": 193.875,
            "label": "cake",
            "left": 228.88124084472656,
            "top": 200.15625,
            "width": 232.46250915527344
        },
        {
            "height": 131.86874389648438,
            "label": "cake",
            "left": 81.9468765258789,
            "top": 165.4968719482422,
            "width": 189.328125
        },
        {
            "height": 201.5343780517578,
            "label": "cake",
            "left": 278.5687561035156,
            "top": 118.76250457763672,
            "width": 275.32501220703125
        },
        {
            "height": 103.453125,
            "label": "cake",
            "left": 0.9000000357627869,
            "top": 141.234375,
            "width": 111.54375457763672
        },
        {
            "height": 77.37187957763672,
            "label": "cake",
            "left": 538.8468627929688,
            "top": 175.1437530517578,
            "width": 61.15312576293945
        },
        {
            "height": 117.01875305175781,
            "label": "cake",
            "left": 151.265625,
            "top": 107.08125305175781,
            "width": 181.7062530517578
        },
        {
            "height": 176.4562530517578,
            "label": "person",
            "left": 170.77499389648438,
            "top": 0.26250001788139343,
            "width": 181.42501831054688
        },
        {
            "height": 152.72813415527344,
            "label": "person",
            "left": 0.0,
            "top": 0.0,
            "width": 138.24375915527344
        }
    ]
}