{
    "image_id": 128476,
    "seq": [
        {
            "height": 49.48946135831382,
            "label": "cup",
            "left": 123.76875,
            "top": 72.02810761855972,
            "width": 31.7625
        },
        {
            "height": 21.03512880562061,
            "label": "cup",
            "left": 161.53125,
            "top": 72.0562381074356,
            "width": 32.2875
        },
        {
            "height": 48.66042154566745,
            "label": "cup",
            "left": 503.19375,
            "top": 84.39345177107728,
            "width": 31.03125
        },
        {
            "height": 224.93674985362998,
            "label": "cake",
            "left": 470.175,
            "top": 372.4636636416862,
            "width": 129.35625
        },
        {
            "height": 240.0,
            "label": "cake",
            "left": 0.0,
            "top": 351.2037836651054,
            "width": 217.696875
        },
        {
            "height": 290.58548009367684,
            "label": "cake",
            "left": 228.4125,
            "top": 299.29746048009366,
            "width": 232.4625244140625
        },
        {
            "height": 197.6487119437939,
            "label": "cake",
            "left": 81.47813110351562,
            "top": 247.34890954332553,
            "width": 189.328125
        },
        {
            "height": 302.0655737704918,
            "label": "cake",
            "left": 278.0999755859375,
            "top": 177.30210772833723,
            "width": 275.325
        },
        {
            "height": 155.05854800936768,
            "label": "cake",
            "left": 0.4312455654144287,
            "top": 210.98362485362998,
            "width": 111.54376220703125
        },
        {
            "height": 115.9672131147541,
            "label": "cake",
            "left": 538.378125,
            "top": 261.80792593676813,
            "width": 61.153131103515626
        },
        {
            "height": 175.39111899882903,
            "label": "cake",
            "left": 150.796875,
            "top": 159.7939293032787,
            "width": 181.70626220703124
        },
        {
            "height": 264.4777517564403,
            "label": "person",
            "left": 170.30625,
            "top": 0.0,
            "width": 181.4250244140625
        },
        {
            "height": 228.91334894613584,
            "label": "person",
            "left": 0.0,
            "top": 0.0,
            "width": 138.24376220703124
        }
    ]
}