{
    "image_id": 128598,
    "seq": [
        {
            "height": 154.93124389648438,
            "label": "orange",
            "left": 225.3562469482422,
            "top": 438.1687316894531,
            "width": 208.44374084472656
        },
        {
            "height": 188.28749084472656,
            "label": "orange",
            "left": 31.86562728881836,
            "top": 406.4624938964844,
            "width": 189.23439025878906
        },
        {
            "height": 161.80311584472656,
            "label": "orange",
            "left": 210.33750915527344,
            "top": 296.625,
            "width": 180.67498779296875
        },
        {
            "height": 162.0,
            "label": "orange",
            "left": 343.8000183105469,
            "top": 168.05624389648438,
            "width": 106.19999694824219
        },
        {
            "height": 234.375,
            "label": "apple",
            "left": 0.0,
            "top": 188.2781219482422,
            "width": 235.9406280517578
        },
        {
            "height": 190.63124084472656,
            "label": "apple",
            "left": 234.375,
            "top": 0.778124988079071,
            "width": 215.625
        },
        {
            "height": 127.99687194824219,
            "label": "orange",
            "left": 106.80000305175781,
            "top": 68.74687957763672,
            "width": 136.9406280517578
        },
        {
            "height": 150.61874389648438,
            "label": "orange",
            "left": 173.99063110351562,
            "top": 138.75,
            "width": 151.49063110351562
        },
        {
            "height": 178.6593780517578,
            "label": "orange",
            "left": 0.0,
            "top": 94.62187957763672,
            "width": 137.68124389648438
        },
        {
            "height": 175.0031280517578,
            "label": "orange",
            "left": 0.0,
            "top": 365.625,
            "width": 53.12812423706055
        },
        {
            "height": 107.4375,
            "label": "orange",
            "left": 33.9375,
            "top": 20.193750381469727,
            "width": 108.49687194824219
        }
    ]
}