{
    "image_id": 128598,
    "seq": [
        {
            "height": 154.93125,
            "label": "orange",
            "left": 299.85,
            "top": 437.7,
            "width": 277.925
        },
        {
            "height": 188.2875,
            "label": "orange",
            "left": 41.86248779296875,
            "top": 405.99375,
            "width": 252.3125
        },
        {
            "height": 161.803125,
            "label": "orange",
            "left": 279.825,
            "top": 296.1562744140625,
            "width": 240.9
        },
        {
            "height": 162.0,
            "label": "orange",
            "left": 457.775,
            "top": 167.58751220703124,
            "width": 141.6
        },
        {
            "height": 234.375,
            "label": "apple",
            "left": 0.0,
            "top": 187.8093505859375,
            "width": 314.5875
        },
        {
            "height": 190.63125,
            "label": "apple",
            "left": 311.875,
            "top": 0.30937492847442627,
            "width": 287.5
        },
        {
            "height": 127.996875,
            "label": "orange",
            "left": 141.775,
            "top": 68.278125,
            "width": 182.58751627604167
        },
        {
            "height": 150.61875,
            "label": "orange",
            "left": 231.36251627604167,
            "top": 138.28126220703126,
            "width": 201.9875
        },
        {
            "height": 178.65938720703124,
            "label": "orange",
            "left": 0.0,
            "top": 94.15311279296876,
            "width": 183.575
        },
        {
            "height": 175.003125,
            "label": "orange",
            "left": 0.0,
            "top": 365.15625,
            "width": 70.8375
        },
        {
            "height": 107.4375,
            "label": "orange",
            "left": 44.625004069010416,
            "top": 19.724996948242186,
            "width": 144.6625
        }
    ]
}