{
    "image_id": 128675,
    "seq": [
        {
            "height": 16.471874237060547,
            "label": "person",
            "left": 105.68437957763672,
            "top": 235.4812469482422,
            "width": 18.196874618530273
        },
        {
            "height": 65.15625,
            "label": "kite",
            "left": 300.5531005859375,
            "top": 13.88437557220459,
            "width": 33.928123474121094
        },
        {
            "height": 54.46875,
            "label": "surfboard",
            "left": 301.5562438964844,
            "top": 321.7218933105469,
            "width": 117.62812805175781
        },
        {
            "height": 8.02500057220459,
            "label": "surfboard",
            "left": 441.4875183105469,
            "top": 393.6187438964844,
            "width": 138.0749969482422
        },
        {
            "height": 3.4125001430511475,
            "label": "surfboard",
            "left": 114.65625762939453,
            "top": 249.13124084472656,
            "width": 6.946875095367432
        },
        {
            "height": 124.7718734741211,
            "label": "person",
            "left": 317.0999755859375,
            "top": 290.6343994140625,
            "width": 47.46562576293945
        },
        {
            "height": 17.681249618530273,
            "label": "person",
            "left": 413.1187744140625,
            "top": 384.49688720703125,
            "width": 27.178123474121094
        }
    ]
}