{
    "image_id": 128699,
    "seq": [
        {
            "height": 195.50399780273438,
            "label": "person",
            "left": 148.3920135498047,
            "top": 59.604000091552734,
            "width": 169.88400268554688
        },
        {
            "height": 59.327999114990234,
            "label": "person",
            "left": 23.507999420166016,
            "top": 472.823974609375,
            "width": 44.60399627685547
        },
        {
            "height": 47.23200225830078,
            "label": "person",
            "left": 164.96400451660156,
            "top": 415.52398681640625,
            "width": 51.10799789428711
        },
        {
            "height": 37.944000244140625,
            "label": "person",
            "left": 268.8119812011719,
            "top": 379.12799072265625,
            "width": 48.395999908447266
        },
        {
            "height": 57.10799789428711,
            "label": "person",
            "left": 230.7119903564453,
            "top": 379.7760009765625,
            "width": 49.92000198364258
        },
        {
            "height": 44.652000427246094,
            "label": "skateboard",
            "left": 134.8800048828125,
            "top": 238.10400390625,
            "width": 89.60400390625
        },
        {
            "height": 66.18000030517578,
            "label": "person",
            "left": 0.0,
            "top": 487.823974609375,
            "width": 40.36800003051758
        },
        {
            "height": 52.380001068115234,
            "label": "person",
            "left": 147.03599548339844,
            "top": 416.2080078125,
            "width": 25.44000244140625
        },
        {
            "height": 83.18399810791016,
            "label": "person",
            "left": 394.81201171875,
            "top": 315.05999755859375,
            "width": 26.387998580932617
        },
        {
            "height": 44.97600173950195,
            "label": "person",
            "left": 305.052001953125,
            "top": 353.89202880859375,
            "width": 56.6400032043457
        },
        {
            "height": 47.040000915527344,
            "label": "person",
            "left": 292.12799072265625,
            "top": 359.4720153808594,
            "width": 34.27199935913086
        },
        {
            "height": 29.08799934387207,
            "label": "person",
            "left": 255.27598571777344,
            "top": 377.7120056152344,
            "width": 27.671998977661133
        },
        {
            "height": 40.512001037597656,
            "label": "person",
            "left": 126.09600067138672,
            "top": 439.8480224609375,
            "width": 29.59200096130371
        }
    ]
}