{
    "image_id": 128675,
    "seq": [
        {
            "height": 21.9625,
            "label": "person",
            "left": 105.215625,
            "top": 313.35,
            "width": 18.196875
        },
        {
            "height": 86.875,
            "label": "kite",
            "left": 300.084375,
            "top": 17.887502034505207,
            "width": 33.928125
        },
        {
            "height": 72.625,
            "label": "surfboard",
            "left": 301.0875,
            "top": 428.33746744791665,
            "width": 117.628125
        },
        {
            "height": 10.700001017252605,
            "label": "surfboard",
            "left": 441.01875,
            "top": 524.2000325520834,
            "width": 138.075
        },
        {
            "height": 4.550000508626302,
            "label": "surfboard",
            "left": 114.1875,
            "top": 331.55003255208334,
            "width": 6.946875
        },
        {
            "height": 166.3625,
            "label": "person",
            "left": 316.63125,
            "top": 386.88746744791666,
            "width": 47.465625
        },
        {
            "height": 23.575,
            "label": "person",
            "left": 412.65,
            "top": 512.0374674479167,
            "width": 27.178125
        }
    ]
}