{
    "image_id": 128699,
    "seq": [
        {
            "height": 195.504,
            "label": "person",
            "left": 210.52991452991452,
            "top": 59.00400390625,
            "width": 242.00002225783476
        },
        {
            "height": 59.328,
            "label": "person",
            "left": 32.632481414707975,
            "top": 472.224,
            "width": 63.53845597400285
        },
        {
            "height": 47.232,
            "label": "person",
            "left": 234.13675213675214,
            "top": 414.92403125,
            "width": 72.80341880341881
        },
        {
            "height": 37.944,
            "label": "person",
            "left": 382.0683760683761,
            "top": 378.528,
            "width": 68.94017650462963
        },
        {
            "height": 57.108,
            "label": "person",
            "left": 327.79487179487177,
            "top": 379.176,
            "width": 71.11111111111111
        },
        {
            "height": 44.652,
            "label": "skateboard",
            "left": 191.28205128205127,
            "top": 237.503984375,
            "width": 127.64102564102564
        },
        {
            "height": 66.18,
            "label": "person",
            "left": 0.0,
            "top": 487.224,
            "width": 57.504273504273506
        },
        {
            "height": 52.38,
            "label": "person",
            "left": 208.5982905982906,
            "top": 415.60803125,
            "width": 36.23931623931624
        },
        {
            "height": 83.184,
            "label": "person",
            "left": 561.5555555555555,
            "top": 314.46,
            "width": 37.58974358974359
        },
        {
            "height": 44.976,
            "label": "person",
            "left": 433.69226317663816,
            "top": 353.292,
            "width": 80.68376068376068
        },
        {
            "height": 47.04,
            "label": "person",
            "left": 415.28205128205127,
            "top": 358.872,
            "width": 48.82051282051282
        },
        {
            "height": 29.088,
            "label": "person",
            "left": 362.78632478632477,
            "top": 377.112,
            "width": 39.41880341880342
        },
        {
            "height": 40.51199609375,
            "label": "person",
            "left": 178.76923076923077,
            "top": 439.2480625,
            "width": 42.15384615384615
        }
    ]
}