{
    "image_id": 128748,
    "seq": [
        {
            "height": 501.1312255859375,
            "label": "person",
            "left": 288.48748779296875,
            "top": 91.76250457763672,
            "width": 146.2781219482422
        },
        {
            "height": 136.18124389648438,
            "label": "baseball bat",
            "left": 273.7124938964844,
            "top": 421.0124816894531,
            "width": 45.834373474121094
        },
        {
            "height": 62.849998474121094,
            "label": "baseball glove",
            "left": 0.06562500447034836,
            "top": 325.76251220703125,
            "width": 18.899999618530273
        },
        {
            "height": 511.48126220703125,
            "label": "person",
            "left": 146.2687530517578,
            "top": 41.69062423706055,
            "width": 186.9093780517578
        },
        {
            "height": 496.6031188964844,
            "label": "person",
            "left": 0.0,
            "top": 74.53125,
            "width": 196.02188110351562
        }
    ]
}