{
    "image_id": 128748,
    "seq": [
        {
            "height": 501.13125,
            "label": "person",
            "left": 375.4215885947047,
            "top": 91.29375610351562,
            "width": 190.66802443991853
        },
        {
            "height": 136.18125,
            "label": "baseball bat",
            "left": 356.16293279022403,
            "top": 420.54375,
            "width": 59.74338085539715
        },
        {
            "height": 62.85,
            "label": "baseball glove",
            "left": 0.0,
            "top": 325.2937255859375,
            "width": 24.635437881873727
        },
        {
            "height": 511.48125,
            "label": "person",
            "left": 190.0448065173116,
            "top": 41.221868896484374,
            "width": 243.62932790224033
        },
        {
            "height": 496.603125,
            "label": "person",
            "left": 0.0,
            "top": 74.06251220703125,
            "width": 255.5071283095723
        }
    ]
}