{
    "image_id": 129054,
    "seq": [
        {
            "height": 85.168,
            "label": "zebra",
            "left": 506.13603125,
            "top": 319.1519583333333,
            "width": 31.968
        },
        {
            "height": 57.136,
            "label": "zebra",
            "left": 432.76796875,
            "top": 314.04802083333334,
            "width": 60.408
        },
        {
            "height": 73.824,
            "label": "zebra",
            "left": 369.72,
            "top": 305.08802083333336,
            "width": 42.58800390625
        },
        {
            "height": 86.864,
            "label": "zebra",
            "left": 460.356,
            "top": 318.2079791666667,
            "width": 53.7
        },
        {
            "height": 72.768,
            "label": "zebra",
            "left": 304.19996875,
            "top": 309.152,
            "width": 51.492
        },
        {
            "height": 79.952,
            "label": "zebra",
            "left": 235.776,
            "top": 308.48,
            "width": 35.244
        },
        {
            "height": 44.272,
            "label": "zebra",
            "left": 210.624,
            "top": 315.5200208333333,
            "width": 24.804
        },
        {
            "height": 83.424,
            "label": "zebra",
            "left": 169.764,
            "top": 306.03197916666664,
            "width": 24.228
        },
        {
            "height": 53.456,
            "label": "zebra",
            "left": 402.36003125,
            "top": 318.83204166666667,
            "width": 62.016
        },
        {
            "height": 60.32,
            "label": "zebra",
            "left": 352.548,
            "top": 315.2,
            "width": 31.728
        },
        {
            "height": 55.936,
            "label": "zebra",
            "left": 89.004,
            "top": 321.568,
            "width": 59.46
        },
        {
            "height": 55.264,
            "label": "zebra",
            "left": 228.9,
            "top": 330.368,
            "width": 12.168
        },
        {
            "height": 39.39200260416667,
            "label": "zebra",
            "left": 156.0,
            "top": 324.09602083333334,
            "width": 17.448
        }
    ]
}