{
    "image_id": 129062,
    "seq": [
        {
            "height": 46.30312728881836,
            "label": "umbrella",
            "left": 423.1031188964844,
            "top": 283.5187683105469,
            "width": 127.23750305175781
        },
        {
            "height": 258.8812561035156,
            "label": "parking meter",
            "left": 0.0,
            "top": 185.89686584472656,
            "width": 105.16875457763672
        },
        {
            "height": 123.37500762939453,
            "label": "person",
            "left": 499.5468444824219,
            "top": 321.5718994140625,
            "width": 86.97187042236328
        },
        {
            "height": 50.821876525878906,
            "label": "dining table",
            "left": 404.1187438964844,
            "top": 399.17816162109375,
            "width": 76.65937805175781
        },
        {
            "height": 51.91875076293945,
            "label": "dining table",
            "left": 99.89063262939453,
            "top": 398.08123779296875,
            "width": 178.9031219482422
        },
        {
            "height": 56.4375,
            "label": "dining table",
            "left": 292.98748779296875,
            "top": 390.1031188964844,
            "width": 168.44061279296875
        },
        {
            "height": 42.740623474121094,
            "label": "parking meter",
            "left": 134.28750610351562,
            "top": 357.4593811035156,
            "width": 19.34062385559082
        }
    ]
}