{
    "image_id": 129054,
    "seq": [
        {
            "height": 63.875999450683594,
            "label": "zebra",
            "left": 506.73602294921875,
            "top": 239.96400451660156,
            "width": 31.968000411987305
        },
        {
            "height": 42.85200119018555,
            "label": "zebra",
            "left": 433.3680114746094,
            "top": 236.13600158691406,
            "width": 60.40800094604492
        },
        {
            "height": 55.36800003051758,
            "label": "zebra",
            "left": 370.32000732421875,
            "top": 229.41598510742188,
            "width": 42.5880012512207
        },
        {
            "height": 65.14800262451172,
            "label": "zebra",
            "left": 460.95599365234375,
            "top": 239.25601196289062,
            "width": 53.70000076293945
        },
        {
            "height": 54.57599639892578,
            "label": "zebra",
            "left": 304.8000183105469,
            "top": 232.46400451660156,
            "width": 51.49199676513672
        },
        {
            "height": 59.9640007019043,
            "label": "zebra",
            "left": 236.37600708007812,
            "top": 231.9600067138672,
            "width": 35.24399948120117
        },
        {
            "height": 33.20399856567383,
            "label": "zebra",
            "left": 211.22401428222656,
            "top": 237.239990234375,
            "width": 24.804000854492188
        },
        {
            "height": 62.56800079345703,
            "label": "zebra",
            "left": 170.364013671875,
            "top": 230.12400817871094,
            "width": 24.22800064086914
        },
        {
            "height": 40.092002868652344,
            "label": "zebra",
            "left": 402.9599914550781,
            "top": 239.7239990234375,
            "width": 62.01599884033203
        },
        {
            "height": 45.2400016784668,
            "label": "zebra",
            "left": 353.14801025390625,
            "top": 237.0,
            "width": 31.72800064086914
        },
        {
            "height": 41.951995849609375,
            "label": "zebra",
            "left": 89.60400390625,
            "top": 241.7760009765625,
            "width": 59.459999084472656
        },
        {
            "height": 41.448001861572266,
            "label": "zebra",
            "left": 229.5,
            "top": 248.37599182128906,
            "width": 12.168000221252441
        },
        {
            "height": 29.54400062561035,
            "label": "zebra",
            "left": 156.60000610351562,
            "top": 243.6719970703125,
            "width": 17.447999954223633
        }
    ]
}