{
    "image_id": 129062,
    "seq": [
        {
            "height": 61.7375,
            "label": "umbrella",
            "left": 422.634326171875,
            "top": 377.39996744791665,
            "width": 127.2375
        },
        {
            "height": 345.17503255208334,
            "label": "parking meter",
            "left": 0.0,
            "top": 247.23746744791666,
            "width": 105.16876220703125
        },
        {
            "height": 164.5,
            "label": "person",
            "left": 499.078125,
            "top": 428.1375,
            "width": 86.97186889648438
        },
        {
            "height": 67.7625,
            "label": "dining table",
            "left": 403.65,
            "top": 531.6125,
            "width": 76.65938110351563
        },
        {
            "height": 69.225,
            "label": "dining table",
            "left": 99.42186889648437,
            "top": 530.15,
            "width": 178.903125
        },
        {
            "height": 75.25,
            "label": "dining table",
            "left": 292.5187744140625,
            "top": 519.5125325520834,
            "width": 168.44061279296875
        },
        {
            "height": 56.9875,
            "label": "parking meter",
            "left": 133.81873779296876,
            "top": 475.9875,
            "width": 19.340623474121095
        }
    ]
}