{
    "image_id": 129416,
    "seq": [
        {
            "height": 56.128005208333335,
            "label": "cow",
            "left": 34.332,
            "top": 337.696,
            "width": 29.22
        },
        {
            "height": 50.11199479166667,
            "label": "cow",
            "left": 169.392,
            "top": 339.8719791666667,
            "width": 56.844
        },
        {
            "height": 41.12,
            "label": "cow",
            "left": 235.14,
            "top": 359.184,
            "width": 27.936
        },
        {
            "height": 62.92800520833333,
            "label": "cow",
            "left": 490.35596875,
            "top": 348.92797916666666,
            "width": 74.736
        },
        {
            "height": 37.824,
            "label": "cow",
            "left": 67.656,
            "top": 341.616,
            "width": 20.304
        },
        {
            "height": 35.472,
            "label": "cow",
            "left": 209.172,
            "top": 368.768,
            "width": 30.948001953125
        },
        {
            "height": 60.336,
            "label": "cow",
            "left": 98.9400078125,
            "top": 342.24002083333335,
            "width": 23.304
        },
        {
            "height": 28.064002604166667,
            "label": "cow",
            "left": 322.812,
            "top": 345.2639791666667,
            "width": 39.228
        },
        {
            "height": 54.896,
            "label": "cow",
            "left": 314.1,
            "top": 350.416,
            "width": 54.06
        }
    ]
}