{
    "image_id": 129492,
    "seq": [
        {
            "height": 376.0124816894531,
            "label": "person",
            "left": 146.96249389648438,
            "top": 71.9625015258789,
            "width": 298.9875183105469
        },
        {
            "height": 208.3125,
            "label": "person",
            "left": 308.4281005859375,
            "top": 134.49375915527344,
            "width": 160.78125
        },
        {
            "height": 173.9343719482422,
            "label": "person",
            "left": 243.7124786376953,
            "top": 2.0250000953674316,
            "width": 184.04063415527344
        },
        {
            "height": 29.128124237060547,
            "label": "remote",
            "left": 368.109375,
            "top": 255.8249969482422,
            "width": 43.81875228881836
        },
        {
            "height": 187.30313110351562,
            "label": "chair",
            "left": 198.5343780517578,
            "top": 0.0,
            "width": 247.1999969482422
        },
        {
            "height": 34.28437423706055,
            "label": "remote",
            "left": 346.2468566894531,
            "top": 351.046875,
            "width": 37.23750305175781
        },
        {
            "height": 54.65625,
            "label": "book",
            "left": 2.700000047683716,
            "top": 136.63125610351562,
            "width": 100.48125457763672
        },
        {
            "height": 40.43437576293945,
            "label": "book",
            "left": 0.22500000894069672,
            "top": 121.171875,
            "width": 80.859375
        },
        {
            "height": 43.696876525878906,
            "label": "book",
            "left": 0.0,
            "top": 114.84375,
            "width": 59.88750076293945
        }
    ]
}