{
    "image_id": 129416,
    "seq": [
        {
            "height": 42.09600067138672,
            "label": "cow",
            "left": 34.932003021240234,
            "top": 253.8719940185547,
            "width": 29.220001220703125
        },
        {
            "height": 37.58399963378906,
            "label": "cow",
            "left": 169.99200439453125,
            "top": 255.50399780273438,
            "width": 56.843997955322266
        },
        {
            "height": 30.840002059936523,
            "label": "cow",
            "left": 235.739990234375,
            "top": 269.9880065917969,
            "width": 27.93600082397461
        },
        {
            "height": 47.19600296020508,
            "label": "cow",
            "left": 490.95599365234375,
            "top": 262.2960205078125,
            "width": 74.73600006103516
        },
        {
            "height": 28.368000030517578,
            "label": "cow",
            "left": 68.2560043334961,
            "top": 256.81201171875,
            "width": 20.304000854492188
        },
        {
            "height": 26.604000091552734,
            "label": "cow",
            "left": 209.77198791503906,
            "top": 277.1759948730469,
            "width": 30.947999954223633
        },
        {
            "height": 45.25199890136719,
            "label": "cow",
            "left": 99.53999328613281,
            "top": 257.2799987792969,
            "width": 23.303998947143555
        },
        {
            "height": 21.04800033569336,
            "label": "cow",
            "left": 323.4119873046875,
            "top": 259.5480041503906,
            "width": 39.22800064086914
        },
        {
            "height": 41.172000885009766,
            "label": "cow",
            "left": 314.70001220703125,
            "top": 263.4119873046875,
            "width": 54.05999755859375
        }
    ]
}