{
    "image_id": 129492,
    "seq": [
        {
            "height": 501.34996744791664,
            "label": "person",
            "left": 146.49375,
            "top": 95.32501627604167,
            "width": 298.9875244140625
        },
        {
            "height": 277.75,
            "label": "person",
            "left": 307.959375,
            "top": 178.69998372395833,
            "width": 160.78125
        },
        {
            "height": 231.9125,
            "label": "person",
            "left": 243.243701171875,
            "top": 2.0750165303548176,
            "width": 184.040625
        },
        {
            "height": 38.8375,
            "label": "remote",
            "left": 367.640625,
            "top": 340.475,
            "width": 43.81875305175781
        },
        {
            "height": 249.73751627604167,
            "label": "chair",
            "left": 198.0656005859375,
            "top": 0.0,
            "width": 247.2
        },
        {
            "height": 45.7125,
            "label": "remote",
            "left": 345.7781005859375,
            "top": 467.4374674479167,
            "width": 37.2375
        },
        {
            "height": 72.875,
            "label": "book",
            "left": 2.231249237060547,
            "top": 181.550048828125,
            "width": 100.48125610351562
        },
        {
            "height": 53.9125,
            "label": "book",
            "left": 0.0,
            "top": 160.9375,
            "width": 80.859375
        },
        {
            "height": 58.2625,
            "label": "book",
            "left": 0.0,
            "top": 152.49998372395834,
            "width": 59.8875
        }
    ]
}