{
    "image_id": 1296,
    "seq": [
        {
            "height": 126.84375762939453,
            "label": "cell phone",
            "left": 280.7437438964844,
            "top": 134.4187469482422,
            "width": 67.23750305175781
        },
        {
            "height": 15.57187557220459,
            "label": "clock",
            "left": 348.30938720703125,
            "top": 382.7437438964844,
            "width": 16.434375762939453
        },
        {
            "height": 594.628173828125,
            "label": "person",
            "left": 6.712499618530273,
            "top": 1.4718750715255737,
            "width": 393.6000061035156
        },
        {
            "height": 199.9968719482422,
            "label": "person",
            "left": 246.2250213623047,
            "top": 23.73750114440918,
            "width": 137.77500915527344
        }
    ]
}