{
    "image_id": 1296,
    "seq": [
        {
            "height": 126.84375,
            "label": "cell phone",
            "left": 420.0843457259953,
            "top": 133.94998779296876,
            "width": 100.77751756440281
        },
        {
            "height": 15.571875,
            "label": "clock",
            "left": 521.3536299765808,
            "top": 382.2749755859375,
            "width": 24.63231850117096
        },
        {
            "height": 594.628125,
            "label": "person",
            "left": 9.358318963151346,
            "top": 1.003110408782959,
            "width": 589.9391466627635
        },
        {
            "height": 199.996875,
            "label": "person",
            "left": 368.34656762295083,
            "top": 23.268753051757812,
            "width": 206.50118925644028
        }
    ]
}