{
    "image_id": 129756,
    "seq": [
        {
            "height": 41.425,
            "label": "dog",
            "left": 57.45936889648438,
            "top": 405.375,
            "width": 57.459375
        },
        {
            "height": 31.524995930989583,
            "label": "dog",
            "left": 374.2312744140625,
            "top": 423.5625,
            "width": 32.878125
        },
        {
            "height": 108.7875,
            "label": "sheep",
            "left": 330.9093505859375,
            "top": 463.94996744791666,
            "width": 49.6875
        },
        {
            "height": 123.6125,
            "label": "sheep",
            "left": 405.5062255859375,
            "top": 461.6124674479167,
            "width": 45.196875
        },
        {
            "height": 172.4375,
            "label": "person",
            "left": 231.215625,
            "top": 270.51251627604165,
            "width": 57.290625
        },
        {
            "height": 84.425,
            "label": "sheep",
            "left": 516.299951171875,
            "top": 499.525,
            "width": 42.825
        },
        {
            "height": 94.2375,
            "label": "sheep",
            "left": 477.928173828125,
            "top": 490.0125,
            "width": 38.971875
        },
        {
            "height": 120.8125,
            "label": "sheep",
            "left": 449.521875,
            "top": 463.15,
            "width": 37.03125
        },
        {
            "height": 106.8125,
            "label": "sheep",
            "left": 369.65625,
            "top": 463.25,
            "width": 55.903131103515626
        }
    ]
}