{
    "image_id": 129756,
    "seq": [
        {
            "height": 31.068748474121094,
            "label": "dog",
            "left": 57.928123474121094,
            "top": 304.5,
            "width": 57.45937728881836
        },
        {
            "height": 23.643749237060547,
            "label": "dog",
            "left": 374.6999816894531,
            "top": 318.140625,
            "width": 32.87812423706055
        },
        {
            "height": 81.59062194824219,
            "label": "sheep",
            "left": 331.37811279296875,
            "top": 348.4312438964844,
            "width": 49.6875
        },
        {
            "height": 92.7093734741211,
            "label": "sheep",
            "left": 405.9750061035156,
            "top": 346.6781311035156,
            "width": 45.196876525878906
        },
        {
            "height": 129.328125,
            "label": "person",
            "left": 231.68438720703125,
            "top": 203.35311889648438,
            "width": 57.290626525878906
        },
        {
            "height": 63.31875228881836,
            "label": "sheep",
            "left": 516.7687377929688,
            "top": 375.1125183105469,
            "width": 42.82499694824219
        },
        {
            "height": 70.6781234741211,
            "label": "sheep",
            "left": 478.3968811035156,
            "top": 367.9781188964844,
            "width": 38.97187423706055
        },
        {
            "height": 90.609375,
            "label": "sheep",
            "left": 449.9906311035156,
            "top": 347.83123779296875,
            "width": 37.03125
        },
        {
            "height": 80.109375,
            "label": "sheep",
            "left": 370.125,
            "top": 347.90625,
            "width": 55.90312957763672
        }
    ]
}