{
    "image_id": 129945,
    "seq": [
        {
            "height": 171.8156280517578,
            "label": "person",
            "left": 132.88125610351562,
            "top": 48.384376525878906,
            "width": 153.0281219482422
        },
        {
            "height": 139.546875,
            "label": "person",
            "left": 419.32501220703125,
            "top": 76.85624694824219,
            "width": 158.42813110351562
        },
        {
            "height": 101.015625,
            "label": "person",
            "left": 298.0968933105469,
            "top": 112.5093765258789,
            "width": 130.5
        },
        {
            "height": 41.00625228881836,
            "label": "baseball bat",
            "left": 257.25,
            "top": 38.381248474121094,
            "width": 66.6468734741211
        },
        {
            "height": 21.299999237060547,
            "label": "baseball glove",
            "left": 298.5,
            "top": 160.0593719482422,
            "width": 25.171875
        }
    ]
}