{
    "image_id": 129945,
    "seq": [
        {
            "height": 343.6312255859375,
            "label": "person",
            "left": 132.41248779296876,
            "top": 95.83121337890626,
            "width": 153.028125
        },
        {
            "height": 279.09375,
            "label": "person",
            "left": 418.856298828125,
            "top": 152.77498779296874,
            "width": 158.428125
        },
        {
            "height": 202.03125,
            "label": "person",
            "left": 297.628125,
            "top": 224.0812744140625,
            "width": 130.5
        },
        {
            "height": 82.01250610351562,
            "label": "baseball bat",
            "left": 256.78125,
            "top": 75.82498168945312,
            "width": 66.64686889648438
        },
        {
            "height": 42.59999389648438,
            "label": "baseball glove",
            "left": 298.03125,
            "top": 319.1812744140625,
            "width": 25.171873474121092
        }
    ]
}