{
    "image_id": 130386,
    "seq": [
        {
            "height": 50.46,
            "label": "bicycle",
            "left": 432.288,
            "top": 546.108,
            "width": 41.328
        },
        {
            "height": 37.85999609375,
            "label": "car",
            "left": 273.92002083333335,
            "top": 523.63196875,
            "width": 87.472
        },
        {
            "height": 30.636,
            "label": "person",
            "left": 44.736,
            "top": 521.40003125,
            "width": 12.576
        },
        {
            "height": 27.444001953125,
            "label": "person",
            "left": 54.23999479166667,
            "top": 525.54,
            "width": 11.76
        },
        {
            "height": 23.028,
            "label": "bench",
            "left": 83.87200520833333,
            "top": 548.856,
            "width": 27.52
        },
        {
            "height": 45.336,
            "label": "person",
            "left": 73.61600520833333,
            "top": 554.0639375,
            "width": 57.808
        },
        {
            "height": 47.436,
            "label": "person",
            "left": 120.27201041666666,
            "top": 529.512,
            "width": 15.136
        },
        {
            "height": 20.688,
            "label": "person",
            "left": 346.0,
            "top": 510.3,
            "width": 13.888
        },
        {
            "height": 9.588,
            "label": "person",
            "left": 304.46402083333334,
            "top": 513.66003125,
            "width": 6.432
        },
        {
            "height": 46.764,
            "label": "bicycle",
            "left": 420.592,
            "top": 549.324,
            "width": 35.52
        },
        {
            "height": 32.304,
            "label": "bench",
            "left": 180.832,
            "top": 567.096,
            "width": 72.656
        },
        {
            "height": 45.924,
            "label": "bicycle",
            "left": 543.0880416666666,
            "top": 553.476,
            "width": 45.664
        }
    ]
}