{
    "image_id": 130386,
    "seq": [
        {
            "height": 50.459999084472656,
            "label": "bicycle",
            "left": 324.81597900390625,
            "top": 546.7080078125,
            "width": 30.996000289916992
        },
        {
            "height": 37.8599967956543,
            "label": "car",
            "left": 206.04000854492188,
            "top": 524.2319946289062,
            "width": 65.60399627685547
        },
        {
            "height": 30.636001586914062,
            "label": "person",
            "left": 34.152000427246094,
            "top": 522.0,
            "width": 9.432000160217285
        },
        {
            "height": 27.444000244140625,
            "label": "person",
            "left": 41.28000259399414,
            "top": 526.1400146484375,
            "width": 8.819999694824219
        },
        {
            "height": 23.027999877929688,
            "label": "bench",
            "left": 63.503997802734375,
            "top": 549.4559936523438,
            "width": 20.64000129699707
        },
        {
            "height": 45.33599853515625,
            "label": "person",
            "left": 55.8120002746582,
            "top": 554.6640014648438,
            "width": 43.35599899291992
        },
        {
            "height": 47.435997009277344,
            "label": "person",
            "left": 90.80399322509766,
            "top": 530.1119995117188,
            "width": 11.35200023651123
        },
        {
            "height": 20.687999725341797,
            "label": "person",
            "left": 260.1000061035156,
            "top": 510.8999938964844,
            "width": 10.416000366210938
        },
        {
            "height": 9.58799934387207,
            "label": "person",
            "left": 228.947998046875,
            "top": 514.2599487304688,
            "width": 4.823999881744385
        },
        {
            "height": 46.763999938964844,
            "label": "bicycle",
            "left": 316.04400634765625,
            "top": 549.9239501953125,
            "width": 26.64000129699707
        },
        {
            "height": 32.30400085449219,
            "label": "bench",
            "left": 136.2239990234375,
            "top": 567.6959838867188,
            "width": 54.492000579833984
        },
        {
            "height": 45.92399978637695,
            "label": "bicycle",
            "left": 407.9159851074219,
            "top": 554.0759887695312,
            "width": 34.24800109863281
        }
    ]
}