{
    "image_id": 130699,
    "seq": [
        {
            "height": 48.571876525878906,
            "label": "car",
            "left": 490.734375,
            "top": 225.34686279296875,
            "width": 33.96562576293945
        },
        {
            "height": 8.306249618530273,
            "label": "car",
            "left": 183.77813720703125,
            "top": 221.52186584472656,
            "width": 44.54062271118164
        },
        {
            "height": 84.0843734741211,
            "label": "person",
            "left": 244.70623779296875,
            "top": 215.49374389648438,
            "width": 35.27812576293945
        },
        {
            "height": 77.109375,
            "label": "person",
            "left": 78.1500015258789,
            "top": 213.90936279296875,
            "width": 32.42812728881836
        },
        {
            "height": 85.171875,
            "label": "person",
            "left": 341.390625,
            "top": 220.51873779296875,
            "width": 53.165626525878906
        },
        {
            "height": 108.28125,
            "label": "person",
            "left": 438.6843566894531,
            "top": 211.05938720703125,
            "width": 35.46562576293945
        },
        {
            "height": 42.84375,
            "label": "person",
            "left": 465.2718811035156,
            "top": 213.140625,
            "width": 21.224998474121094
        },
        {
            "height": 18.487499237060547,
            "label": "person",
            "left": 463.59375,
            "top": 49.18124771118164,
            "width": 11.606250762939453
        },
        {
            "height": 33.515625,
            "label": "car",
            "left": 409.8187561035156,
            "top": 240.11248779296875,
            "width": 16.640625
        },
        {
            "height": 40.359375,
            "label": "truck",
            "left": 177.7312469482422,
            "top": 26.568750381469727,
            "width": 194.671875
        },
        {
            "height": 8.306249618530273,
            "label": "frisbee",
            "left": 348.3656311035156,
            "top": 113.74687957763672,
            "width": 26.634376525878906
        },
        {
            "height": 127.47187805175781,
            "label": "person",
            "left": 564.75,
            "top": 240.9562530517578,
            "width": 35.249996185302734
        },
        {
            "height": 42.38437271118164,
            "label": "car",
            "left": 12.243749618530273,
            "top": 227.94374084472656,
            "width": 42.38437271118164
        },
        {
            "height": 9.271875381469727,
            "label": "car",
            "left": 534.3187255859375,
            "top": 59.634376525878906,
            "width": 45.984371185302734
        },
        {
            "height": 49.37812423706055,
            "label": "car",
            "left": 422.69061279296875,
            "top": 225.95626831054688,
            "width": 83.89686584472656
        },
        {
            "height": 18.131250381469727,
            "label": "car",
            "left": 529.6875,
            "top": 216.27188110351562,
            "width": 66.87187957763672
        },
        {
            "height": 25.134374618530273,
            "label": "car",
            "left": 357.5249938964844,
            "top": 230.48439025878906,
            "width": 38.98125076293945
        }
    ]
}