{
    "image_id": 130699,
    "seq": [
        {
            "height": 72.80093676814988,
            "label": "car",
            "left": 490.265625,
            "top": 337.05382757611244,
            "width": 33.965625
        },
        {
            "height": 12.449648711943794,
            "label": "car",
            "left": 183.30938720703125,
            "top": 331.3208430913349,
            "width": 44.54062194824219
        },
        {
            "height": 126.02810304449649,
            "label": "person",
            "left": 244.2375,
            "top": 322.2856776932084,
            "width": 35.278125
        },
        {
            "height": 115.57377049180327,
            "label": "person",
            "left": 77.68125,
            "top": 319.91100702576114,
            "width": 32.428125
        },
        {
            "height": 127.65807962529274,
            "label": "person",
            "left": 340.921875,
            "top": 329.817293618267,
            "width": 53.165625
        },
        {
            "height": 162.29508196721312,
            "label": "person",
            "left": 438.215625,
            "top": 315.63938085480095,
            "width": 35.46562805175781
        },
        {
            "height": 64.21545667447307,
            "label": "person",
            "left": 464.803125,
            "top": 318.75878220140515,
            "width": 21.225
        },
        {
            "height": 27.7096018735363,
            "label": "person",
            "left": 463.125,
            "top": 73.01171417593677,
            "width": 11.60625
        },
        {
            "height": 50.23419203747073,
            "label": "car",
            "left": 409.3500244140625,
            "top": 359.18497511709603,
            "width": 16.640625
        },
        {
            "height": 60.49180327868852,
            "label": "truck",
            "left": 177.26251220703125,
            "top": 39.11943336504684,
            "width": 194.671875
        },
        {
            "height": 12.449648711943794,
            "label": "frisbee",
            "left": 347.8968994140625,
            "top": 169.78454332552693,
            "width": 26.634375
        },
        {
            "height": 191.05854800936768,
            "label": "person",
            "left": 564.28125,
            "top": 360.4496487119438,
            "width": 35.25
        },
        {
            "height": 63.52693208430913,
            "label": "car",
            "left": 11.775000762939452,
            "top": 340.94617242388756,
            "width": 42.384375
        },
        {
            "height": 13.896955503512881,
            "label": "car",
            "left": 533.850048828125,
            "top": 88.67914776053864,
            "width": 45.984371948242185
        },
        {
            "height": 74.0093631074356,
            "label": "car",
            "left": 422.221826171875,
            "top": 337.9672131147541,
            "width": 83.89686279296875
        },
        {
            "height": 27.175644028103044,
            "label": "car",
            "left": 529.21875,
            "top": 323.4519906323185,
            "width": 66.871875
        },
        {
            "height": 37.67213114754098,
            "label": "car",
            "left": 357.0562744140625,
            "top": 344.75409836065575,
            "width": 38.98125305175781
        }
    ]
}