{
    "image_id": 130613,
    "seq": [
        {
            "height": 55.03058823529412,
            "label": "knife",
            "left": 121.65,
            "top": 7.482354664522059,
            "width": 172.03125
        },
        {
            "height": 162.35294117647058,
            "label": "carrot",
            "left": 406.40625,
            "top": 206.9223713235294,
            "width": 120.0
        },
        {
            "height": 283.7647058823529,
            "label": "carrot",
            "left": 562.96875,
            "top": 205.510625,
            "width": 34.6875
        },
        {
            "height": 73.34117647058824,
            "label": "fork",
            "left": 554.353173828125,
            "top": 475.44,
            "width": 45.178125
        },
        {
            "height": 70.41881893382353,
            "label": "dining table",
            "left": 220.2375244140625,
            "top": 0.66353515625,
            "width": 379.2937744140625
        }
    ]
}