{
    "image_id": 130613,
    "seq": [
        {
            "height": 36.54375076293945,
            "label": "knife",
            "left": 122.11874389648438,
            "top": 5.437500476837158,
            "width": 172.03125
        },
        {
            "height": 107.8125,
            "label": "carrot",
            "left": 406.875,
            "top": 137.8781280517578,
            "width": 120.0
        },
        {
            "height": 188.4375,
            "label": "carrot",
            "left": 563.4375,
            "top": 136.9406280517578,
            "width": 34.6875
        },
        {
            "height": 48.703125,
            "label": "fork",
            "left": 554.8218994140625,
            "top": 316.19061279296875,
            "width": 45.178123474121094
        },
        {
            "height": 46.76250076293945,
            "label": "dining table",
            "left": 220.7062530517578,
            "top": 0.909375011920929,
            "width": 379.29376220703125
        }
    ]
}