{
    "image_id": 130826,
    "seq": [
        {
            "height": 396.4031066894531,
            "label": "person",
            "left": 12.13124942779541,
            "top": 48.54375076293945,
            "width": 308.4281005859375
        },
        {
            "height": 172.921875,
            "label": "person",
            "left": 49.546875,
            "top": 4.040625095367432,
            "width": 94.04999542236328
        },
        {
            "height": 187.5,
            "label": "person",
            "left": 261.4875183105469,
            "top": 0.5062500238418579,
            "width": 103.37812042236328
        },
        {
            "height": 124.46249389648438,
            "label": "person",
            "left": 355.6875,
            "top": 0.0,
            "width": 79.38750457763672
        },
        {
            "height": 55.631248474121094,
            "label": "person",
            "left": 192.7781219482422,
            "top": 0.0,
            "width": 76.71562957763672
        },
        {
            "height": 387.1593933105469,
            "label": "person",
            "left": 195.609375,
            "top": 62.84062576293945,
            "width": 262.5
        },
        {
            "height": 293.2593688964844,
            "label": "bench",
            "left": 0.0,
            "top": 156.74063110351562,
            "width": 600.0
        },
        {
            "height": 93.33749389648438,
            "label": "handbag",
            "left": 345.76873779296875,
            "top": 295.04998779296875,
            "width": 105.16875457763672
        },
        {
            "height": 68.765625,
            "label": "handbag",
            "left": 54.30937576293945,
            "top": 1.8843750953674316,
            "width": 38.568748474121094
        }
    ]
}