{
    "image_id": 130826,
    "seq": [
        {
            "height": 528.5374348958334,
            "label": "person",
            "left": 11.662512969970702,
            "top": 64.10002848307292,
            "width": 308.428125
        },
        {
            "height": 230.5625,
            "label": "person",
            "left": 49.078131103515624,
            "top": 4.7625066121419275,
            "width": 94.04999389648438
        },
        {
            "height": 250.0,
            "label": "person",
            "left": 261.0187255859375,
            "top": 0.05002021789550781,
            "width": 103.378125
        },
        {
            "height": 165.95,
            "label": "person",
            "left": 355.21875,
            "top": 0.0,
            "width": 79.38750610351562
        },
        {
            "height": 74.175,
            "label": "person",
            "left": 192.30936279296876,
            "top": 0.0,
            "width": 76.715625
        },
        {
            "height": 516.2125,
            "label": "person",
            "left": 195.140625,
            "top": 83.16251627604167,
            "width": 262.5
        },
        {
            "height": 391.0125,
            "label": "bench",
            "left": 0.0,
            "top": 208.36251627604167,
            "width": 600.0
        },
        {
            "height": 124.45,
            "label": "handbag",
            "left": 345.3,
            "top": 392.77503255208336,
            "width": 105.16876220703125
        },
        {
            "height": 91.6875,
            "label": "handbag",
            "left": 53.840631103515626,
            "top": 1.8875062306722006,
            "width": 38.56875
        }
    ]
}