{
    "image_id": 131138,
    "seq": [
        {
            "height": 171.74063110351562,
            "label": "tv",
            "left": 141.4031219482422,
            "top": 112.85625457763672,
            "width": 157.546875
        },
        {
            "height": 53.671875,
            "label": "cup",
            "left": 210.1875,
            "top": 353.0343933105469,
            "width": 38.765621185302734
        },
        {
            "height": 26.849998474121094,
            "label": "spoon",
            "left": 123.0843734741211,
            "top": 360.5250244140625,
            "width": 37.28437423706055
        },
        {
            "height": 108.0562515258789,
            "label": "laptop",
            "left": 294.8062438964844,
            "top": 134.54061889648438,
            "width": 126.96562194824219
        },
        {
            "height": 73.8187484741211,
            "label": "keyboard",
            "left": 250.79063415527344,
            "top": 278.09063720703125,
            "width": 142.58436584472656
        },
        {
            "height": 106.40625,
            "label": "potted plant",
            "left": 117.421875,
            "top": 104.3062515258789,
            "width": 115.45313262939453
        },
        {
            "height": 17.737499237060547,
            "label": "keyboard",
            "left": 305.71875,
            "top": 207.5812530517578,
            "width": 91.171875
        },
        {
            "height": 19.659374237060547,
            "label": "person",
            "left": 501.4874572753906,
            "top": 111.7874984741211,
            "width": 20.353124618530273
        },
        {
            "height": 47.381248474121094,
            "label": "cup",
            "left": 118.21875,
            "top": 314.87811279296875,
            "width": 41.36249542236328
        },
        {
            "height": 52.303123474121094,
            "label": "cup",
            "left": 166.52813720703125,
            "top": 315.1405944824219,
            "width": 39.84375
        },
        {
            "height": 27.121875762939453,
            "label": "mouse",
            "left": 248.07186889648438,
            "top": 338.5406188964844,
            "width": 31.565624237060547
        }
    ]
}