{
    "image_id": 131138,
    "seq": [
        {
            "height": 228.9875,
            "label": "tv",
            "left": 140.93436279296876,
            "top": 149.84998372395833,
            "width": 157.546875
        },
        {
            "height": 71.5625,
            "label": "cup",
            "left": 209.71875,
            "top": 470.0875,
            "width": 38.765625
        },
        {
            "height": 35.8,
            "label": "spoon",
            "left": 122.61563720703126,
            "top": 480.0750325520833,
            "width": 37.284375
        },
        {
            "height": 144.075,
            "label": "laptop",
            "left": 294.3375,
            "top": 178.76253255208334,
            "width": 126.96561279296876
        },
        {
            "height": 98.425,
            "label": "keyboard",
            "left": 250.321875,
            "top": 370.1625,
            "width": 142.584375
        },
        {
            "height": 141.875,
            "label": "potted plant",
            "left": 116.95311279296875,
            "top": 138.45,
            "width": 115.45313720703125
        },
        {
            "height": 23.65,
            "label": "keyboard",
            "left": 305.25,
            "top": 276.15003255208336,
            "width": 91.171875
        },
        {
            "height": 26.2125,
            "label": "person",
            "left": 501.018798828125,
            "top": 148.425,
            "width": 20.353123474121094
        },
        {
            "height": 63.175,
            "label": "cup",
            "left": 117.75,
            "top": 419.21253255208336,
            "width": 41.362493896484374
        },
        {
            "height": 69.7375,
            "label": "cup",
            "left": 166.059375,
            "top": 419.5625,
            "width": 39.84375
        },
        {
            "height": 36.1625,
            "label": "mouse",
            "left": 247.6031494140625,
            "top": 450.76246744791666,
            "width": 31.56562194824219
        }
    ]
}