{
    "image_id": 131386,
    "seq": [
        {
            "height": 245.6768149882904,
            "label": "airplane",
            "left": 141.66563720703124,
            "top": 288.89926083138175,
            "width": 317.803125
        },
        {
            "height": 160.04683840749414,
            "label": "airplane",
            "left": 210.815625,
            "top": 268.4823990046838,
            "width": 302.0625
        },
        {
            "height": 232.0046838407494,
            "label": "airplane",
            "left": 353.6625244140625,
            "top": 261.9624926814988,
            "width": 216.7125
        },
        {
            "height": 211.68618266978922,
            "label": "airplane",
            "left": 479.90625,
            "top": 258.16858167447305,
            "width": 119.625
        }
    ]
}