{
    "image_id": 131386,
    "seq": [
        {
            "height": 163.91249084472656,
            "label": "airplane",
            "left": 142.13438415527344,
            "top": 193.21875,
            "width": 317.8031005859375
        },
        {
            "height": 106.78125,
            "label": "airplane",
            "left": 211.28436279296875,
            "top": 179.59689331054688,
            "width": 302.0625
        },
        {
            "height": 154.79061889648438,
            "label": "airplane",
            "left": 354.1312255859375,
            "top": 175.2468719482422,
            "width": 216.71250915527344
        },
        {
            "height": 141.234375,
            "label": "airplane",
            "left": 480.3750305175781,
            "top": 172.7156219482422,
            "width": 119.625
        }
    ]
}