{
    "image_id": 131556,
    "seq": [
        {
            "height": 38.671875,
            "label": "skis",
            "left": 122.33438110351562,
            "top": 255.16873168945312,
            "width": 298.5843505859375
        },
        {
            "height": 25.00312614440918,
            "label": "person",
            "left": 541.8187255859375,
            "top": 161.0625,
            "width": 9.796875
        },
        {
            "height": 25.040624618530273,
            "label": "person",
            "left": 512.3812255859375,
            "top": 165.80625915527344,
            "width": 11.212499618530273
        },
        {
            "height": 47.08125305175781,
            "label": "person",
            "left": 207.140625,
            "top": 206.2781219482422,
            "width": 21.834375381469727
        },
        {
            "height": 200.77500915527344,
            "label": "person",
            "left": 214.22811889648438,
            "top": 80.71875,
            "width": 354.9843444824219
        },
        {
            "height": 23.381250381469727,
            "label": "person",
            "left": 491.5218505859375,
            "top": 169.81875610351562,
            "width": 6.356250286102295
        }
    ]
}