{
    "image_id": 131556,
    "seq": [
        {
            "height": 58.23529411764706,
            "label": "skis",
            "left": 121.86561279296875,
            "top": 383.54823529411766,
            "width": 298.584375
        },
        {
            "height": 37.65176470588235,
            "label": "person",
            "left": 541.35,
            "top": 241.83529411764707,
            "width": 9.796875
        },
        {
            "height": 37.70823299632353,
            "label": "person",
            "left": 511.912548828125,
            "top": 248.97882352941176,
            "width": 11.2125
        },
        {
            "height": 70.89882352941177,
            "label": "person",
            "left": 206.671875,
            "top": 309.92470588235295,
            "width": 21.834376525878906
        },
        {
            "height": 302.3435294117647,
            "label": "person",
            "left": 213.7593505859375,
            "top": 120.84702205882353,
            "width": 354.9843505859375
        },
        {
            "height": 35.209409466911765,
            "label": "person",
            "left": 491.053125,
            "top": 255.02113970588235,
            "width": 6.356250381469726
        }
    ]
}