{
    "image_id": 13177,
    "seq": [
        {
            "height": 183.37501525878906,
            "label": "bicycle",
            "left": 253.0968780517578,
            "top": 2.793750047683716,
            "width": 104.17500305175781
        },
        {
            "height": 382.3218688964844,
            "label": "motorcycle",
            "left": 0.0,
            "top": 13.490625381469727,
            "width": 225.79689025878906
        },
        {
            "height": 329.55938720703125,
            "label": "person",
            "left": 282.9937438964844,
            "top": 57.318748474121094,
            "width": 294.6374816894531
        }
    ]
}