{
    "image_id": 13177,
    "seq": [
        {
            "height": 274.847775175644,
            "label": "bicycle",
            "left": 252.6281005859375,
            "top": 3.4847555048850993,
            "width": 104.175
        },
        {
            "height": 573.0351288056206,
            "label": "motorcycle",
            "left": 0.0,
            "top": 19.51760556937939,
            "width": 225.796875
        },
        {
            "height": 493.95316159250586,
            "label": "person",
            "left": 282.5249755859375,
            "top": 85.20841261709602,
            "width": 294.6375
        }
    ]
}