{
    "image_id": 132116,
    "seq": [
        {
            "height": 332.4313980800654,
            "label": "bowl",
            "left": 326.53921568627453,
            "top": 0.8627415077359069,
            "width": 270.2647314133987
        },
        {
            "height": 337.078431372549,
            "label": "bowl",
            "left": 0.49020051644518486,
            "top": 262.4313725490196,
            "width": 423.7352941176471
        },
        {
            "height": 211.38235294117646,
            "label": "broccoli",
            "left": 208.42156862745097,
            "top": 353.8627450980392,
            "width": 189.88232741013073
        },
        {
            "height": 128.64705882352942,
            "label": "broccoli",
            "left": 460.69607843137254,
            "top": 177.40196078431373,
            "width": 138.81372549019608
        },
        {
            "height": 142.58823529411765,
            "label": "broccoli",
            "left": 191.50980392156862,
            "top": 264.921568627451,
            "width": 163.76469311683007
        },
        {
            "height": 146.8235294117647,
            "label": "broccoli",
            "left": 328.45098039215685,
            "top": 64.45098039215686,
            "width": 152.47061376633988
        },
        {
            "height": 598.6470588235294,
            "label": "dining table",
            "left": 0.8627593595218035,
            "top": 0.8627593595218035,
            "width": 598.6470588235294
        },
        {
            "height": 67.52941176470588,
            "label": "broccoli",
            "left": 401.53921568627453,
            "top": 203.11763429330065,
            "width": 76.09803921568627
        }
    ]
}