{
    "image_id": 132116,
    "seq": [
        {
            "height": 332.4313659667969,
            "label": "bowl",
            "left": 327.0294189453125,
            "top": 1.3529411554336548,
            "width": 270.2647399902344
        },
        {
            "height": 337.07843017578125,
            "label": "bowl",
            "left": 0.9803921580314636,
            "top": 262.9215393066406,
            "width": 423.7352600097656
        },
        {
            "height": 211.38235473632812,
            "label": "broccoli",
            "left": 208.91175842285156,
            "top": 354.3529357910156,
            "width": 189.88233947753906
        },
        {
            "height": 128.64706420898438,
            "label": "broccoli",
            "left": 461.186279296875,
            "top": 177.89215087890625,
            "width": 138.813720703125
        },
        {
            "height": 142.58822631835938,
            "label": "broccoli",
            "left": 192.0,
            "top": 265.4117736816406,
            "width": 163.76470947265625
        },
        {
            "height": 146.82351684570312,
            "label": "broccoli",
            "left": 328.9411926269531,
            "top": 64.94117736816406,
            "width": 152.47059631347656
        },
        {
            "height": 598.6470336914062,
            "label": "dining table",
            "left": 1.3529411554336548,
            "top": 1.3529411554336548,
            "width": 598.6470336914062
        },
        {
            "height": 67.52941131591797,
            "label": "broccoli",
            "left": 402.0294189453125,
            "top": 203.6078338623047,
            "width": 76.0980453491211
        }
    ]
}