{
    "image_id": 132329,
    "seq": [
        {
            "height": 170.85000610351562,
            "label": "bottle",
            "left": 153.36561584472656,
            "top": 29.0625,
            "width": 48.43124771118164
        },
        {
            "height": 170.11874389648438,
            "label": "bottle",
            "left": 203.61563110351562,
            "top": 30.48750114440918,
            "width": 47.578125
        },
        {
            "height": 170.89688110351562,
            "label": "bottle",
            "left": 249.03750610351562,
            "top": 30.28125,
            "width": 52.5
        },
        {
            "height": 121.28437042236328,
            "label": "bottle",
            "left": 100.640625,
            "top": 80.09062957763672,
            "width": 50.32500076293945
        },
        {
            "height": 591.9093627929688,
            "label": "refrigerator",
            "left": 2.700000047683716,
            "top": 3.0374999046325684,
            "width": 396.67498779296875
        }
    ]
}