{
    "image_id": 132375,
    "seq": [
        {
            "height": 287.65,
            "label": "dining table",
            "left": 0.0,
            "top": 311.725,
            "width": 600.0
        },
        {
            "height": 43.95,
            "label": "bicycle",
            "left": 558.778173828125,
            "top": 41.86250406901042,
            "width": 40.753125
        },
        {
            "height": 24.4625,
            "label": "bicycle",
            "left": 463.903125,
            "top": 63.9,
            "width": 36.965625
        },
        {
            "height": 30.612497965494793,
            "label": "person",
            "left": 544.715576171875,
            "top": 53.82498372395833,
            "width": 15.140625
        },
        {
            "height": 27.03749796549479,
            "label": "person",
            "left": 534.65625,
            "top": 56.974995930989586,
            "width": 10.5375
        },
        {
            "height": 26.9,
            "label": "person",
            "left": 519.478125,
            "top": 61.86249593098958,
            "width": 20.175
        },
        {
            "height": 300.15,
            "label": "vase",
            "left": 308.934375,
            "top": 264.4125162760417,
            "width": 125.990625
        }
    ]
}