{
    "image_id": 132329,
    "seq": [
        {
            "height": 170.85,
            "label": "bottle",
            "left": 229.70422535211267,
            "top": 28.593753051757812,
            "width": 72.7605633802817
        },
        {
            "height": 170.11873779296874,
            "label": "bottle",
            "left": 305.1972014377934,
            "top": 30.01874694824219,
            "width": 71.47887323943662
        },
        {
            "height": 170.89688720703126,
            "label": "bottle",
            "left": 373.4366563967136,
            "top": 29.812503051757812,
            "width": 78.87323943661971
        },
        {
            "height": 121.284375,
            "label": "bottle",
            "left": 150.4929669160798,
            "top": 79.62188110351562,
            "width": 75.6056338028169
        },
        {
            "height": 591.909375,
            "label": "refrigerator",
            "left": 3.3521249977076,
            "top": 2.5687335968017577,
            "width": 595.943661971831
        }
    ]
}