{
    "image_id": 132375,
    "seq": [
        {
            "height": 215.73748779296875,
            "label": "dining table",
            "left": 0.0,
            "top": 234.26251220703125,
            "width": 600.0
        },
        {
            "height": 32.962501525878906,
            "label": "bicycle",
            "left": 559.2468872070312,
            "top": 31.86562728881836,
            "width": 40.75312805175781
        },
        {
            "height": 18.346874237060547,
            "label": "bicycle",
            "left": 464.3718566894531,
            "top": 48.39374542236328,
            "width": 36.96562576293945
        },
        {
            "height": 22.959373474121094,
            "label": "person",
            "left": 545.1843872070312,
            "top": 40.83749771118164,
            "width": 15.140625
        },
        {
            "height": 20.27812385559082,
            "label": "person",
            "left": 535.125,
            "top": 43.20000076293945,
            "width": 10.53749942779541
        },
        {
            "height": 20.174999237060547,
            "label": "person",
            "left": 519.9468383789062,
            "top": 46.86562728881836,
            "width": 20.174999237060547
        },
        {
            "height": 225.11248779296875,
            "label": "vase",
            "left": 309.4031066894531,
            "top": 198.7781219482422,
            "width": 125.9906234741211
        }
    ]
}