{
    "image_id": 132408,
    "seq": [
        {
            "height": 228.4687255859375,
            "label": "horse",
            "left": 324.86713286713285,
            "top": 222.2062744140625,
            "width": 163.8181636072261
        },
        {
            "height": 207.8531494140625,
            "label": "horse",
            "left": 177.93006993006992,
            "top": 239.671875,
            "width": 145.98601398601397
        },
        {
            "height": 134.278125,
            "label": "person",
            "left": 43.1748297275641,
            "top": 277.4250244140625,
            "width": 90.8951048951049
        },
        {
            "height": 53.94375,
            "label": "person",
            "left": 551.93006993007,
            "top": 285.20625,
            "width": 29.73426345789627
        },
        {
            "height": 41.925,
            "label": "horse",
            "left": 508.7692671911422,
            "top": 289.1531494140625,
            "width": 83.24475524475524
        },
        {
            "height": 61.621881103515626,
            "label": "person",
            "left": 587.7622377622378,
            "top": 300.3656494140625,
            "width": 11.538461538461538
        }
    ]
}