{
    "image_id": 132408,
    "seq": [
        {
            "height": 228.46873474121094,
            "label": "horse",
            "left": 218.2312469482422,
            "top": 222.6750030517578,
            "width": 109.80937194824219
        },
        {
            "height": 207.85313415527344,
            "label": "horse",
            "left": 119.73750305175781,
            "top": 240.140625,
            "width": 97.85624694824219
        },
        {
            "height": 134.2781219482422,
            "label": "person",
            "left": 29.40937614440918,
            "top": 277.8937683105469,
            "width": 60.92811965942383
        },
        {
            "height": 53.94375228881836,
            "label": "person",
            "left": 370.43438720703125,
            "top": 285.67498779296875,
            "width": 19.931249618530273
        },
        {
            "height": 41.92500305175781,
            "label": "horse",
            "left": 341.50311279296875,
            "top": 289.6218566894531,
            "width": 55.80000305175781
        },
        {
            "height": 61.62187957763672,
            "label": "person",
            "left": 394.453125,
            "top": 300.8343811035156,
            "width": 7.734375
        }
    ]
}