{
    "image_id": 132544,
    "seq": [
        {
            "height": 97.15312194824219,
            "label": "umbrella",
            "left": 268.078125,
            "top": 66.2906265258789,
            "width": 160.125
        },
        {
            "height": 18.73124885559082,
            "label": "sports ball",
            "left": 331.5656433105469,
            "top": 220.9968719482422,
            "width": 18.618751525878906
        },
        {
            "height": 194.77499389648438,
            "label": "car",
            "left": 0.9000000357627869,
            "top": 103.171875,
            "width": 287.22186279296875
        },
        {
            "height": 26.765625,
            "label": "baseball bat",
            "left": 356.25,
            "top": 181.828125,
            "width": 98.85000610351562
        },
        {
            "height": 188.91561889648438,
            "label": "person",
            "left": 313.0500183105469,
            "top": 139.4343719482422,
            "width": 119.64375305175781
        },
        {
            "height": 269.1187438964844,
            "label": "person",
            "left": 451.4718933105469,
            "top": 69.9375,
            "width": 111.6187515258789
        },
        {
            "height": 100.453125,
            "label": "person",
            "left": 286.875,
            "top": 138.5343780517578,
            "width": 67.2562484741211
        },
        {
            "height": 44.0625,
            "label": "baseball glove",
            "left": 345.6656188964844,
            "top": 205.94998168945312,
            "width": 46.00312423706055
        },
        {
            "height": 188.91561889648438,
            "label": "person",
            "left": 409.00311279296875,
            "top": 76.22811889648438,
            "width": 87.26250457763672
        },
        {
            "height": 104.37187957763672,
            "label": "person",
            "left": 540.1781005859375,
            "top": 0.0,
            "width": 59.821876525878906
        },
        {
            "height": 54.73125457763672,
            "label": "person",
            "left": 225.55313110351562,
            "top": 183.94688415527344,
            "width": 54.375
        },
        {
            "height": 134.953125,
            "label": "person",
            "left": 559.0499877929688,
            "top": 88.4625015258789,
            "width": 40.724998474121094
        },
        {
            "height": 54.17812728881836,
            "label": "person",
            "left": 263.8687438964844,
            "top": 185.00624084472656,
            "width": 30.91874885559082
        },
        {
            "height": 333.8905944824219,
            "label": "person",
            "left": 15.262499809265137,
            "top": 9.065625190734863,
            "width": 155.2781219482422
        },
        {
            "height": 166.078125,
            "label": "person",
            "left": 548.4000244140625,
            "top": 58.33125305175781,
            "width": 31.087499618530273
        }
    ]
}