{
    "image_id": 132544,
    "seq": [
        {
            "height": 145.61592505854802,
            "label": "umbrella",
            "left": 267.6093505859375,
            "top": 98.6557194086651,
            "width": 160.125
        },
        {
            "height": 28.074941451990632,
            "label": "sports ball",
            "left": 331.0968994140625,
            "top": 330.5339212529274,
            "width": 18.61875
        },
        {
            "height": 291.9344262295082,
            "label": "car",
            "left": 0.4312544822692871,
            "top": 153.93438963700234,
            "width": 287.221875
        },
        {
            "height": 40.11709601873536,
            "label": "baseball bat",
            "left": 355.78125,
            "top": 271.8267344847775,
            "width": 98.85
        },
        {
            "height": 283.152224824356,
            "label": "person",
            "left": 312.5812255859375,
            "top": 208.28567769320844,
            "width": 119.64375
        },
        {
            "height": 403.3629976580796,
            "label": "person",
            "left": 451.003125,
            "top": 104.12177985948477,
            "width": 111.61875
        },
        {
            "height": 150.56206088992974,
            "label": "person",
            "left": 286.40625,
            "top": 206.93674985362998,
            "width": 67.25625
        },
        {
            "height": 66.04215456674473,
            "label": "baseball glove",
            "left": 345.196875,
            "top": 307.98126463700237,
            "width": 46.003125
        },
        {
            "height": 283.152224824356,
            "label": "person",
            "left": 408.534375,
            "top": 113.55036958430914,
            "width": 87.2625
        },
        {
            "height": 156.43559718969556,
            "label": "person",
            "left": 539.709375,
            "top": 0.0,
            "width": 59.821875
        },
        {
            "height": 82.03279603337236,
            "label": "person",
            "left": 225.084375,
            "top": 275.0023602166276,
            "width": 54.375
        },
        {
            "height": 202.27166276346605,
            "label": "person",
            "left": 558.58125,
            "top": 131.8875786738876,
            "width": 40.725
        },
        {
            "height": 81.20374707259953,
            "label": "person",
            "left": 263.4000244140625,
            "top": 276.5901090456675,
            "width": 30.91875
        },
        {
            "height": 500.4449282786885,
            "label": "person",
            "left": 14.79375,
            "top": 12.885232179449648,
            "width": 155.278125
        },
        {
            "height": 248.92271662763466,
            "label": "person",
            "left": 547.931201171875,
            "top": 86.72602276053864,
            "width": 31.0875
        }
    ]
}