{
    "image_id": 132587,
    "seq": [
        {
            "height": 81.4124984741211,
            "label": "bottle",
            "left": 268.2750244140625,
            "top": 186.89064025878906,
            "width": 33.35625076293945
        },
        {
            "height": 364.0406494140625,
            "label": "person",
            "left": 13.453125953674316,
            "top": 15.656250953674316,
            "width": 279.35626220703125
        },
        {
            "height": 66.1312484741211,
            "label": "person",
            "left": 471.1781005859375,
            "top": 0.0,
            "width": 39.46875
        },
        {
            "height": 78.9749984741211,
            "label": "person",
            "left": 292.7718811035156,
            "top": 0.375,
            "width": 52.04999923706055
        },
        {
            "height": 28.181249618530273,
            "label": "person",
            "left": 0.0,
            "top": 119.11874389648438,
            "width": 15.421875953674316
        },
        {
            "height": 13.621874809265137,
            "label": "bird",
            "left": 0.0,
            "top": 68.8968734741211,
            "width": 12.196874618530273
        },
        {
            "height": 42.984375,
            "label": "person",
            "left": 231.0,
            "top": 0.0,
            "width": 39.01874542236328
        },
        {
            "height": 272.3531188964844,
            "label": "bench",
            "left": 247.3406219482422,
            "top": 126.08438110351562,
            "width": 352.6593933105469
        },
        {
            "height": 16.40625,
            "label": "bottle",
            "left": 156.6374969482422,
            "top": 261.0375061035156,
            "width": 12.421875
        },
        {
            "height": 32.87812423706055,
            "label": "person",
            "left": 218.05311584472656,
            "top": 0.4312500059604645,
            "width": 30.796873092651367
        }
    ]
}