{
    "image_id": 132587,
    "seq": [
        {
            "height": 122.59763786764705,
            "label": "bottle",
            "left": 267.80625,
            "top": 280.729375,
            "width": 33.35625305175781
        },
        {
            "height": 548.2023529411765,
            "label": "person",
            "left": 12.984376525878906,
            "top": 22.870572150735295,
            "width": 279.35625
        },
        {
            "height": 99.58588235294117,
            "label": "person",
            "left": 470.709423828125,
            "top": 0.0,
            "width": 39.46875
        },
        {
            "height": 118.9270588235294,
            "label": "person",
            "left": 292.3031005859375,
            "top": 0.0,
            "width": 52.05
        },
        {
            "height": 42.43764705882353,
            "label": "person",
            "left": 0.0,
            "top": 178.6729411764706,
            "width": 15.421875
        },
        {
            "height": 20.512941176470587,
            "label": "bird",
            "left": 0.0,
            "top": 103.04472426470588,
            "width": 12.196875
        },
        {
            "height": 64.72941176470589,
            "label": "person",
            "left": 230.53125,
            "top": 0.0,
            "width": 39.018743896484374
        },
        {
            "height": 410.13176470588235,
            "label": "bench",
            "left": 246.8718994140625,
            "top": 189.16233455882352,
            "width": 352.6593994140625
        },
        {
            "height": 24.705882352941178,
            "label": "bottle",
            "left": 156.16873779296876,
            "top": 392.38588235294117,
            "width": 12.421875
        },
        {
            "height": 49.510588235294115,
            "label": "person",
            "left": 217.584375,
            "top": 0.0,
            "width": 30.796875
        }
    ]
}