{
    "image_id": 132796,
    "seq": [
        {
            "height": 102.7406234741211,
            "label": "chair",
            "left": 44.671878814697266,
            "top": 217.1999969482422,
            "width": 97.38749694824219
        },
        {
            "height": 310.97808837890625,
            "label": "person",
            "left": 272.6437683105469,
            "top": 63.90000534057617,
            "width": 105.4312515258789
        },
        {
            "height": 173.21249389648438,
            "label": "person",
            "left": 376.0406188964844,
            "top": 57.49687957763672,
            "width": 138.2062530517578
        },
        {
            "height": 173.109375,
            "label": "person",
            "left": 0.0,
            "top": 136.546875,
            "width": 138.03750610351562
        },
        {
            "height": 125.64375305175781,
            "label": "bench",
            "left": 382.875,
            "top": 131.0625,
            "width": 161.5500030517578
        },
        {
            "height": 103.2093734741211,
            "label": "bench",
            "left": 34.99687576293945,
            "top": 215.390625,
            "width": 114.8812484741211
        },
        {
            "height": 218.9812469482422,
            "label": "elephant",
            "left": 137.3156280517578,
            "top": 174.73126220703125,
            "width": 462.68438720703125
        },
        {
            "height": 91.5374984741211,
            "label": "elephant",
            "left": 1.790624976158142,
            "top": 302.1750183105469,
            "width": 155.2687530517578
        },
        {
            "height": 66.35624694824219,
            "label": "backpack",
            "left": 412.125,
            "top": 98.23124694824219,
            "width": 63.81562805175781
        }
    ]
}