{
    "image_id": 132796,
    "seq": [
        {
            "height": 154.35211267605635,
            "label": "chair",
            "left": 44.203121948242185,
            "top": 325.60567048122067,
            "width": 97.3875
        },
        {
            "height": 467.19710974178406,
            "label": "person",
            "left": 272.1749755859375,
            "top": 95.29582966549296,
            "width": 105.43126220703125
        },
        {
            "height": 260.22535211267603,
            "label": "person",
            "left": 375.5718505859375,
            "top": 85.6760655076291,
            "width": 138.20625
        },
        {
            "height": 260.07042253521126,
            "label": "person",
            "left": 0.0,
            "top": 204.43661971830986,
            "width": 138.0375
        },
        {
            "height": 188.7605633802817,
            "label": "bench",
            "left": 382.40625,
            "top": 196.19716475938966,
            "width": 161.55001220703124
        },
        {
            "height": 155.05633802816902,
            "label": "bench",
            "left": 34.52811889648437,
            "top": 322.8873606220657,
            "width": 114.88123779296875
        },
        {
            "height": 328.98591549295776,
            "label": "elephant",
            "left": 136.84686279296875,
            "top": 261.80281690140845,
            "width": 462.684375
        },
        {
            "height": 137.5211267605634,
            "label": "elephant",
            "left": 1.321873092651367,
            "top": 453.2676056338028,
            "width": 155.26875
        },
        {
            "height": 99.69014084507042,
            "label": "backpack",
            "left": 411.65625,
            "top": 146.87324860622067,
            "width": 63.815625
        }
    ]
}