{
    "image_id": 13291,
    "seq": [
        {
            "height": 289.8805970149254,
            "label": "person",
            "left": 345.39603125,
            "top": 247.28952891791045,
            "width": 252.936
        },
        {
            "height": 263.4985074626866,
            "label": "person",
            "left": 285.276,
            "top": 241.665625,
            "width": 96.972
        },
        {
            "height": 416.63283582089554,
            "label": "person",
            "left": 49.07999609375,
            "top": 117.76118236940299,
            "width": 149.964
        },
        {
            "height": 76.02985074626865,
            "label": "frisbee",
            "left": 107.532,
            "top": 271.2537080223881,
            "width": 55.044
        },
        {
            "height": 63.88656133395522,
            "label": "frisbee",
            "left": 260.436,
            "top": 331.05669309701494,
            "width": 39.684
        },
        {
            "height": 65.44477611940299,
            "label": "frisbee",
            "left": 218.67596875,
            "top": 349.75522388059704,
            "width": 39.672
        },
        {
            "height": 73.16417910447761,
            "label": "frisbee",
            "left": 302.292,
            "top": 295.75522388059704,
            "width": 50.664
        },
        {
            "height": 233.76716417910447,
            "label": "person",
            "left": 190.476,
            "top": 243.77908115671642,
            "width": 102.336
        }
    ]
}