{
    "image_id": 13291,
    "seq": [
        {
            "height": 194.22000122070312,
            "label": "person",
            "left": 345.9959716796875,
            "top": 166.2840118408203,
            "width": 252.9359893798828
        },
        {
            "height": 176.54400634765625,
            "label": "person",
            "left": 285.8759765625,
            "top": 162.5159912109375,
            "width": 96.97199249267578
        },
        {
            "height": 279.1440124511719,
            "label": "person",
            "left": 49.68000030517578,
            "top": 79.49999237060547,
            "width": 149.96400451660156
        },
        {
            "height": 50.939998626708984,
            "label": "frisbee",
            "left": 108.13200378417969,
            "top": 182.33999633789062,
            "width": 55.04399871826172
        },
        {
            "height": 42.80399703979492,
            "label": "frisbee",
            "left": 261.0360107421875,
            "top": 222.4080047607422,
            "width": 39.683998107910156
        },
        {
            "height": 43.84800338745117,
            "label": "frisbee",
            "left": 219.27598571777344,
            "top": 234.9359893798828,
            "width": 39.67200469970703
        },
        {
            "height": 49.019996643066406,
            "label": "frisbee",
            "left": 302.8919982910156,
            "top": 198.75599670410156,
            "width": 50.66400146484375
        },
        {
            "height": 156.62400817871094,
            "label": "person",
            "left": 191.07598876953125,
            "top": 163.9320068359375,
            "width": 102.33599853515625
        }
    ]
}