{
    "image_id": 132931,
    "seq": [
        {
            "height": 274.6499938964844,
            "label": "person",
            "left": 297.9937438964844,
            "top": 60.243751525878906,
            "width": 122.9625015258789
        },
        {
            "height": 213.2062530517578,
            "label": "person",
            "left": 160.125,
            "top": 95.35311889648438,
            "width": 75.56249237060547
        },
        {
            "height": 28.678125381469727,
            "label": "baseball glove",
            "left": 165.74061584472656,
            "top": 170.3156280517578,
            "width": 27.121875762939453
        }
    ]
}