{
    "image_id": 132931,
    "seq": [
        {
            "height": 411.6533957845433,
            "label": "person",
            "left": 297.5249755859375,
            "top": 89.59247841042155,
            "width": 122.9625
        },
        {
            "height": 319.5597555620609,
            "label": "person",
            "left": 159.65626220703126,
            "top": 142.2154475263466,
            "width": 75.56249389648437
        },
        {
            "height": 42.98360655737705,
            "label": "baseball glove",
            "left": 165.27188720703126,
            "top": 254.57141027517565,
            "width": 27.121875
        }
    ]
}