{
    "image_id": 133000,
    "seq": [
        {
            "height": 326.2903981264637,
            "label": "train",
            "left": 64.30313720703126,
            "top": 243.34424399882903,
            "width": 499.265625
        },
        {
            "height": 26.065573770491802,
            "label": "person",
            "left": 155.92501220703124,
            "top": 356.5011709601874,
            "width": 16.5375
        },
        {
            "height": 23.030444964871194,
            "label": "person",
            "left": 93.06561889648438,
            "top": 347.6768149882904,
            "width": 19.021876525878906
        }
    ]
}