{
    "image_id": 133000,
    "seq": [
        {
            "height": 217.69688415527344,
            "label": "train",
            "left": 64.7718734741211,
            "top": 162.8249969482422,
            "width": 499.2655944824219
        },
        {
            "height": 17.390625,
            "label": "person",
            "left": 156.3937530517578,
            "top": 238.32188415527344,
            "width": 16.537498474121094
        },
        {
            "height": 15.36562442779541,
            "label": "person",
            "left": 93.53437042236328,
            "top": 232.4343719482422,
            "width": 19.021875381469727
        }
    ]
}