{
    "image_id": 133087,
    "seq": [
        {
            "height": 89.203125,
            "label": "traffic light",
            "left": 444.88128662109375,
            "top": 62.568748474121094,
            "width": 36.73125076293945
        },
        {
            "height": 57.562503814697266,
            "label": "traffic light",
            "left": 142.06874084472656,
            "top": 122.40938568115234,
            "width": 24.056249618530273
        },
        {
            "height": 57.39375305175781,
            "label": "traffic light",
            "left": 88.62187194824219,
            "top": 122.73750305175781,
            "width": 26.240625381469727
        },
        {
            "height": 53.51250076293945,
            "label": "traffic light",
            "left": 410.13751220703125,
            "top": 69.87187194824219,
            "width": 26.099998474121094
        }
    ]
}