{
    "image_id": 133087,
    "seq": [
        {
            "height": 133.07692307692307,
            "label": "traffic light",
            "left": 444.4125,
            "top": 92.64332932692308,
            "width": 36.73125
        },
        {
            "height": 85.87412587412588,
            "label": "traffic light",
            "left": 141.59998779296876,
            "top": 181.9160474941725,
            "width": 24.05625
        },
        {
            "height": 85.62237762237763,
            "label": "traffic light",
            "left": 88.153125,
            "top": 182.40557619463868,
            "width": 26.240625
        },
        {
            "height": 79.83216783216783,
            "label": "traffic light",
            "left": 409.66875,
            "top": 103.53846153846153,
            "width": 26.1
        }
    ]
}