{
    "image_id": 133233,
    "seq": [
        {
            "height": 63.75623268698061,
            "label": "boat",
            "left": 233.9812255859375,
            "top": 394.53739612188366,
            "width": 71.428125
        },
        {
            "height": 35.285318559556785,
            "label": "boat",
            "left": 206.56875,
            "top": 377.8504587950139,
            "width": 22.425
        },
        {
            "height": 18.066481994459835,
            "label": "boat",
            "left": 410.8125,
            "top": 383.9002337257618,
            "width": 38.315625
        },
        {
            "height": 19.313018038002078,
            "label": "boat",
            "left": 154.1625,
            "top": 365.002813365651,
            "width": 14.203125
        },
        {
            "height": 19.49584352276662,
            "label": "boat",
            "left": 371.5312744140625,
            "top": 376.6536963296399,
            "width": 34.640625
        },
        {
            "height": 69.07479224376732,
            "label": "boat",
            "left": 336.8343505859375,
            "top": 335.0194338642659,
            "width": 42.31875
        },
        {
            "height": 38.626036076004155,
            "label": "boat",
            "left": 384.9468505859375,
            "top": 338.47641101108036,
            "width": 83.390625
        },
        {
            "height": 16.81994459833795,
            "label": "boat",
            "left": 199.125,
            "top": 358.703579466759,
            "width": 18.0375
        },
        {
            "height": 149.65095870844874,
            "label": "boat",
            "left": 472.78125,
            "top": 274.6038781163435,
            "width": 122.8125
        },
        {
            "height": 22.28808864265928,
            "label": "boat",
            "left": 365.45625,
            "top": 395.9501385041551,
            "width": 36.08437805175781
        },
        {
            "height": 22.803324099722992,
            "label": "boat",
            "left": 390.665625,
            "top": 369.00835353185596,
            "width": 27.84375
        },
        {
            "height": 33.52354570637119,
            "label": "boat",
            "left": 59.90625,
            "top": 344.79224376731304,
            "width": 27.675
        },
        {
            "height": 43.89473684210526,
            "label": "boat",
            "left": 122.34375,
            "top": 360.914149065097,
            "width": 29.437496948242188
        }
    ]
}