{
    "image_id": 133244,
    "seq": [
        {
            "height": 64.52812957763672,
            "label": "chair",
            "left": 344.4937438964844,
            "top": 110.68124389648438,
            "width": 61.56562423706055
        },
        {
            "height": 57.21562194824219,
            "label": "chair",
            "left": 204.70314025878906,
            "top": 68.93437194824219,
            "width": 57.759376525878906
        },
        {
            "height": 49.087501525878906,
            "label": "tennis racket",
            "left": 226.453125,
            "top": 205.0124969482422,
            "width": 21.065624237060547
        },
        {
            "height": 191.36248779296875,
            "label": "person",
            "left": 186.87188720703125,
            "top": 100.47187805175781,
            "width": 117.1031265258789
        },
        {
            "height": 42.57187271118164,
            "label": "person",
            "left": 356.7281494140625,
            "top": 35.59687805175781,
            "width": 33.384376525878906
        },
        {
            "height": 44.193748474121094,
            "label": "person",
            "left": 98.6812515258789,
            "top": 33.25312805175781,
            "width": 43.62187194824219
        },
        {
            "height": 68.0625,
            "label": "person",
            "left": 129.5625,
            "top": 5.296875,
            "width": 36.82500076293945
        },
        {
            "height": 48.15937423706055,
            "label": "person",
            "left": 461.5500183105469,
            "top": 30.22500228881836,
            "width": 51.68437576293945
        },
        {
            "height": 45.375,
            "label": "person",
            "left": 278.9812316894531,
            "top": 32.109375,
            "width": 34.03125
        },
        {
            "height": 41.775001525878906,
            "label": "person",
            "left": 391.20001220703125,
            "top": 35.775001525878906,
            "width": 37.05937194824219
        },
        {
            "height": 52.181251525878906,
            "label": "person",
            "left": 304.70623779296875,
            "top": 12.065624237060547,
            "width": 33.5625
        },
        {
            "height": 31.509376525878906,
            "label": "person",
            "left": 310.34063720703125,
            "top": 46.29375076293945,
            "width": 28.987499237060547
        },
        {
            "height": 45.375,
            "label": "person",
            "left": 69.58125305175781,
            "top": 33.28125,
            "width": 36.30000305175781
        },
        {
            "height": 67.95000457763672,
            "label": "person",
            "left": 509.7749938964844,
            "top": 122.9156265258789,
            "width": 59.16562271118164
        },
        {
            "height": 45.056251525878906,
            "label": "person",
            "left": 430.59375,
            "top": 32.98125076293945,
            "width": 37.80937576293945
        },
        {
            "height": 85.06874084472656,
            "label": "chair",
            "left": 393.1968994140625,
            "top": 90.67500305175781,
            "width": 61.51875305175781
        },
        {
            "height": 53.89687728881836,
            "label": "chair",
            "left": 174.78750610351562,
            "top": 19.649999618530273,
            "width": 22.125001907348633
        },
        {
            "height": 20.40937614440918,
            "label": "chair",
            "left": 220.19061279296875,
            "top": 51.881248474121094,
            "width": 40.81875228881836
        },
        {
            "height": 43.57499694824219,
            "label": "person",
            "left": 240.88125610351562,
            "top": 36.30000305175781,
            "width": 38.015625
        },
        {
            "height": 15.431249618530273,
            "label": "bottle",
            "left": 412.3968811035156,
            "top": 160.49998474121094,
            "width": 6.965624809265137
        }
    ]
}