{
    "image_id": 133244,
    "seq": [
        {
            "height": 115.03621169916434,
            "label": "chair",
            "left": 344.025,
            "top": 196.4791086350975,
            "width": 61.565625
        },
        {
            "height": 102.0,
            "label": "chair",
            "left": 204.23436279296874,
            "top": 122.05574294916434,
            "width": 57.759375
        },
        {
            "height": 87.50974930362116,
            "label": "tennis racket",
            "left": 225.984375,
            "top": 364.6462177924791,
            "width": 21.065625
        },
        {
            "height": 341.1476323119777,
            "label": "person",
            "left": 186.403125,
            "top": 178.27855153203342,
            "width": 117.103125
        },
        {
            "height": 75.8941504178273,
            "label": "person",
            "left": 356.259375,
            "top": 62.62396631267409,
            "width": 33.384375
        },
        {
            "height": 78.78551532033426,
            "label": "person",
            "left": 98.21249389648438,
            "top": 58.44572053447075,
            "width": 43.621875
        },
        {
            "height": 121.33704735376044,
            "label": "person",
            "left": 129.09375,
            "top": 8.607290623911908,
            "width": 36.825
        },
        {
            "height": 85.85515864380223,
            "label": "person",
            "left": 461.08125,
            "top": 53.04733199860724,
            "width": 51.684375
        },
        {
            "height": 80.89136490250696,
            "label": "person",
            "left": 278.5125244140625,
            "top": 56.40669067722841,
            "width": 34.03125
        },
        {
            "height": 74.47354848537604,
            "label": "person",
            "left": 390.7312744140625,
            "top": 62.94153138057103,
            "width": 37.059375
        },
        {
            "height": 93.025069637883,
            "label": "person",
            "left": 304.2375244140625,
            "top": 20.674140951427578,
            "width": 33.5625
        },
        {
            "height": 56.17270194986072,
            "label": "person",
            "left": 309.871875,
            "top": 81.6935769933844,
            "width": 28.9875
        },
        {
            "height": 80.89136490250696,
            "label": "person",
            "left": 69.1125,
            "top": 58.495827167479106,
            "width": 36.3
        },
        {
            "height": 121.1365011316156,
            "label": "person",
            "left": 509.30625,
            "top": 218.28969359331475,
            "width": 59.165625
        },
        {
            "height": 80.32311977715878,
            "label": "person",
            "left": 430.125,
            "top": 57.96100822597493,
            "width": 37.80937805175781
        },
        {
            "height": 151.6545743384401,
            "label": "chair",
            "left": 392.728125,
            "top": 160.81335959261838,
            "width": 61.51875
        },
        {
            "height": 96.08356545961003,
            "label": "chair",
            "left": 174.31875,
            "top": 34.194988792653206,
            "width": 22.125001525878908
        },
        {
            "height": 36.38440111420613,
            "label": "chair",
            "left": 219.7218994140625,
            "top": 91.65460698119777,
            "width": 40.81875
        },
        {
            "height": 77.68244581302228,
            "label": "person",
            "left": 240.4125,
            "top": 63.87741556406685,
            "width": 38.015625
        },
        {
            "height": 27.509746583391365,
            "label": "bottle",
            "left": 411.928125,
            "top": 285.2924791086351,
            "width": 6.965625
        }
    ]
}