{
    "image_id": 133233,
    "seq": [
        {
            "height": 35.962501525878906,
            "label": "boat",
            "left": 234.4499969482422,
            "top": 223.0124969482422,
            "width": 71.42813110351562
        },
        {
            "height": 19.90312385559082,
            "label": "boat",
            "left": 207.03749084472656,
            "top": 213.60000610351562,
            "width": 22.424999237060547
        },
        {
            "height": 10.190625190734863,
            "label": "boat",
            "left": 411.2812805175781,
            "top": 217.01248168945312,
            "width": 38.31562423706055
        },
        {
            "height": 10.893749237060547,
            "label": "boat",
            "left": 154.63124084472656,
            "top": 206.35311889648438,
            "width": 14.203125
        },
        {
            "height": 10.996874809265137,
            "label": "boat",
            "left": 372.0,
            "top": 212.9250030517578,
            "width": 34.640625
        },
        {
            "height": 38.962501525878906,
            "label": "boat",
            "left": 337.3031311035156,
            "top": 189.4406280517578,
            "width": 42.318748474121094
        },
        {
            "height": 21.787498474121094,
            "label": "boat",
            "left": 385.4156188964844,
            "top": 191.39060974121094,
            "width": 83.39061737060547
        },
        {
            "height": 9.487499237060547,
            "label": "boat",
            "left": 199.59373474121094,
            "top": 202.8000030517578,
            "width": 18.037500381469727
        },
        {
            "height": 84.4124984741211,
            "label": "boat",
            "left": 473.25,
            "top": 155.3625030517578,
            "width": 122.8125
        },
        {
            "height": 12.571874618530273,
            "label": "boat",
            "left": 365.9250183105469,
            "top": 223.8093719482422,
            "width": 36.08437728881836
        },
        {
            "height": 12.862500190734863,
            "label": "boat",
            "left": 391.1343688964844,
            "top": 208.6125030517578,
            "width": 27.84375
        },
        {
            "height": 18.909374237060547,
            "label": "boat",
            "left": 60.375,
            "top": 194.953125,
            "width": 27.67500114440918
        },
        {
            "height": 24.759374618530273,
            "label": "boat",
            "left": 122.8125,
            "top": 204.046875,
            "width": 29.437498092651367
        }
    ]
}