{
    "image_id": 13348,
    "seq": [
        {
            "height": 134.94375610351562,
            "label": "airplane",
            "left": 0.0,
            "top": 133.13436889648438,
            "width": 530.7468872070312
        },
        {
            "height": 19.47187614440918,
            "label": "person",
            "left": 327.9562683105469,
            "top": 253.36875915527344,
            "width": 5.90625
        },
        {
            "height": 12.159375190734863,
            "label": "person",
            "left": 16.040626525878906,
            "top": 262.85626220703125,
            "width": 8.550000190734863
        },
        {
            "height": 18.02812385559082,
            "label": "person",
            "left": 109.98750305175781,
            "top": 253.6593780517578,
            "width": 11.053125381469727
        },
        {
            "height": 13.809374809265137,
            "label": "truck",
            "left": 49.04999923706055,
            "top": 252.97499084472656,
            "width": 23.587499618530273
        },
        {
            "height": 16.706249237060547,
            "label": "truck",
            "left": 76.24687957763672,
            "top": 239.43748474121094,
            "width": 31.60312271118164
        },
        {
            "height": 17.09062385559082,
            "label": "airplane",
            "left": 0.0,
            "top": 214.32186889648438,
            "width": 51.271873474121094
        },
        {
            "height": 17.8125,
            "label": "truck",
            "left": 15.046874046325684,
            "top": 271.2281188964844,
            "width": 22.903125762939453
        },
        {
            "height": 12.571874618530273,
            "label": "truck",
            "left": 71.04374694824219,
            "top": 254.86874389648438,
            "width": 25.987499237060547
        },
        {
            "height": 10.762499809265137,
            "label": "person",
            "left": 162.32810974121094,
            "top": 225.0749969482422,
            "width": 6.524999618530273
        },
        {
            "height": 5.278125286102295,
            "label": "person",
            "left": 117.1500015258789,
            "top": 235.02188110351562,
            "width": 3.8531250953674316
        },
        {
            "height": 9.890625953674316,
            "label": "person",
            "left": 139.63125610351562,
            "top": 229.39688110351562,
            "width": 10.434375762939453
        }
    ]
}