{
    "image_id": 13348,
    "seq": [
        {
            "height": 202.2576112412178,
            "label": "airplane",
            "left": 0.0,
            "top": 198.84312792740047,
            "width": 530.746875
        },
        {
            "height": 29.185011709601874,
            "label": "person",
            "left": 327.4875,
            "top": 379.05382757611244,
            "width": 5.90625
        },
        {
            "height": 18.224824355971897,
            "label": "person",
            "left": 15.571875,
            "top": 393.27400468384076,
            "width": 8.55
        },
        {
            "height": 27.021077283372364,
            "label": "person",
            "left": 109.51875,
            "top": 379.4894613583138,
            "width": 11.053125
        },
        {
            "height": 20.697892271662763,
            "label": "truck",
            "left": 48.58125,
            "top": 378.4636636416862,
            "width": 23.5875
        },
        {
            "height": 25.039812646370024,
            "label": "truck",
            "left": 75.77811889648437,
            "top": 358.1733021077283,
            "width": 31.603125
        },
        {
            "height": 25.615925058548008,
            "label": "airplane",
            "left": 0.0,
            "top": 320.52923741217796,
            "width": 51.271875
        },
        {
            "height": 26.697892271662763,
            "label": "truck",
            "left": 14.578125,
            "top": 405.8220140515223,
            "width": 22.903125
        },
        {
            "height": 18.843091334894613,
            "label": "truck",
            "left": 70.575,
            "top": 381.3020711358314,
            "width": 25.98749694824219
        },
        {
            "height": 16.1311463974678,
            "label": "person",
            "left": 161.85938720703126,
            "top": 336.6463700234192,
            "width": 6.525
        },
        {
            "height": 7.9110070257611245,
            "label": "person",
            "left": 116.68125,
            "top": 351.5550717213115,
            "width": 3.853125
        },
        {
            "height": 14.824357115412763,
            "label": "person",
            "left": 139.1625,
            "top": 343.1241217798595,
            "width": 10.434375
        }
    ]
}