{
    "image_id": 133645,
    "seq": [
        {
            "height": 111.04686737060547,
            "label": "boat",
            "left": 195.234375,
            "top": 172.078125,
            "width": 131.6437530517578
        },
        {
            "height": 21.90937614440918,
            "label": "boat",
            "left": 275.8312683105469,
            "top": 115.94999694824219,
            "width": 52.05937576293945
        },
        {
            "height": 7.293749809265137,
            "label": "boat",
            "left": 29.493749618530273,
            "top": 147.3000030517578,
            "width": 48.08437728881836
        },
        {
            "height": 6.234375,
            "label": "boat",
            "left": 121.85623931884766,
            "top": 136.06875610351562,
            "width": 74.87812805175781
        },
        {
            "height": 84.5531234741211,
            "label": "bench",
            "left": 378.72186279296875,
            "top": 297.8249816894531,
            "width": 92.65312957763672
        },
        {
            "height": 5.456250190734863,
            "label": "boat",
            "left": 473.4375,
            "top": 123.046875,
            "width": 17.681249618530273
        },
        {
            "height": 14.746874809265137,
            "label": "boat",
            "left": 80.31562042236328,
            "top": 139.265625,
            "width": 21.01875114440918
        },
        {
            "height": 8.02500057220459,
            "label": "boat",
            "left": 166.27499389648438,
            "top": 128.70936584472656,
            "width": 29.512500762939453
        }
    ]
}