{
    "image_id": 133645,
    "seq": [
        {
            "height": 166.44028103044496,
            "label": "boat",
            "left": 194.765625,
            "top": 257.21311475409834,
            "width": 131.64375
        },
        {
            "height": 32.838409781176814,
            "label": "boat",
            "left": 275.3624755859375,
            "top": 173.08663275761126,
            "width": 52.059375
        },
        {
            "height": 10.93208430913349,
            "label": "boat",
            "left": 29.025,
            "top": 220.07495974824357,
            "width": 48.084375
        },
        {
            "height": 9.344262295081966,
            "label": "boat",
            "left": 121.3875,
            "top": 203.24121779859485,
            "width": 74.878125
        },
        {
            "height": 126.73067915690866,
            "label": "bench",
            "left": 378.253125,
            "top": 445.68625585480095,
            "width": 92.653125
        },
        {
            "height": 8.177985948477751,
            "label": "boat",
            "left": 472.968701171875,
            "top": 183.72365339578454,
            "width": 17.68125
        },
        {
            "height": 22.10304449648712,
            "label": "boat",
            "left": 79.846875,
            "top": 208.03280518149882,
            "width": 21.018751525878905
        },
        {
            "height": 12.028104188012295,
            "label": "boat",
            "left": 165.80625,
            "top": 192.21079112997657,
            "width": 29.5125
        }
    ]
}