{
    "image_id": 133819,
    "seq": [
        {
            "height": 259.6593933105469,
            "label": "bus",
            "left": 136.98748779296875,
            "top": 79.6875,
            "width": 393.96563720703125
        },
        {
            "height": 124.453125,
            "label": "bus",
            "left": 450.3656311035156,
            "top": 119.83124542236328,
            "width": 149.53125
        },
        {
            "height": 95.71875,
            "label": "bus",
            "left": 579.7218627929688,
            "top": 153.33749389648438,
            "width": 20.27812385559082
        },
        {
            "height": 63.67499923706055,
            "label": "person",
            "left": 92.87812042236328,
            "top": 195.90936279296875,
            "width": 19.52812385559082
        },
        {
            "height": 31.734373092651367,
            "label": "person",
            "left": 24.806249618530273,
            "top": 198.14999389648438,
            "width": 26.625
        },
        {
            "height": 71.73749542236328,
            "label": "person",
            "left": 62.64375305175781,
            "top": 194.39999389648438,
            "width": 22.115625381469727
        },
        {
            "height": 29.165626525878906,
            "label": "person",
            "left": 57.35625076293945,
            "top": 199.06874084472656,
            "width": 14.08125114440918
        },
        {
            "height": 33.49687576293945,
            "label": "person",
            "left": 42.95624923706055,
            "top": 195.32814025878906,
            "width": 16.837499618530273
        },
        {
            "height": 32.521873474121094,
            "label": "person",
            "left": 0.0,
            "top": 197.73748779296875,
            "width": 21.68437385559082
        },
        {
            "height": 26.59687614440918,
            "label": "person",
            "left": 88.7249984741211,
            "top": 197.99061584472656,
            "width": 8.287500381469727
        },
        {
            "height": 20.924999237060547,
            "label": "person",
            "left": 459.7406311035156,
            "top": 196.93125915527344,
            "width": 17.643749237060547
        },
        {
            "height": 25.621875762939453,
            "label": "person",
            "left": 439.9593811035156,
            "top": 194.16563415527344,
            "width": 20.53125
        },
        {
            "height": 60.25312042236328,
            "label": "traffic light",
            "left": 59.84062957763672,
            "top": 108.1031265258789,
            "width": 26.17500114440918
        },
        {
            "height": 68.04375457763672,
            "label": "traffic light",
            "left": 514.8374633789062,
            "top": 3.581249952316284,
            "width": 42.07500076293945
        },
        {
            "height": 45.421878814697266,
            "label": "traffic light",
            "left": 93.73125457763672,
            "top": 124.33124542236328,
            "width": 19.518749237060547
        },
        {
            "height": 68.18437957763672,
            "label": "parking meter",
            "left": 540.5062255859375,
            "top": 239.2218780517578,
            "width": 41.12812423706055
        },
        {
            "height": 13.237499237060547,
            "label": "handbag",
            "left": 11.606250762939453,
            "top": 217.32186889648438,
            "width": 9.328125
        },
        {
            "height": 18.075000762939453,
            "label": "handbag",
            "left": 99.46875,
            "top": 231.72186279296875,
            "width": 11.54062557220459
        },
        {
            "height": 25.115625381469727,
            "label": "person",
            "left": 470.97186279296875,
            "top": 189.94686889648438,
            "width": 15.740626335144043
        },
        {
            "height": 29.634374618530273,
            "label": "person",
            "left": 408.34686279296875,
            "top": 192.55311584472656,
            "width": 22.696874618530273
        },
        {
            "height": 8.990625381469727,
            "label": "traffic light",
            "left": 282.44061279296875,
            "top": 197.89686584472656,
            "width": 5.896874904632568
        }
    ]
}