{
    "image_id": 133819,
    "seq": [
        {
            "height": 391.0164705882353,
            "label": "bus",
            "left": 136.51871337890626,
            "top": 119.29411764705883,
            "width": 393.965673828125
        },
        {
            "height": 187.41176470588235,
            "label": "bus",
            "left": 449.896875,
            "top": 179.74586397058823,
            "width": 149.53125
        },
        {
            "height": 144.14117647058825,
            "label": "bus",
            "left": 579.253125,
            "top": 230.20235294117646,
            "width": 20.278123474121095
        },
        {
            "height": 95.88705882352942,
            "label": "person",
            "left": 92.40938110351563,
            "top": 294.3105882352941,
            "width": 19.528125
        },
        {
            "height": 47.78823529411765,
            "label": "person",
            "left": 24.337498474121094,
            "top": 297.68470588235294,
            "width": 26.625
        },
        {
            "height": 108.02822610294118,
            "label": "person",
            "left": 62.175,
            "top": 292.03766544117644,
            "width": 22.115625
        },
        {
            "height": 43.92,
            "label": "person",
            "left": 56.8875,
            "top": 299.0682169117647,
            "width": 14.08125
        },
        {
            "height": 50.44235294117647,
            "label": "person",
            "left": 42.4875,
            "top": 293.4352757352941,
            "width": 16.837498474121094
        },
        {
            "height": 48.974117647058826,
            "label": "person",
            "left": 0.0,
            "top": 297.06354779411765,
            "width": 21.684373474121095
        },
        {
            "height": 40.051764705882356,
            "label": "person",
            "left": 88.25625,
            "top": 297.4446875,
            "width": 8.2875
        },
        {
            "height": 31.51058823529412,
            "label": "person",
            "left": 459.271875,
            "top": 295.84939338235296,
            "width": 17.64375
        },
        {
            "height": 38.58352941176471,
            "label": "person",
            "left": 439.490625,
            "top": 291.68470588235294,
            "width": 20.531251525878908
        },
        {
            "height": 90.73410845588235,
            "label": "traffic light",
            "left": 59.371875,
            "top": 162.08470588235295,
            "width": 26.175
        },
        {
            "height": 102.46588235294118,
            "label": "traffic light",
            "left": 514.368701171875,
            "top": 4.687062557444853,
            "width": 42.07499694824219
        },
        {
            "height": 68.40000459558823,
            "label": "traffic light",
            "left": 93.26250610351562,
            "top": 186.52231617647058,
            "width": 19.51875
        },
        {
            "height": 102.67765625,
            "label": "parking meter",
            "left": 540.0375,
            "top": 359.53411764705885,
            "width": 41.12812805175781
        },
        {
            "height": 19.934115349264705,
            "label": "handbag",
            "left": 11.137499237060547,
            "top": 326.55525735294117,
            "width": 9.328125
        },
        {
            "height": 27.218823529411765,
            "label": "handbag",
            "left": 99.0,
            "top": 348.24,
            "width": 11.540625762939452
        },
        {
            "height": 37.82117876838235,
            "label": "person",
            "left": 470.503125,
            "top": 285.3317463235294,
            "width": 15.740626525878906
        },
        {
            "height": 44.625882352941176,
            "label": "person",
            "left": 407.8781005859375,
            "top": 289.2564705882353,
            "width": 22.696873474121094
        },
        {
            "height": 13.538823529411765,
            "label": "traffic light",
            "left": 281.9718994140625,
            "top": 297.30354779411766,
            "width": 5.896875
        }
    ]
}