{
    "image_id": 133969,
    "seq": [
        {
            "height": 170.10772833723652,
            "label": "baseball bat",
            "left": 332.6250244140625,
            "top": 154.1311292447307,
            "width": 15.271876525878906
        },
        {
            "height": 62.430913348946135,
            "label": "baseball glove",
            "left": 214.44375,
            "top": 389.7751390515223,
            "width": 27.271875
        },
        {
            "height": 328.5246267564403,
            "label": "person",
            "left": 295.1156005859375,
            "top": 199.12410348360655,
            "width": 190.37813720703124
        },
        {
            "height": 201.52693208430912,
            "label": "person",
            "left": 201.13123779296876,
            "top": 247.2084675058548,
            "width": 71.184375
        },
        {
            "height": 150.56206088992974,
            "label": "person",
            "left": 196.05936279296876,
            "top": 155.10068427985948,
            "width": 53.60625
        },
        {
            "height": 272.9648346018735,
            "label": "person",
            "left": 416.971875,
            "top": 178.35600848946135,
            "width": 61.3125
        },
        {
            "height": 114.22481520784544,
            "label": "person",
            "left": 301.2000244140625,
            "top": 170.37468896370024,
            "width": 57.45
        },
        {
            "height": 193.2224824355972,
            "label": "person",
            "left": 509.212548828125,
            "top": 248.93682303864168,
            "width": 61.603125
        },
        {
            "height": 229.75644028103045,
            "label": "person",
            "left": 56.61561889648438,
            "top": 295.78456162177986,
            "width": 163.678125
        },
        {
            "height": 331.1241217798595,
            "label": "person",
            "left": 0.0,
            "top": 192.66042154566745,
            "width": 107.9625
        },
        {
            "height": 288.53395784543324,
            "label": "person",
            "left": 247.81875,
            "top": 150.30913348946135,
            "width": 59.371875
        },
        {
            "height": 287.3536299765808,
            "label": "person",
            "left": 547.087548828125,
            "top": 156.3934243266979,
            "width": 52.44375
        },
        {
            "height": 68.50117096018735,
            "label": "person",
            "left": 351.534375,
            "top": 166.2013868559719,
            "width": 27.534375
        },
        {
            "height": 197.52226653981265,
            "label": "person",
            "left": 284.3062255859375,
            "top": 247.84073111826697,
            "width": 65.015625
        },
        {
            "height": 174.5480093676815,
            "label": "person",
            "left": 411.46875,
            "top": 180.80091847189695,
            "width": 25.678125
        },
        {
            "height": 13.93911007025761,
            "label": "bench",
            "left": 74.40935668945312,
            "top": 349.3629976580796,
            "width": 434.296875
        }
    ]
}