{
    "image_id": 133969,
    "seq": [
        {
            "height": 113.4937515258789,
            "label": "baseball bat",
            "left": 333.09375,
            "top": 103.3031234741211,
            "width": 15.271875381469727
        },
        {
            "height": 41.65312194824219,
            "label": "baseball glove",
            "left": 214.91249084472656,
            "top": 260.5218811035156,
            "width": 27.271873474121094
        },
        {
            "height": 219.18751525878906,
            "label": "person",
            "left": 295.5843811035156,
            "top": 133.32188415527344,
            "width": 190.3781280517578
        },
        {
            "height": 134.4562530517578,
            "label": "person",
            "left": 201.59999084472656,
            "top": 165.4031219482422,
            "width": 71.18437194824219
        },
        {
            "height": 100.453125,
            "label": "person",
            "left": 196.52813720703125,
            "top": 103.94999694824219,
            "width": 53.60625076293945
        },
        {
            "height": 182.11874389648438,
            "label": "person",
            "left": 417.4406433105469,
            "top": 119.46562194824219,
            "width": 61.3125
        },
        {
            "height": 76.2093734741211,
            "label": "person",
            "left": 301.66876220703125,
            "top": 114.140625,
            "width": 57.44999694824219
        },
        {
            "height": 128.91561889648438,
            "label": "person",
            "left": 509.68121337890625,
            "top": 166.55625915527344,
            "width": 61.603126525878906
        },
        {
            "height": 153.29061889648438,
            "label": "person",
            "left": 57.084373474121094,
            "top": 197.8125,
            "width": 163.67811584472656
        },
        {
            "height": 220.92185974121094,
            "label": "person",
            "left": 0.16875000298023224,
            "top": 129.00936889648438,
            "width": 107.96250915527344
        },
        {
            "height": 192.50625610351562,
            "label": "person",
            "left": 248.28749084472656,
            "top": 100.75312042236328,
            "width": 59.37187576293945
        },
        {
            "height": 191.71875,
            "label": "person",
            "left": 547.5562133789062,
            "top": 104.8125,
            "width": 52.443748474121094
        },
        {
            "height": 45.703125,
            "label": "person",
            "left": 352.0031433105469,
            "top": 111.35625457763672,
            "width": 27.53437614440918
        },
        {
            "height": 131.7843780517578,
            "label": "person",
            "left": 284.7750244140625,
            "top": 165.8249969482422,
            "width": 65.015625
        },
        {
            "height": 116.45625305175781,
            "label": "person",
            "left": 411.9375,
            "top": 121.09687042236328,
            "width": 25.678123474121094
        },
        {
            "height": 9.300000190734863,
            "label": "bench",
            "left": 74.87812805175781,
            "top": 233.5593719482422,
            "width": 434.296875
        }
    ]
}