{
    "image_id": 134096,
    "seq": [
        {
            "height": 459.35,
            "label": "cat",
            "left": 200.8218994140625,
            "top": 131.88748372395833,
            "width": 398.7093505859375
        },
        {
            "height": 91.9125,
            "label": "sink",
            "left": 1.5562355041503906,
            "top": 507.4625,
            "width": 339.7687744140625
        },
        {
            "height": 117.47501627604167,
            "label": "toilet",
            "left": 390.5625,
            "top": 165.57498372395833,
            "width": 129.9
        },
        {
            "height": 225.40001627604167,
            "label": "toilet",
            "left": 0.69375,
            "top": 165.61248372395832,
            "width": 34.978125
        }
    ]
}