{
    "image_id": 134096,
    "seq": [
        {
            "height": 344.51251220703125,
            "label": "cat",
            "left": 201.29063415527344,
            "top": 99.3843765258789,
            "width": 398.7093811035156
        },
        {
            "height": 68.93437194824219,
            "label": "sink",
            "left": 2.0250000953674316,
            "top": 381.06561279296875,
            "width": 339.7687683105469
        },
        {
            "height": 88.10625457763672,
            "label": "toilet",
            "left": 391.03125,
            "top": 124.6500015258789,
            "width": 129.89999389648438
        },
        {
            "height": 169.05001831054688,
            "label": "toilet",
            "left": 1.162500023841858,
            "top": 124.67813110351562,
            "width": 34.978126525878906
        }
    ]
}