{
    "image_id": 134112,
    "seq": [
        {
            "height": 346.672268907563,
            "label": "dog",
            "left": 231.336,
            "top": 109.26046043417367,
            "width": 353.112
        },
        {
            "height": 573.1428571428571,
            "label": "bed",
            "left": 2.27998486328125,
            "top": 10.033626438856793,
            "width": 596.112
        },
        {
            "height": 411.2268907563025,
            "label": "laptop",
            "left": 1.3200045166015626,
            "top": 148.60506390056022,
            "width": 471.73196875
        }
    ]
}