{
    "image_id": 134112,
    "seq": [
        {
            "height": 247.52401733398438,
            "label": "dog",
            "left": 231.9359893798828,
            "top": 78.61200714111328,
            "width": 353.11199951171875
        },
        {
            "height": 409.2239990234375,
            "label": "bed",
            "left": 2.880000114440918,
            "top": 7.763999938964844,
            "width": 596.1119995117188
        },
        {
            "height": 293.6159973144531,
            "label": "laptop",
            "left": 1.9200000762939453,
            "top": 106.70399475097656,
            "width": 471.7319641113281
        }
    ]
}