{
    "image_id": 134322,
    "seq": [
        {
            "height": 52.6875,
            "label": "person",
            "left": 4.359374618530273,
            "top": 456.38746744791666,
            "width": 10.809375
        },
        {
            "height": 38.0125,
            "label": "person",
            "left": 192.86251220703124,
            "top": 466.6124674479167,
            "width": 12.543750762939453
        },
        {
            "height": 34.64999593098958,
            "label": "person",
            "left": 99.48751220703124,
            "top": 375.4625,
            "width": 6.534375
        },
        {
            "height": 32.762497965494795,
            "label": "person",
            "left": 137.33436279296876,
            "top": 380.5625,
            "width": 9.178125
        },
        {
            "height": 22.4375,
            "label": "person",
            "left": 190.14376220703124,
            "top": 393.15,
            "width": 3.796875
        },
        {
            "height": 25.83749796549479,
            "label": "person",
            "left": 295.7437744140625,
            "top": 409.5125325520833,
            "width": 6.6
        },
        {
            "height": 29.825,
            "label": "person",
            "left": 300.478125,
            "top": 397.425,
            "width": 5.04375
        },
        {
            "height": 12.25,
            "label": "person",
            "left": 330.975,
            "top": 401.85,
            "width": 4.443749618530274
        },
        {
            "height": 25.625,
            "label": "person",
            "left": 369.7593505859375,
            "top": 405.075,
            "width": 6.253125
        },
        {
            "height": 27.5375,
            "label": "person",
            "left": 405.05625,
            "top": 408.53746744791664,
            "width": 5.23125
        },
        {
            "height": 50.4,
            "label": "person",
            "left": 22.499998474121092,
            "top": 459.2999674479167,
            "width": 18.140625
        },
        {
            "height": 31.4625,
            "label": "person",
            "left": 38.32499694824219,
            "top": 372.82496744791666,
            "width": 7.5
        },
        {
            "height": 24.3625,
            "label": "person",
            "left": 41.55,
            "top": 575.0125,
            "width": 24.675
        },
        {
            "height": 93.5,
            "label": "kite",
            "left": 488.98125,
            "top": 56.187504069010416,
            "width": 81.05625
        }
    ]
}