{
    "image_id": 134322,
    "seq": [
        {
            "height": 39.515625,
            "label": "person",
            "left": 4.828125,
            "top": 342.75933837890625,
            "width": 10.809374809265137
        },
        {
            "height": 28.509374618530273,
            "label": "person",
            "left": 193.3312530517578,
            "top": 350.4281311035156,
            "width": 12.543750762939453
        },
        {
            "height": 25.987499237060547,
            "label": "person",
            "left": 99.95625305175781,
            "top": 282.06561279296875,
            "width": 6.534374713897705
        },
        {
            "height": 24.57187271118164,
            "label": "person",
            "left": 137.80313110351562,
            "top": 285.890625,
            "width": 9.17812442779541
        },
        {
            "height": 16.828125,
            "label": "person",
            "left": 190.6125030517578,
            "top": 295.33123779296875,
            "width": 3.796875238418579
        },
        {
            "height": 19.378124237060547,
            "label": "person",
            "left": 296.2124938964844,
            "top": 307.60308837890625,
            "width": 6.599999904632568
        },
        {
            "height": 22.368751525878906,
            "label": "person",
            "left": 300.9468994140625,
            "top": 298.5375061035156,
            "width": 5.043749809265137
        },
        {
            "height": 9.1875,
            "label": "person",
            "left": 331.4437561035156,
            "top": 301.85626220703125,
            "width": 4.443749904632568
        },
        {
            "height": 19.21875,
            "label": "person",
            "left": 370.2281494140625,
            "top": 304.2750244140625,
            "width": 6.253125190734863
        },
        {
            "height": 20.653125762939453,
            "label": "person",
            "left": 405.5249938964844,
            "top": 306.8718566894531,
            "width": 5.231249809265137
        },
        {
            "height": 37.79999923706055,
            "label": "person",
            "left": 22.96875,
            "top": 344.9437255859375,
            "width": 18.140625
        },
        {
            "height": 23.596874237060547,
            "label": "person",
            "left": 38.79375076293945,
            "top": 280.0875244140625,
            "width": 7.5
        },
        {
            "height": 18.271875381469727,
            "label": "person",
            "left": 42.01874923706055,
            "top": 431.7281494140625,
            "width": 24.674999237060547
        },
        {
            "height": 70.12500762939453,
            "label": "kite",
            "left": 489.45001220703125,
            "top": 42.609375,
            "width": 81.0562515258789
        }
    ]
}