{
    "image_id": 134882,
    "seq": [
        {
            "height": 60.571876525878906,
            "label": "cat",
            "left": 255.5718536376953,
            "top": 307.98748779296875,
            "width": 142.22813415527344
        },
        {
            "height": 255.7781219482422,
            "label": "bed",
            "left": 25.575000762939453,
            "top": 326.1187438964844,
            "width": 553.293701171875
        },
        {
            "height": 40.56562805175781,
            "label": "laptop",
            "left": 438.140625,
            "top": 359.0343933105469,
            "width": 141.99375915527344
        },
        {
            "height": 74.59687042236328,
            "label": "book",
            "left": 156.6281280517578,
            "top": 113.90625,
            "width": 25.85624885559082
        },
        {
            "height": 21.178125381469727,
            "label": "book",
            "left": 73.76249694824219,
            "top": 139.58438110351562,
            "width": 80.4937515258789
        },
        {
            "height": 80.90625,
            "label": "book",
            "left": 54.45000076293945,
            "top": 95.10936737060547,
            "width": 31.875
        },
        {
            "height": 67.69686889648438,
            "label": "book",
            "left": 41.03437423706055,
            "top": 256.9781188964844,
            "width": 12.796875
        },
        {
            "height": 50.521873474121094,
            "label": "book",
            "left": 153.62811279296875,
            "top": 235.8093719482422,
            "width": 29.250001907348633
        },
        {
            "height": 81.72187805175781,
            "label": "book",
            "left": 37.09687423706055,
            "top": 244.22813415527344,
            "width": 26.943750381469727
        },
        {
            "height": 46.98749923706055,
            "label": "teddy bear",
            "left": 216.3562469482422,
            "top": 243.80625915527344,
            "width": 50.60624694824219
        },
        {
            "height": 75.2249984741211,
            "label": "book",
            "left": 208.2375030517578,
            "top": 117.9000015258789,
            "width": 15.684374809265137
        },
        {
            "height": 70.14374542236328,
            "label": "book",
            "left": 195.59063720703125,
            "top": 122.24999237060547,
            "width": 15.553125381469727
        },
        {
            "height": 81.375,
            "label": "book",
            "left": 167.8406219482422,
            "top": 110.32499694824219,
            "width": 34.02187728881836
        },
        {
            "height": 52.74374771118164,
            "label": "book",
            "left": 125.63436889648438,
            "top": 113.06249237060547,
            "width": 43.94062423706055
        },
        {
            "height": 16.837499618530273,
            "label": "book",
            "left": 80.4749984741211,
            "top": 130.62188720703125,
            "width": 56.615623474121094
        },
        {
            "height": 41.12812423706055,
            "label": "book",
            "left": 204.97500610351562,
            "top": 227.21249389648438,
            "width": 13.706250190734863
        },
        {
            "height": 33.046875,
            "label": "book",
            "left": 71.4375,
            "top": 154.453125,
            "width": 95.2593765258789
        }
    ]
}