{
    "image_id": 134886,
    "seq": [
        {
            "height": 57.056251525878906,
            "label": "car",
            "left": 402.515625,
            "top": 350.12811279296875,
            "width": 59.87812423706055
        },
        {
            "height": 64.18124389648438,
            "label": "airplane",
            "left": 131.11874389648438,
            "top": 171.234375,
            "width": 213.82501220703125
        },
        {
            "height": 58.828125,
            "label": "person",
            "left": 473.296875,
            "top": 352.2562255859375,
            "width": 33.9375
        },
        {
            "height": 28.059375762939453,
            "label": "person",
            "left": 515.7843627929688,
            "top": 345.8812561035156,
            "width": 22.631250381469727
        },
        {
            "height": 30.815624237060547,
            "label": "person",
            "left": 392.22186279296875,
            "top": 358.265625,
            "width": 15.412500381469727
        },
        {
            "height": 10.931249618530273,
            "label": "person",
            "left": 571.78125,
            "top": 343.89373779296875,
            "width": 12.590625762939453
        },
        {
            "height": 17.381250381469727,
            "label": "person",
            "left": 473.8968811035156,
            "top": 366.5718994140625,
            "width": 10.387500762939453
        },
        {
            "height": 22.171875,
            "label": "person",
            "left": 544.9968872070312,
            "top": 325.3125,
            "width": 20.821874618530273
        },
        {
            "height": 13.59375,
            "label": "person",
            "left": 541.640625,
            "top": 344.5406188964844,
            "width": 9.19687557220459
        },
        {
            "height": 7.874999523162842,
            "label": "person",
            "left": 426.6750183105469,
            "top": 358.5843811035156,
            "width": 10.171875
        },
        {
            "height": 19.875001907348633,
            "label": "person",
            "left": 462.2624816894531,
            "top": 383.0625,
            "width": 7.528124809265137
        },
        {
            "height": 10.678125381469727,
            "label": "person",
            "left": 562.9593505859375,
            "top": 346.23748779296875,
            "width": 10.621874809265137
        }
    ]
}