{
    "image_id": 134882,
    "seq": [
        {
            "height": 60.666666666666664,
            "label": "cat",
            "left": 255.1031494140625,
            "top": 308.0,
            "width": 142.22813720703124
        },
        {
            "height": 256.1783793035994,
            "label": "bed",
            "left": 25.106263732910158,
            "top": 326.15964886541474,
            "width": 553.29375
        },
        {
            "height": 40.629107981220656,
            "label": "laptop",
            "left": 437.671923828125,
            "top": 359.12678501564943,
            "width": 141.99376220703124
        },
        {
            "height": 74.71361502347418,
            "label": "book",
            "left": 156.15936279296875,
            "top": 113.61503570031299,
            "width": 25.856246948242188
        },
        {
            "height": 21.211267605633804,
            "label": "book",
            "left": 73.29375,
            "top": 139.33333333333334,
            "width": 80.49375
        },
        {
            "height": 81.03286384976526,
            "label": "book",
            "left": 53.98125,
            "top": 94.7887385074335,
            "width": 31.875
        },
        {
            "height": 67.80281690140845,
            "label": "book",
            "left": 40.565625,
            "top": 256.9107736697966,
            "width": 12.796875
        },
        {
            "height": 50.60093896713615,
            "label": "book",
            "left": 153.159375,
            "top": 235.7089446400626,
            "width": 29.25
        },
        {
            "height": 81.84976525821597,
            "label": "book",
            "left": 36.628125,
            "top": 244.14082061815336,
            "width": 26.943753051757813
        },
        {
            "height": 47.06103592038341,
            "label": "teddy bear",
            "left": 215.8875,
            "top": 243.71830985915494,
            "width": 50.60624694824219
        },
        {
            "height": 75.34272911776213,
            "label": "book",
            "left": 207.76875,
            "top": 117.6150234741784,
            "width": 15.684375
        },
        {
            "height": 70.25352112676056,
            "label": "book",
            "left": 195.121875,
            "top": 121.97183098591549,
            "width": 15.553125
        },
        {
            "height": 81.50234741784037,
            "label": "book",
            "left": 167.371875,
            "top": 110.0281812402191,
            "width": 34.021875
        },
        {
            "height": 52.82629107981221,
            "label": "book",
            "left": 125.16563720703125,
            "top": 112.76994082550861,
            "width": 43.940625
        },
        {
            "height": 16.863848236991394,
            "label": "book",
            "left": 80.00625610351562,
            "top": 130.3568075117371,
            "width": 56.615625
        },
        {
            "height": 41.19249131944444,
            "label": "book",
            "left": 204.50625,
            "top": 227.09861600156495,
            "width": 13.70625
        },
        {
            "height": 33.098591549295776,
            "label": "book",
            "left": 70.96873779296875,
            "top": 154.22535211267606,
            "width": 95.259375
        }
    ]
}