{
    "image_id": 134856,
    "seq": [
        {
            "height": 29.35,
            "label": "horse",
            "left": 275.90625,
            "top": 474.7,
            "width": 23.709376525878906
        },
        {
            "height": 26.15,
            "label": "person",
            "left": 285.28125,
            "top": 468.5750325520833,
            "width": 6.69375
        },
        {
            "height": 15.0125,
            "label": "person",
            "left": 54.84375,
            "top": 463.825,
            "width": 5.7375
        },
        {
            "height": 23.6875,
            "label": "person",
            "left": 155.175,
            "top": 466.57496744791666,
            "width": 7.29375
        },
        {
            "height": 28.07499796549479,
            "label": "horse",
            "left": 46.509375,
            "top": 469.9374674479167,
            "width": 19.425001525878905
        },
        {
            "height": 26.0,
            "label": "horse",
            "left": 144.140625,
            "top": 475.275,
            "width": 23.353125
        }
    ]
}