{
    "image_id": 134856,
    "seq": [
        {
            "height": 22.012500762939453,
            "label": "horse",
            "left": 276.375,
            "top": 356.4937744140625,
            "width": 23.709375381469727
        },
        {
            "height": 19.612499237060547,
            "label": "person",
            "left": 285.75,
            "top": 351.8999938964844,
            "width": 6.693749904632568
        },
        {
            "height": 11.259374618530273,
            "label": "person",
            "left": 55.3125,
            "top": 348.3374938964844,
            "width": 5.737499713897705
        },
        {
            "height": 17.765625,
            "label": "person",
            "left": 155.64376831054688,
            "top": 350.3999938964844,
            "width": 7.293749809265137
        },
        {
            "height": 21.05624771118164,
            "label": "horse",
            "left": 46.978126525878906,
            "top": 352.921875,
            "width": 19.42500114440918
        },
        {
            "height": 19.5,
            "label": "horse",
            "left": 144.609375,
            "top": 356.92498779296875,
            "width": 23.353124618530273
        }
    ]
}