{
    "image_id": 134886,
    "seq": [
        {
            "height": 76.075,
            "label": "car",
            "left": 402.0468505859375,
            "top": 466.21253255208336,
            "width": 59.878125
        },
        {
            "height": 85.575,
            "label": "airplane",
            "left": 130.65,
            "top": 227.68751627604166,
            "width": 213.825
        },
        {
            "height": 78.4375,
            "label": "person",
            "left": 472.828173828125,
            "top": 469.05,
            "width": 33.9375
        },
        {
            "height": 37.4125,
            "label": "person",
            "left": 515.315625,
            "top": 460.55003255208334,
            "width": 22.63125
        },
        {
            "height": 41.0875,
            "label": "person",
            "left": 391.7531494140625,
            "top": 477.0625325520833,
            "width": 15.4125
        },
        {
            "height": 14.575,
            "label": "person",
            "left": 571.3125,
            "top": 457.90003255208336,
            "width": 12.590625
        },
        {
            "height": 23.17500203450521,
            "label": "person",
            "left": 473.428125,
            "top": 488.13756510416664,
            "width": 10.3875
        },
        {
            "height": 29.5625,
            "label": "person",
            "left": 544.528125,
            "top": 433.125,
            "width": 20.821873474121094
        },
        {
            "height": 18.125,
            "label": "person",
            "left": 541.171923828125,
            "top": 458.7625,
            "width": 9.196875762939452
        },
        {
            "height": 10.5,
            "label": "person",
            "left": 426.20625,
            "top": 477.4875,
            "width": 10.171875
        },
        {
            "height": 26.5,
            "label": "person",
            "left": 461.79375,
            "top": 510.1250325520833,
            "width": 7.528125
        },
        {
            "height": 14.2375,
            "label": "person",
            "left": 562.490673828125,
            "top": 461.025,
            "width": 10.621875
        }
    ]
}