{
    "image_id": 1353,
    "seq": [
        {
            "height": 167.184015625,
            "label": "train",
            "left": 105.264,
            "top": 387.72,
            "width": 303.824
        },
        {
            "height": 154.932,
            "label": "person",
            "left": 342.57602083333336,
            "top": 184.776015625,
            "width": 106.416
        },
        {
            "height": 63.108,
            "label": "person",
            "left": 237.456,
            "top": 163.223984375,
            "width": 120.8
        },
        {
            "height": 221.447984375,
            "label": "person",
            "left": 220.928,
            "top": 237.132015625,
            "width": 204.88
        },
        {
            "height": 171.456,
            "label": "person",
            "left": 98.576,
            "top": 255.99596875,
            "width": 186.704
        },
        {
            "height": 87.252,
            "label": "person",
            "left": 213.552,
            "top": 216.06,
            "width": 121.696
        },
        {
            "height": 75.276,
            "label": "person",
            "left": 301.008,
            "top": 218.736015625,
            "width": 51.21599479166667
        }
    ]
}