{
    "image_id": 1353,
    "seq": [
        {
            "height": 167.1840057373047,
            "label": "train",
            "left": 79.5479965209961,
            "top": 388.32000732421875,
            "width": 227.8679962158203
        },
        {
            "height": 154.93199157714844,
            "label": "person",
            "left": 257.531982421875,
            "top": 185.37599182128906,
            "width": 79.81199645996094
        },
        {
            "height": 63.108001708984375,
            "label": "person",
            "left": 178.69200134277344,
            "top": 163.82400512695312,
            "width": 90.5999984741211
        },
        {
            "height": 221.44798278808594,
            "label": "person",
            "left": 166.29598999023438,
            "top": 237.73199462890625,
            "width": 153.66000366210938
        },
        {
            "height": 171.4560089111328,
            "label": "person",
            "left": 74.53199768066406,
            "top": 256.59600830078125,
            "width": 140.0279998779297
        },
        {
            "height": 87.25199890136719,
            "label": "person",
            "left": 160.76400756835938,
            "top": 216.66000366210938,
            "width": 91.2719955444336
        },
        {
            "height": 75.2760009765625,
            "label": "person",
            "left": 226.3560028076172,
            "top": 219.33599853515625,
            "width": 38.41199493408203
        }
    ]
}