{
    "image_id": 135410,
    "seq": [
        {
            "height": 86.09062957763672,
            "label": "car",
            "left": 0.0,
            "top": 207.515625,
            "width": 50.38125228881836
        },
        {
            "height": 66.58124542236328,
            "label": "car",
            "left": 312.8437805175781,
            "top": 233.25001525878906,
            "width": 120.75
        },
        {
            "height": 103.85624694824219,
            "label": "motorcycle",
            "left": 165.6843719482422,
            "top": 236.4562530517578,
            "width": 176.19375610351562
        },
        {
            "height": 299.5874938964844,
            "label": "parking meter",
            "left": 41.83124923706055,
            "top": 202.9031219482422,
            "width": 134.25
        },
        {
            "height": 137.66250610351562,
            "label": "person",
            "left": 193.55624389648438,
            "top": 184.02186584472656,
            "width": 76.24687957763672
        },
        {
            "height": 87.94686889648438,
            "label": "car",
            "left": 144.4406280517578,
            "top": 208.0968780517578,
            "width": 211.22811889648438
        },
        {
            "height": 138.45938110351562,
            "label": "bicycle",
            "left": 0.0,
            "top": 461.5406188964844,
            "width": 95.26875305175781
        },
        {
            "height": 43.078128814697266,
            "label": "car",
            "left": 0.9562499523162842,
            "top": 201.328125,
            "width": 65.51249694824219
        },
        {
            "height": 18.65625,
            "label": "car",
            "left": 350.8687744140625,
            "top": 203.11875915527344,
            "width": 67.2093734741211
        },
        {
            "height": 35.93437576293945,
            "label": "car",
            "left": 109.94999694824219,
            "top": 186.7687530517578,
            "width": 159.2156219482422
        }
    ]
}