{
    "image_id": 13546,
    "seq": [
        {
            "height": 238.171875,
            "label": "person",
            "left": 439.6218566894531,
            "top": 4.200000286102295,
            "width": 101.17499542236328
        },
        {
            "height": 53.65312576293945,
            "label": "person",
            "left": 427.4343566894531,
            "top": 41.765625,
            "width": 17.69999885559082
        },
        {
            "height": 46.64999771118164,
            "label": "skateboard",
            "left": 478.34063720703125,
            "top": 195.890625,
            "width": 37.368751525878906
        },
        {
            "height": 25.659374237060547,
            "label": "bench",
            "left": 192.3562469482422,
            "top": 107.87812805175781,
            "width": 87.99374389648438
        },
        {
            "height": 27.740625381469727,
            "label": "bench",
            "left": 96.35624694824219,
            "top": 107.96250915527344,
            "width": 69.19686889648438
        },
        {
            "height": 2.3999998569488525,
            "label": "skateboard",
            "left": 427.7812194824219,
            "top": 93.14061737060547,
            "width": 10.284375190734863
        },
        {
            "height": 22.96875,
            "label": "bench",
            "left": 295.8562316894531,
            "top": 103.47187805175781,
            "width": 76.57500457763672
        },
        {
            "height": 24.299999237060547,
            "label": "bench",
            "left": 387.87188720703125,
            "top": 101.03437042236328,
            "width": 72.7593765258789
        }
    ]
}