{
    "image_id": 13546,
    "seq": [
        {
            "height": 358.6588235294118,
            "label": "person",
            "left": 439.153125,
            "top": 5.61884708180147,
            "width": 101.175
        },
        {
            "height": 80.79529411764706,
            "label": "person",
            "left": 426.965625,
            "top": 62.18823988970588,
            "width": 17.699998474121095
        },
        {
            "height": 70.24940716911765,
            "label": "skateboard",
            "left": 477.871826171875,
            "top": 294.2823529411765,
            "width": 37.36875
        },
        {
            "height": 38.64,
            "label": "bench",
            "left": 191.88748779296876,
            "top": 161.74590073529413,
            "width": 87.99375
        },
        {
            "height": 41.77411764705882,
            "label": "bench",
            "left": 95.8875,
            "top": 161.8729411764706,
            "width": 69.196875
        },
        {
            "height": 3.6141176470588237,
            "label": "skateboard",
            "left": 427.3125,
            "top": 139.55295036764707,
            "width": 10.284375
        },
        {
            "height": 34.588235294117645,
            "label": "bench",
            "left": 295.3875244140625,
            "top": 155.11055147058823,
            "width": 76.575
        },
        {
            "height": 36.59294117647059,
            "label": "bench",
            "left": 387.4031005859375,
            "top": 151.4400367647059,
            "width": 72.759375
        }
    ]
}