{
    "image_id": 135410,
    "seq": [
        {
            "height": 86.090625,
            "label": "car",
            "left": 0.0,
            "top": 207.0468994140625,
            "width": 67.17500406901041
        },
        {
            "height": 66.58124389648438,
            "label": "car",
            "left": 416.5,
            "top": 232.78125,
            "width": 161.0
        },
        {
            "height": 103.85625,
            "label": "motorcycle",
            "left": 220.2875,
            "top": 235.9874755859375,
            "width": 234.925
        },
        {
            "height": 299.5875,
            "label": "parking meter",
            "left": 55.15000813802083,
            "top": 202.43436279296876,
            "width": 179.0
        },
        {
            "height": 137.6625,
            "label": "person",
            "left": 257.45001627604165,
            "top": 183.55311279296876,
            "width": 101.6625
        },
        {
            "height": 87.946875,
            "label": "car",
            "left": 191.96251627604167,
            "top": 207.628125,
            "width": 281.6375
        },
        {
            "height": 138.459375,
            "label": "bicycle",
            "left": 0.0,
            "top": 461.071923828125,
            "width": 127.02501627604167
        },
        {
            "height": 43.078128051757815,
            "label": "car",
            "left": 0.6500005722045898,
            "top": 200.859375,
            "width": 87.35
        },
        {
            "height": 18.65625,
            "label": "car",
            "left": 467.20006510416664,
            "top": 202.65,
            "width": 89.6125
        },
        {
            "height": 35.93437805175781,
            "label": "car",
            "left": 145.975,
            "top": 186.3,
            "width": 212.2875
        }
    ]
}