{
    "image_id": 135561,
    "seq": [
        {
            "height": 242.9625,
            "label": "refrigerator",
            "left": 231.075,
            "top": 347.15,
            "width": 148.99686279296876
        },
        {
            "height": 18.9875,
            "label": "clock",
            "left": 405.8812255859375,
            "top": 276.0499674479167,
            "width": 15.515625
        },
        {
            "height": 68.2125,
            "label": "toaster",
            "left": 94.153125,
            "top": 474.05006510416666,
            "width": 77.2125
        },
        {
            "height": 22.425,
            "label": "bowl",
            "left": 388.190625,
            "top": 406.9375,
            "width": 28.396875
        },
        {
            "height": 12.3625,
            "label": "bowl",
            "left": 382.40625,
            "top": 355.4625,
            "width": 18.65625
        },
        {
            "height": 35.625,
            "label": "sink",
            "left": 529.565625,
            "top": 495.41253255208335,
            "width": 49.021875
        },
        {
            "height": 26.8625,
            "label": "cup",
            "left": 522.15,
            "top": 468.09996744791664,
            "width": 18.384375
        },
        {
            "height": 26.85,
            "label": "bottle",
            "left": 380.540625,
            "top": 330.325,
            "width": 10.734375
        }
    ]
}