{
    "image_id": 135561,
    "seq": [
        {
            "height": 182.2218780517578,
            "label": "refrigerator",
            "left": 231.5437469482422,
            "top": 260.8312683105469,
            "width": 148.9968719482422
        },
        {
            "height": 14.24062442779541,
            "label": "clock",
            "left": 406.3500061035156,
            "top": 207.50624084472656,
            "width": 15.515625
        },
        {
            "height": 51.15937423706055,
            "label": "toaster",
            "left": 94.62187957763672,
            "top": 356.0062255859375,
            "width": 77.2125015258789
        },
        {
            "height": 16.818750381469727,
            "label": "bowl",
            "left": 388.6593933105469,
            "top": 305.671875,
            "width": 28.396875381469727
        },
        {
            "height": 9.271875381469727,
            "label": "bowl",
            "left": 382.875,
            "top": 267.06561279296875,
            "width": 18.65625
        },
        {
            "height": 26.71875,
            "label": "sink",
            "left": 530.0343627929688,
            "top": 372.0281066894531,
            "width": 49.02187728881836
        },
        {
            "height": 20.146873474121094,
            "label": "cup",
            "left": 522.6187744140625,
            "top": 351.54376220703125,
            "width": 18.384376525878906
        },
        {
            "height": 20.137500762939453,
            "label": "bottle",
            "left": 381.0093688964844,
            "top": 248.21250915527344,
            "width": 10.734375
        }
    ]
}