{
    "image_id": 135604,
    "seq": [
        {
            "height": 50.79625292740047,
            "label": "sports ball",
            "left": 397.9124755859375,
            "top": 398.1357947892272,
            "width": 37.70625
        },
        {
            "height": 23.915690866510538,
            "label": "car",
            "left": 378.7125,
            "top": 138.73065171252927,
            "width": 26.971875
        },
        {
            "height": 421.6580430327869,
            "label": "person",
            "left": 426.3375,
            "top": 52.81967213114754,
            "width": 93.234375
        }
    ]
}