{
    "image_id": 135604,
    "seq": [
        {
            "height": 33.890628814697266,
            "label": "sports ball",
            "left": 398.3812561035156,
            "top": 266.0999755859375,
            "width": 37.70625305175781
        },
        {
            "height": 15.956250190734863,
            "label": "car",
            "left": 379.1812438964844,
            "top": 93.02812957763672,
            "width": 26.97187614440918
        },
        {
            "height": 281.3249816894531,
            "label": "person",
            "left": 426.8062744140625,
            "top": 35.709373474121094,
            "width": 93.234375
        }
    ]
}