{
    "image_id": 135872,
    "seq": [
        {
            "height": 94.5374984741211,
            "label": "tv",
            "left": 253.90310668945312,
            "top": 39.96562576293945,
            "width": 82.9593734741211
        },
        {
            "height": 83.36250305175781,
            "label": "tv",
            "left": 179.109375,
            "top": 166.72500610351562,
            "width": 31.368749618530273
        },
        {
            "height": 231.2156219482422,
            "label": "chair",
            "left": 364.94061279296875,
            "top": 135.88125610351562,
            "width": 139.7624969482422
        },
        {
            "height": 91.50936889648438,
            "label": "laptop",
            "left": 173.8874969482422,
            "top": 163.5281219482422,
            "width": 103.4437484741211
        },
        {
            "height": 27.571874618530273,
            "label": "keyboard",
            "left": 289.9593811035156,
            "top": 157.18125915527344,
            "width": 56.343746185302734
        },
        {
            "height": 27.093748092651367,
            "label": "keyboard",
            "left": 312.35626220703125,
            "top": 165.66563415527344,
            "width": 66.0562515258789
        },
        {
            "height": 29.193748474121094,
            "label": "book",
            "left": 280.0875244140625,
            "top": 194.63436889648438,
            "width": 63.29063034057617
        },
        {
            "height": 16.98750114440918,
            "label": "cup",
            "left": 354.9937744140625,
            "top": 132.54376220703125,
            "width": 16.275001525878906
        },
        {
            "height": 8.643750190734863,
            "label": "mouse",
            "left": 382.37811279296875,
            "top": 147.1875,
            "width": 19.912500381469727
        },
        {
            "height": 2.6624999046325684,
            "label": "mouse",
            "left": 383.9156188964844,
            "top": 159.36563110351562,
            "width": 3.8999998569488525
        },
        {
            "height": 9.112500190734863,
            "label": "mouse",
            "left": 384.5249938964844,
            "top": 156.47811889648438,
            "width": 15.890625953674316
        },
        {
            "height": 6.571875095367432,
            "label": "mouse",
            "left": 358.6781005859375,
            "top": 158.21249389648438,
            "width": 18.421875
        }
    ]
}