{
    "image_id": 135872,
    "seq": [
        {
            "height": 141.69554120316158,
            "label": "tv",
            "left": 253.4343994140625,
            "top": 59.199044935597186,
            "width": 82.959375
        },
        {
            "height": 124.94613583138174,
            "label": "tv",
            "left": 178.640625,
            "top": 249.18969555035127,
            "width": 31.36875
        },
        {
            "height": 346.5526932084309,
            "label": "chair",
            "left": 364.4718994140625,
            "top": 202.96018735362998,
            "width": 139.7625
        },
        {
            "height": 137.1569086651054,
            "label": "laptop",
            "left": 173.41875,
            "top": 244.39808987119437,
            "width": 103.44375
        },
        {
            "height": 41.32552693208431,
            "label": "keyboard",
            "left": 289.4906005859375,
            "top": 234.88524590163934,
            "width": 56.34375
        },
        {
            "height": 40.608894723360656,
            "label": "keyboard",
            "left": 311.8875,
            "top": 247.6018918325527,
            "width": 66.05625
        },
        {
            "height": 43.75644028103044,
            "label": "book",
            "left": 279.61875,
            "top": 291.0210955796253,
            "width": 63.290625
        },
        {
            "height": 25.461360600848945,
            "label": "cup",
            "left": 354.5249755859375,
            "top": 197.95782713700234,
            "width": 16.275
        },
        {
            "height": 12.955503512880561,
            "label": "mouse",
            "left": 381.909375,
            "top": 219.9063231850117,
            "width": 19.912501525878906
        },
        {
            "height": 3.990631746743267,
            "label": "mouse",
            "left": 383.446875,
            "top": 238.15923228922716,
            "width": 3.9
        },
        {
            "height": 13.65807962529274,
            "label": "mouse",
            "left": 384.05625,
            "top": 233.83136343676816,
            "width": 15.890625
        },
        {
            "height": 9.850117096018735,
            "label": "mouse",
            "left": 358.2093994140625,
            "top": 236.43093164519905,
            "width": 18.421875
        }
    ]
}