{
    "image_id": 135890,
    "seq": [
        {
            "height": 45.178125,
            "label": "clock",
            "left": 242.87383177570092,
            "top": 99.7875,
            "width": 53.57943925233645
        },
        {
            "height": 46.29375,
            "label": "clock",
            "left": 146.35514931366822,
            "top": 100.31250610351563,
            "width": 51.58878504672897
        },
        {
            "height": 30.459378051757813,
            "label": "person",
            "left": 384.5748028621495,
            "top": 512.00625,
            "width": 13.80841121495327
        },
        {
            "height": 15.721875,
            "label": "person",
            "left": 116.88785046728972,
            "top": 522.65625,
            "width": 12.574766355140186
        },
        {
            "height": 18.590625,
            "label": "person",
            "left": 43.33177113755841,
            "top": 517.415673828125,
            "width": 12.294393664208528
        },
        {
            "height": 15.946875,
            "label": "person",
            "left": 64.89252336448598,
            "top": 522.0,
            "width": 17.242990654205606
        },
        {
            "height": 20.75625,
            "label": "person",
            "left": 361.23364485981307,
            "top": 521.868701171875,
            "width": 11.957943925233645
        },
        {
            "height": 15.9375,
            "label": "person",
            "left": 26.018693870473133,
            "top": 520.134375,
            "width": 14.411214953271028
        },
        {
            "height": 14.00625,
            "label": "person",
            "left": 0.0,
            "top": 520.762548828125,
            "width": 10.401869158878505
        },
        {
            "height": 18.421875,
            "label": "person",
            "left": 405.9672897196262,
            "top": 521.053125,
            "width": 16.233644859813083
        },
        {
            "height": 8.60625,
            "label": "person",
            "left": 365.49532710280374,
            "top": 517.0875,
            "width": 8.845794392523365
        },
        {
            "height": 21.31875,
            "label": "person",
            "left": 142.0373831775701,
            "top": 518.353173828125,
            "width": 19.12149760879089
        }
    ]
}