{
    "image_id": 135890,
    "seq": [
        {
            "height": 45.178123474121094,
            "label": "clock",
            "left": 162.890625,
            "top": 100.25625610351562,
            "width": 35.83124923706055
        },
        {
            "height": 46.29375076293945,
            "label": "clock",
            "left": 98.34375,
            "top": 100.78125,
            "width": 34.5
        },
        {
            "height": 30.459375381469727,
            "label": "person",
            "left": 257.6531066894531,
            "top": 512.4750366210938,
            "width": 9.234375
        },
        {
            "height": 15.721875190734863,
            "label": "person",
            "left": 78.63749694824219,
            "top": 523.125,
            "width": 8.409375190734863
        },
        {
            "height": 18.590625762939453,
            "label": "person",
            "left": 29.446874618530273,
            "top": 517.8843383789062,
            "width": 8.221875190734863
        },
        {
            "height": 15.946874618530273,
            "label": "person",
            "left": 43.865623474121094,
            "top": 522.46875,
            "width": 11.53125
        },
        {
            "height": 20.756250381469727,
            "label": "person",
            "left": 242.0437469482422,
            "top": 522.3374633789062,
            "width": 7.996874809265137
        },
        {
            "height": 15.9375,
            "label": "person",
            "left": 17.868749618530273,
            "top": 520.6030883789062,
            "width": 9.637499809265137
        },
        {
            "height": 14.00624942779541,
            "label": "person",
            "left": 0.0,
            "top": 521.2312622070312,
            "width": 6.956249713897705
        },
        {
            "height": 18.421875,
            "label": "person",
            "left": 271.9593505859375,
            "top": 521.5218505859375,
            "width": 10.856249809265137
        },
        {
            "height": 8.606250762939453,
            "label": "person",
            "left": 244.8937530517578,
            "top": 517.5562744140625,
            "width": 5.915624618530273
        },
        {
            "height": 21.318748474121094,
            "label": "person",
            "left": 95.45625305175781,
            "top": 518.8218383789062,
            "width": 12.787500381469727
        }
    ]
}