{
    "image_id": 135902,
    "seq": [
        {
            "height": 361.89176470588234,
            "label": "train",
            "left": 1.3218820571899415,
            "top": 148.08,
            "width": 510.103125
        },
        {
            "height": 54.40941176470588,
            "label": "person",
            "left": 528.196826171875,
            "top": 339.38827205882353,
            "width": 11.203124237060546
        },
        {
            "height": 83.28,
            "label": "train",
            "left": 524.8875,
            "top": 306.2823713235294,
            "width": 74.64375
        }
    ]
}