{
    "image_id": 135902,
    "seq": [
        {
            "height": 240.31874084472656,
            "label": "train",
            "left": 1.790624976158142,
            "top": 98.8031234741211,
            "width": 510.1031188964844
        },
        {
            "height": 36.13125228881836,
            "label": "person",
            "left": 528.6655883789062,
            "top": 225.84375,
            "width": 11.203124046325684
        },
        {
            "height": 55.30312728881836,
            "label": "train",
            "left": 525.3562622070312,
            "top": 203.85935974121094,
            "width": 74.64375305175781
        }
    ]
}