{
    "image_id": 136355,
    "seq": [
        {
            "height": 66.1781234741211,
            "label": "potted plant",
            "left": 481.125,
            "top": 79.19062805175781,
            "width": 85.0875015258789
        },
        {
            "height": 174.515625,
            "label": "potted plant",
            "left": 307.6593933105469,
            "top": 0.9000000357627869,
            "width": 223.08750915527344
        },
        {
            "height": 59.17499923706055,
            "label": "potted plant",
            "left": 305.8125305175781,
            "top": 115.8375015258789,
            "width": 52.15312576293945
        },
        {
            "height": 115.3125,
            "label": "potted plant",
            "left": 420.72186279296875,
            "top": 164.77500915527344,
            "width": 60.421871185302734
        },
        {
            "height": 173.7937469482422,
            "label": "chair",
            "left": 339.7875061035156,
            "top": 221.11875915527344,
            "width": 41.50312423706055
        },
        {
            "height": 156.4968719482422,
            "label": "chair",
            "left": 43.228126525878906,
            "top": 238.41561889648438,
            "width": 89.0531234741211
        },
        {
            "height": 37.38750076293945,
            "label": "chair",
            "left": 169.3874969482422,
            "top": 209.6062469482422,
            "width": 28.03125
        },
        {
            "height": 162.00936889648438,
            "label": "dining table",
            "left": 69.703125,
            "top": 233.5968780517578,
            "width": 293.87811279296875
        },
        {
            "height": 325.0875244140625,
            "label": "refrigerator",
            "left": 544.5,
            "top": 69.9375,
            "width": 55.5
        },
        {
            "height": 25.228124618530273,
            "label": "bottle",
            "left": 207.78749084472656,
            "top": 82.03125,
            "width": 16.359376907348633
        },
        {
            "height": 34.22812271118164,
            "label": "bowl",
            "left": 448.0593566894531,
            "top": 269.3718566894531,
            "width": 54.196876525878906
        },
        {
            "height": 28.584375381469727,
            "label": "bowl",
            "left": 500.5968322753906,
            "top": 270.4125061035156,
            "width": 54.75
        },
        {
            "height": 56.803123474121094,
            "label": "vase",
            "left": 199.25624084472656,
            "top": 226.7531280517578,
            "width": 33.35625076293945
        },
        {
            "height": 9.19687557220459,
            "label": "orange",
            "left": 460.61248779296875,
            "top": 279.75,
            "width": 14.99062442779541
        },
        {
            "height": 10.56562614440918,
            "label": "orange",
            "left": 476.5312194824219,
            "top": 280.04998779296875,
            "width": 16.181251525878906
        },
        {
            "height": 131.00625610351562,
            "label": "potted plant",
            "left": 171.5625,
            "top": 150.7687530517578,
            "width": 86.296875
        },
        {
            "height": 18.459375381469727,
            "label": "bowl",
            "left": 227.6999969482422,
            "top": 235.265625,
            "width": 41.99062728881836
        },
        {
            "height": 6.028125286102295,
            "label": "orange",
            "left": 519.9937133789062,
            "top": 281.23126220703125,
            "width": 13.621874809265137
        },
        {
            "height": 8.990625381469727,
            "label": "orange",
            "left": 531.1124877929688,
            "top": 278.0343933105469,
            "width": 13.565625190734863
        }
    ]
}