{
    "image_id": 136355,
    "seq": [
        {
            "height": 99.18968640222482,
            "label": "potted plant",
            "left": 480.65625,
            "top": 117.99065976288057,
            "width": 85.0875
        },
        {
            "height": 261.56908665105385,
            "label": "potted plant",
            "left": 307.1906494140625,
            "top": 0.6463660211138759,
            "width": 223.0875244140625
        },
        {
            "height": 88.69320843091334,
            "label": "potted plant",
            "left": 305.34375,
            "top": 172.91805108313818,
            "width": 52.153125
        },
        {
            "height": 172.8337236533958,
            "label": "potted plant",
            "left": 420.253125,
            "top": 246.26699721896955,
            "width": 60.421875
        },
        {
            "height": 260.4871194379391,
            "label": "chair",
            "left": 339.31875,
            "top": 330.7166276346604,
            "width": 41.503125
        },
        {
            "height": 234.5620425936768,
            "label": "chair",
            "left": 42.759378051757814,
            "top": 356.6417593676815,
            "width": 89.053125
        },
        {
            "height": 56.03747072599531,
            "label": "chair",
            "left": 168.91876220703125,
            "top": 313.4613217213115,
            "width": 28.03125
        },
        {
            "height": 242.82435597189695,
            "label": "dining table",
            "left": 69.23438110351563,
            "top": 349.41924033957844,
            "width": 293.878125
        },
        {
            "height": 487.25058548009366,
            "label": "refrigerator",
            "left": 544.03125,
            "top": 104.12177071135831,
            "width": 55.5
        },
        {
            "height": 37.81264637002342,
            "label": "bottle",
            "left": 207.31875,
            "top": 122.2482344115925,
            "width": 16.359375
        },
        {
            "height": 51.30210315427401,
            "label": "bowl",
            "left": 447.590625,
            "top": 403.0398492388759,
            "width": 54.196875
        },
        {
            "height": 42.843091334894616,
            "label": "bowl",
            "left": 500.128076171875,
            "top": 404.59953161592506,
            "width": 54.75
        },
        {
            "height": 85.13817330210773,
            "label": "vase",
            "left": 198.78748779296876,
            "top": 339.1615925058548,
            "width": 33.35625305175781
        },
        {
            "height": 13.78454446904274,
            "label": "orange",
            "left": 460.14375,
            "top": 418.5948111826698,
            "width": 14.990625
        },
        {
            "height": 15.8360667172863,
            "label": "orange",
            "left": 476.0625,
            "top": 419.04445989461357,
            "width": 16.18125
        },
        {
            "height": 196.3559718969555,
            "label": "potted plant",
            "left": 171.09373779296874,
            "top": 225.27398638758783,
            "width": 86.296875
        },
        {
            "height": 27.66744730679157,
            "label": "bowl",
            "left": 227.23125,
            "top": 351.9204112997658,
            "width": 41.990625
        },
        {
            "height": 9.035129377378514,
            "label": "orange",
            "left": 519.524951171875,
            "top": 420.8149882903981,
            "width": 13.621875
        },
        {
            "height": 13.475409836065573,
            "label": "orange",
            "left": 530.64375,
            "top": 416.02338261124123,
            "width": 13.565625
        }
    ]
}