{
    "image_id": 13659,
    "seq": [
        {
            "height": 208.5875,
            "label": "chair",
            "left": 341.3812744140625,
            "top": 361.95,
            "width": 115.875
        },
        {
            "height": 154.46251627604167,
            "label": "chair",
            "left": 286.171875,
            "top": 181.175,
            "width": 87.1875
        },
        {
            "height": 186.4125,
            "label": "chair",
            "left": 451.659375,
            "top": 216.0,
            "width": 81.928125
        },
        {
            "height": 87.7625,
            "label": "chair",
            "left": 176.3625,
            "top": 154.95,
            "width": 83.615625
        },
        {
            "height": 72.2625,
            "label": "chair",
            "left": 353.728125,
            "top": 519.3750325520833,
            "width": 41.60625
        },
        {
            "height": 172.15,
            "label": "dining table",
            "left": 359.5875,
            "top": 180.17498372395832,
            "width": 177.72188720703124
        },
        {
            "height": 169.4125,
            "label": "dining table",
            "left": 567.05625,
            "top": 270.1999837239583,
            "width": 32.475
        },
        {
            "height": 327.32496744791666,
            "label": "person",
            "left": 142.0875,
            "top": 270.8249837239583,
            "width": 213.45
        },
        {
            "height": 176.625,
            "label": "person",
            "left": 380.765625,
            "top": 11.5125,
            "width": 79.89375
        },
        {
            "height": 214.11248372395832,
            "label": "person",
            "left": 310.1812744140625,
            "top": 116.98750813802083,
            "width": 122.19375
        },
        {
            "height": 204.97496744791667,
            "label": "person",
            "left": 486.140625,
            "top": 93.92501627604166,
            "width": 112.06876220703126
        },
        {
            "height": 140.22501627604166,
            "label": "laptop",
            "left": 50.090625,
            "top": 434.875,
            "width": 136.51875
        },
        {
            "height": 103.825,
            "label": "laptop",
            "left": 90.54375,
            "top": 316.0,
            "width": 96.065625
        },
        {
            "height": 64.12500406901042,
            "label": "cup",
            "left": 83.39063110351563,
            "top": 400.7,
            "width": 27.4875
        },
        {
            "height": 46.25,
            "label": "tv",
            "left": 182.26875,
            "top": 97.975,
            "width": 37.55625
        },
        {
            "height": 116.0375,
            "label": "chair",
            "left": 264.01875,
            "top": 271.63751627604165,
            "width": 46.56562194824219
        },
        {
            "height": 155.2875,
            "label": "chair",
            "left": 531.506201171875,
            "top": 200.025,
            "width": 40.6125
        },
        {
            "height": 99.025,
            "label": "person",
            "left": 449.6625,
            "top": 93.42501627604166,
            "width": 36.08437805175781
        }
    ]
}