{
    "image_id": 13659,
    "seq": [
        {
            "height": 156.4406280517578,
            "label": "chair",
            "left": 341.8500061035156,
            "top": 271.9312438964844,
            "width": 115.875
        },
        {
            "height": 115.84687805175781,
            "label": "chair",
            "left": 286.640625,
            "top": 136.35000610351562,
            "width": 87.1875
        },
        {
            "height": 139.8093719482422,
            "label": "chair",
            "left": 452.12811279296875,
            "top": 162.46875,
            "width": 81.92813110351562
        },
        {
            "height": 65.8218765258789,
            "label": "chair",
            "left": 176.83123779296875,
            "top": 116.6812515258789,
            "width": 83.61563110351562
        },
        {
            "height": 54.196876525878906,
            "label": "chair",
            "left": 354.1968688964844,
            "top": 390.0,
            "width": 41.60625076293945
        },
        {
            "height": 129.1125030517578,
            "label": "dining table",
            "left": 360.0562438964844,
            "top": 135.59999084472656,
            "width": 177.7218780517578
        },
        {
            "height": 127.05937194824219,
            "label": "dining table",
            "left": 567.5249633789062,
            "top": 203.11875915527344,
            "width": 32.474998474121094
        },
        {
            "height": 245.49374389648438,
            "label": "person",
            "left": 142.55624389648438,
            "top": 203.58749389648438,
            "width": 213.4499969482422
        },
        {
            "height": 132.46875,
            "label": "person",
            "left": 381.234375,
            "top": 9.10312557220459,
            "width": 79.89375305175781
        },
        {
            "height": 160.58436584472656,
            "label": "person",
            "left": 310.6499938964844,
            "top": 88.2093734741211,
            "width": 122.1937484741211
        },
        {
            "height": 153.73123168945312,
            "label": "person",
            "left": 486.609375,
            "top": 70.9124984741211,
            "width": 112.06875610351562
        },
        {
            "height": 105.16875457763672,
            "label": "laptop",
            "left": 50.55937576293945,
            "top": 326.625,
            "width": 136.51873779296875
        },
        {
            "height": 77.86874389648438,
            "label": "laptop",
            "left": 91.01250457763672,
            "top": 237.46875,
            "width": 96.06562042236328
        },
        {
            "height": 48.09375,
            "label": "cup",
            "left": 83.859375,
            "top": 300.9937438964844,
            "width": 27.487499237060547
        },
        {
            "height": 34.6875,
            "label": "tv",
            "left": 182.7375030517578,
            "top": 73.94999694824219,
            "width": 37.556251525878906
        },
        {
            "height": 87.02812194824219,
            "label": "chair",
            "left": 264.48748779296875,
            "top": 204.19686889648438,
            "width": 46.56562423706055
        },
        {
            "height": 116.46562957763672,
            "label": "chair",
            "left": 531.9749755859375,
            "top": 150.4875030517578,
            "width": 40.61249923706055
        },
        {
            "height": 74.26875305175781,
            "label": "person",
            "left": 450.1312561035156,
            "top": 70.5374984741211,
            "width": 36.08437728881836
        }
    ]
}