{
    "image_id": 136600,
    "seq": [
        {
            "height": 108.26250457763672,
            "label": "bottle",
            "left": 172.11561584472656,
            "top": 55.29374694824219,
            "width": 48.12187957763672
        },
        {
            "height": 30.056251525878906,
            "label": "cell phone",
            "left": 141.16876220703125,
            "top": 354.0187683105469,
            "width": 23.681249618530273
        },
        {
            "height": 32.30624771118164,
            "label": "bowl",
            "left": 463.49066162109375,
            "top": 294.0,
            "width": 28.99687385559082
        },
        {
            "height": 209.39064025878906,
            "label": "laptop",
            "left": 205.53749084472656,
            "top": 184.79063415527344,
            "width": 226.7624969482422
        },
        {
            "height": 101.7281265258789,
            "label": "bottle",
            "left": 383.73748779296875,
            "top": 52.37812423706055,
            "width": 55.218753814697266
        }
    ]
}