{
    "image_id": 136633,
    "seq": [
        {
            "height": 420.6750183105469,
            "label": "umbrella",
            "left": 53.93437194824219,
            "top": 0.3375000059604645,
            "width": 342.46875
        },
        {
            "height": 45.12187576293945,
            "label": "person",
            "left": 125.9625015258789,
            "top": 237.52500915527344,
            "width": 12.13124942779541
        },
        {
            "height": 50.86874771118164,
            "label": "person",
            "left": 109.6500015258789,
            "top": 236.5593719482422,
            "width": 17.568750381469727
        },
        {
            "height": 45.21562576293945,
            "label": "person",
            "left": 101.65312957763672,
            "top": 236.390625,
            "width": 12.524999618530273
        },
        {
            "height": 59.578125,
            "label": "bowl",
            "left": 198.75,
            "top": 449.31561279296875,
            "width": 87.84375
        },
        {
            "height": 22.359375,
            "label": "bowl",
            "left": 183.0,
            "top": 403.2187805175781,
            "width": 54.740623474121094
        },
        {
            "height": 50.87812423706055,
            "label": "person",
            "left": 241.3687286376953,
            "top": 239.9718780517578,
            "width": 27.196874618530273
        },
        {
            "height": 98.04375457763672,
            "label": "umbrella",
            "left": 109.078125,
            "top": 191.296875,
            "width": 95.5218734741211
        },
        {
            "height": 97.7718734741211,
            "label": "person",
            "left": 71.75625610351562,
            "top": 282.6468505859375,
            "width": 22.143749237060547
        },
        {
            "height": 23.146875381469727,
            "label": "person",
            "left": 63.787498474121094,
            "top": 241.03126525878906,
            "width": 13.274999618530273
        },
        {
            "height": 205.50938415527344,
            "label": "person",
            "left": 11.109375953674316,
            "top": 236.578125,
            "width": 69.8343734741211
        },
        {
            "height": 30.140626907348633,
            "label": "person",
            "left": 146.2781219482422,
            "top": 241.4343719482422,
            "width": 9.946874618530273
        },
        {
            "height": 23.015625,
            "label": "person",
            "left": 73.03125,
            "top": 240.97500610351562,
            "width": 11.953125
        },
        {
            "height": 18.28125,
            "label": "person",
            "left": 96.0843734741211,
            "top": 247.58438110351562,
            "width": 7.621875286102295
        },
        {
            "height": 12.524999618530273,
            "label": "umbrella",
            "left": 135.71249389648438,
            "top": 223.81875610351562,
            "width": 30.984373092651367
        },
        {
            "height": 82.55624389648438,
            "label": "person",
            "left": 7.012500286102295,
            "top": 240.1312713623047,
            "width": 24.825000762939453
        },
        {
            "height": 18.590625762939453,
            "label": "umbrella",
            "left": 42.86249923706055,
            "top": 225.234375,
            "width": 38.334373474121094
        },
        {
            "height": 27.075000762939453,
            "label": "person",
            "left": 159.7312469482422,
            "top": 237.99374389648438,
            "width": 8.868749618530273
        }
    ]
}