{
    "image_id": 136600,
    "seq": [
        {
            "height": 151.61487964989058,
            "label": "bottle",
            "left": 171.646875,
            "top": 76.77900198304158,
            "width": 48.12187805175781
        },
        {
            "height": 42.09190371991247,
            "label": "cell phone",
            "left": 140.7,
            "top": 495.12476066739606,
            "width": 23.68125
        },
        {
            "height": 45.24288840262582,
            "label": "bowl",
            "left": 463.021875,
            "top": 411.0722100656455,
            "width": 28.996875
        },
        {
            "height": 293.23851203501096,
            "label": "laptop",
            "left": 205.06875,
            "top": 258.1313081236324,
            "width": 226.7625
        },
        {
            "height": 142.46388641958424,
            "label": "bottle",
            "left": 383.26875,
            "top": 72.69585954595186,
            "width": 55.21875
        }
    ]
}