{
    "image_id": 136633,
    "seq": [
        {
            "height": 420.675048828125,
            "label": "umbrella",
            "left": 80.13582223360656,
            "top": 0.0,
            "width": 513.3021077283372
        },
        {
            "height": 45.121875,
            "label": "person",
            "left": 188.0936768149883,
            "top": 237.0562255859375,
            "width": 18.18266750219555
        },
        {
            "height": 50.868743896484375,
            "label": "person",
            "left": 163.6440281030445,
            "top": 236.090625,
            "width": 26.33255269320843
        },
        {
            "height": 45.215625,
            "label": "person",
            "left": 151.6580887734192,
            "top": 235.9218994140625,
            "width": 18.772833723653395
        },
        {
            "height": 59.578125,
            "label": "bowl",
            "left": 297.1897138466042,
            "top": 448.846875,
            "width": 131.66276346604215
        },
        {
            "height": 22.359375,
            "label": "bowl",
            "left": 273.58313817330213,
            "top": 402.75,
            "width": 82.04683840749415
        },
        {
            "height": 50.878125,
            "label": "person",
            "left": 361.0679156908665,
            "top": 239.5031494140625,
            "width": 40.76346604215457
        },
        {
            "height": 98.04375,
            "label": "umbrella",
            "left": 162.78688524590163,
            "top": 190.82811279296874,
            "width": 143.17096018735364
        },
        {
            "height": 97.771875,
            "label": "person",
            "left": 106.84777517564403,
            "top": 282.178125,
            "width": 33.189693263319676
        },
        {
            "height": 23.146875,
            "label": "person",
            "left": 94.903981264637,
            "top": 240.5625,
            "width": 19.89695550351288
        },
        {
            "height": 205.5093994140625,
            "label": "person",
            "left": 15.94847775175644,
            "top": 236.109375,
            "width": 104.66978922716628
        },
        {
            "height": 30.140625,
            "label": "person",
            "left": 218.54332552693208,
            "top": 240.965625,
            "width": 14.908665105386417
        },
        {
            "height": 23.015625,
            "label": "person",
            "left": 108.75879134953162,
            "top": 240.50625,
            "width": 17.915690866510538
        },
        {
            "height": 18.28125,
            "label": "person",
            "left": 143.31148455796253,
            "top": 247.115625,
            "width": 11.423887587822014
        },
        {
            "height": 12.525,
            "label": "umbrella",
            "left": 202.70727824941451,
            "top": 223.35,
            "width": 46.440281030444964
        },
        {
            "height": 82.55625,
            "label": "person",
            "left": 9.80796024224239,
            "top": 239.6625244140625,
            "width": 37.20843091334895
        },
        {
            "height": 18.590625,
            "label": "umbrella",
            "left": 63.540983606557376,
            "top": 224.765625,
            "width": 57.45667447306791
        },
        {
            "height": 27.075,
            "label": "person",
            "left": 238.70725995316158,
            "top": 237.5249755859375,
            "width": 13.292740046838407
        }
    ]
}