{
    "image_id": 136715,
    "seq": [
        {
            "height": 252.25314331054688,
            "label": "car",
            "left": 475.98748779296875,
            "top": 42.90937805175781,
            "width": 123.9000015258789
        },
        {
            "height": 297.4875183105469,
            "label": "motorcycle",
            "left": 67.00312805175781,
            "top": 97.48125457763672,
            "width": 338.5780944824219
        },
        {
            "height": 135.19688415527344,
            "label": "motorcycle",
            "left": 337.5562438964844,
            "top": 128.9343719482422,
            "width": 90.4312515258789
        },
        {
            "height": 93.984375,
            "label": "motorcycle",
            "left": 63.55312728881836,
            "top": 164.49375915527344,
            "width": 56.390628814697266
        },
        {
            "height": 260.390625,
            "label": "truck",
            "left": 476.9624938964844,
            "top": 43.48125076293945,
            "width": 121.5093765258789
        },
        {
            "height": 329.4937438964844,
            "label": "person",
            "left": 127.14374542236328,
            "top": 45.66562271118164,
            "width": 235.4812469482422
        },
        {
            "height": 327.7030944824219,
            "label": "person",
            "left": 0.9000000357627869,
            "top": 66.25312042236328,
            "width": 79.6875
        },
        {
            "height": 29.90625,
            "label": "person",
            "left": 147.7312469482422,
            "top": 101.85000610351562,
            "width": 24.674999237060547
        },
        {
            "height": 19.556249618530273,
            "label": "person",
            "left": 358.7531433105469,
            "top": 68.9437484741211,
            "width": 26.831249237060547
        },
        {
            "height": 53.25,
            "label": "person",
            "left": 378.8531188964844,
            "top": 70.56562042236328,
            "width": 35.71875
        },
        {
            "height": 143.25936889648438,
            "label": "person",
            "left": 417.2437438964844,
            "top": 75.43124389648438,
            "width": 52.818748474121094
        },
        {
            "height": 22.115625381469727,
            "label": "person",
            "left": 442.9312438964844,
            "top": 59.953125,
            "width": 18.76875114440918
        },
        {
            "height": 157.93125915527344,
            "label": "person",
            "left": 101.93437957763672,
            "top": 99.609375,
            "width": 50.578125
        },
        {
            "height": 41.24062728881836,
            "label": "person",
            "left": 312.4499816894531,
            "top": 83.09062194824219,
            "width": 42.26250457763672
        },
        {
            "height": 48.34687423706055,
            "label": "person",
            "left": 424.8468933105469,
            "top": 57.131248474121094,
            "width": 22.049999237060547
        },
        {
            "height": 36.63750076293945,
            "label": "person",
            "left": 352.7906188964844,
            "top": 86.86875915527344,
            "width": 46.359375
        },
        {
            "height": 78.73125457763672,
            "label": "motorcycle",
            "left": 23.840625762939453,
            "top": 211.11563110351562,
            "width": 50.40937423706055
        },
        {
            "height": 61.828121185302734,
            "label": "motorcycle",
            "left": 425.9156188964844,
            "top": 199.3125,
            "width": 59.868751525878906
        },
        {
            "height": 27.553123474121094,
            "label": "person",
            "left": 455.4374694824219,
            "top": 83.48438262939453,
            "width": 22.209375381469727
        },
        {
            "height": 45.843753814697266,
            "label": "person",
            "left": 26.578125,
            "top": 48.328121185302734,
            "width": 25.00312614440918
        }
    ]
}