{
    "image_id": 136715,
    "seq": [
        {
            "height": 379.8635294117647,
            "label": "car",
            "left": 475.518701171875,
            "top": 63.91056525735294,
            "width": 123.9
        },
        {
            "height": 447.98117647058825,
            "label": "motorcycle",
            "left": 66.534375,
            "top": 146.08942095588236,
            "width": 338.5781005859375
        },
        {
            "height": 203.59060661764707,
            "label": "motorcycle",
            "left": 337.0875,
            "top": 193.45413602941176,
            "width": 90.43125
        },
        {
            "height": 141.52941176470588,
            "label": "motorcycle",
            "left": 63.08436889648438,
            "top": 247.00233455882352,
            "width": 56.390625
        },
        {
            "height": 392.11764705882354,
            "label": "truck",
            "left": 476.49375,
            "top": 64.77179227941177,
            "width": 121.509375
        },
        {
            "height": 496.1788235294118,
            "label": "person",
            "left": 126.675,
            "top": 68.06119025735295,
            "width": 235.48125
        },
        {
            "height": 493.4823529411765,
            "label": "person",
            "left": 0.43125004768371583,
            "top": 99.0635294117647,
            "width": 79.6875
        },
        {
            "height": 45.03529411764706,
            "label": "person",
            "left": 147.2625,
            "top": 152.6682444852941,
            "width": 24.675
        },
        {
            "height": 29.449411764705882,
            "label": "person",
            "left": 358.2843994140625,
            "top": 103.11529411764705,
            "width": 26.83125
        },
        {
            "height": 80.18823529411765,
            "label": "person",
            "left": 378.3843505859375,
            "top": 105.55766544117647,
            "width": 35.71875
        },
        {
            "height": 215.73176470588234,
            "label": "person",
            "left": 416.775048828125,
            "top": 112.88466911764706,
            "width": 52.81874389648438
        },
        {
            "height": 33.30352941176471,
            "label": "person",
            "left": 442.4625,
            "top": 89.5764705882353,
            "width": 18.76875
        },
        {
            "height": 237.8259007352941,
            "label": "person",
            "left": 101.46563110351562,
            "top": 149.2941268382353,
            "width": 50.578125
        },
        {
            "height": 62.10353400735294,
            "label": "person",
            "left": 311.98125,
            "top": 124.41883272058824,
            "width": 42.26250305175781
        },
        {
            "height": 72.80470588235295,
            "label": "person",
            "left": 424.378125,
            "top": 85.32707720588235,
            "width": 22.05
        },
        {
            "height": 55.17176930147059,
            "label": "person",
            "left": 352.321875,
            "top": 130.10826286764706,
            "width": 46.359375
        },
        {
            "height": 118.56001838235294,
            "label": "motorcycle",
            "left": 23.371875,
            "top": 317.20941176470586,
            "width": 50.40937194824219
        },
        {
            "height": 93.10588235294118,
            "label": "motorcycle",
            "left": 425.446826171875,
            "top": 299.4352757352941,
            "width": 59.86875
        },
        {
            "height": 41.49176470588235,
            "label": "person",
            "left": 454.96875,
            "top": 125.01175551470588,
            "width": 22.209373474121094
        },
        {
            "height": 69.03529411764706,
            "label": "person",
            "left": 26.109378051757812,
            "top": 72.07057444852941,
            "width": 25.003125
        }
    ]
}