{
    "image_id": 136915,
    "seq": [
        {
            "height": 225.37236533957847,
            "label": "tie",
            "left": 198.459375,
            "top": 244.7493962236534,
            "width": 32.109375
        },
        {
            "height": 483.7798594847775,
            "label": "person",
            "left": 69.853125,
            "top": 108.75879134953162,
            "width": 238.93125
        },
        {
            "height": 435.4988290398126,
            "label": "person",
            "left": 386.3531005859375,
            "top": 157.05384587236534,
            "width": 156.52501220703124
        },
        {
            "height": 120.0,
            "label": "baseball bat",
            "left": 117.375,
            "top": 372.78688524590166,
            "width": 189.815625
        },
        {
            "height": 20.44496487119438,
            "label": "book",
            "left": 9.937499237060546,
            "top": 299.1709601873536,
            "width": 43.978125
        },
        {
            "height": 194.86649224238874,
            "label": "person",
            "left": 541.828076171875,
            "top": 404.43091334894615,
            "width": 57.703118896484376
        },
        {
            "height": 97.03981264637002,
            "label": "book",
            "left": 117.834375,
            "top": 2.8243382474019323,
            "width": 9.75
        },
        {
            "height": 101.07259953161592,
            "label": "book",
            "left": 146.259375,
            "top": 1.5035137381989168,
            "width": 29.109375
        },
        {
            "height": 94.97422972775176,
            "label": "chair",
            "left": 587.774951171875,
            "top": 308.2342286299766,
            "width": 11.756249237060548
        }
    ]
}