{
    "image_id": 136915,
    "seq": [
        {
            "height": 150.36561584472656,
            "label": "tie",
            "left": 198.92813110351562,
            "top": 163.76248168945312,
            "width": 32.109375
        },
        {
            "height": 322.7718811035156,
            "label": "person",
            "left": 70.3218765258789,
            "top": 73.03125,
            "width": 238.93124389648438
        },
        {
            "height": 290.55938720703125,
            "label": "person",
            "left": 386.8218688964844,
            "top": 105.25312042236328,
            "width": 156.52500915527344
        },
        {
            "height": 80.0625,
            "label": "baseball bat",
            "left": 117.84375,
            "top": 249.18748474121094,
            "width": 189.8156280517578
        },
        {
            "height": 13.640625,
            "label": "book",
            "left": 10.40625,
            "top": 200.07186889648438,
            "width": 43.978126525878906
        },
        {
            "height": 130.0124969482422,
            "label": "person",
            "left": 542.296875,
            "top": 270.3000183105469,
            "width": 57.703121185302734
        },
        {
            "height": 64.74374389648438,
            "label": "book",
            "left": 118.30313110351562,
            "top": 2.3531248569488525,
            "width": 9.75
        },
        {
            "height": 67.43437194824219,
            "label": "book",
            "left": 146.72811889648438,
            "top": 1.4718750715255737,
            "width": 29.109375
        },
        {
            "height": 63.365623474121094,
            "label": "chair",
            "left": 588.2437744140625,
            "top": 206.11874389648438,
            "width": 11.75624942779541
        }
    ]
}