{
    "image_id": 137294,
    "seq": [
        {
            "height": 263.8406066894531,
            "label": "person",
            "left": 246.14060974121094,
            "top": 136.4718780517578,
            "width": 353.18438720703125
        },
        {
            "height": 62.84062576293945,
            "label": "person",
            "left": 413.31561279296875,
            "top": 162.97499084472656,
            "width": 52.14374923706055
        },
        {
            "height": 234.80625915527344,
            "label": "oven",
            "left": 142.44375610351562,
            "top": 163.828125,
            "width": 276.1687316894531
        }
    ]
}