{
    "image_id": 137246,
    "seq": [
        {
            "height": 69.22799682617188,
            "label": "umbrella",
            "left": 119.14799499511719,
            "top": 29.5679988861084,
            "width": 198.6959991455078
        },
        {
            "height": 134.10000610351562,
            "label": "umbrella",
            "left": 7.163999557495117,
            "top": 65.0999984741211,
            "width": 116.30400085449219
        },
        {
            "height": 61.8120002746582,
            "label": "umbrella",
            "left": 0.0,
            "top": 38.23200225830078,
            "width": 69.88800048828125
        },
        {
            "height": 80.052001953125,
            "label": "umbrella",
            "left": 157.96800231933594,
            "top": 24.79199981689453,
            "width": 84.81600189208984
        },
        {
            "height": 307.8000183105469,
            "label": "person",
            "left": 162.89999389648438,
            "top": 87.75599670410156,
            "width": 228.60000610351562
        },
        {
            "height": 86.20799255371094,
            "label": "bench",
            "left": 96.98400115966797,
            "top": 223.59600830078125,
            "width": 80.81999969482422
        },
        {
            "height": 63.84000015258789,
            "label": "hot dog",
            "left": 306.7919921875,
            "top": 250.03199768066406,
            "width": 78.57600402832031
        },
        {
            "height": 51.959999084472656,
            "label": "bench",
            "left": 0.0,
            "top": 241.45201110839844,
            "width": 84.7199935913086
        },
        {
            "height": 21.61199951171875,
            "label": "bench",
            "left": 0.0,
            "top": 184.2119903564453,
            "width": 122.70000457763672
        },
        {
            "height": 151.59600830078125,
            "label": "potted plant",
            "left": 345.31201171875,
            "top": 207.44400024414062,
            "width": 128.49600219726562
        },
        {
            "height": 56.01599884033203,
            "label": "dining table",
            "left": 0.1679999977350235,
            "top": 198.46800231933594,
            "width": 34.12800216674805
        },
        {
            "height": 66.31199645996094,
            "label": "dining table",
            "left": 147.87600708007812,
            "top": 200.7239990234375,
            "width": 53.7599983215332
        },
        {
            "height": 22.27199935913086,
            "label": "dining table",
            "left": 176.55599975585938,
            "top": 168.73199462890625,
            "width": 22.667999267578125
        },
        {
            "height": 17.652000427246094,
            "label": "dining table",
            "left": 26.988000869750977,
            "top": 162.94798278808594,
            "width": 76.80000305175781
        },
        {
            "height": 14.14799976348877,
            "label": "bench",
            "left": 151.4399871826172,
            "top": 187.65599060058594,
            "width": 15.827999114990234
        },
        {
            "height": 22.85999870300293,
            "label": "bench",
            "left": 148.69200134277344,
            "top": 200.86801147460938,
            "width": 51.10799789428711
        },
        {
            "height": 179.1959991455078,
            "label": "person",
            "left": 442.823974609375,
            "top": 112.71599578857422,
            "width": 66.8759994506836
        }
    ]
}