{
    "image_id": 13729,
    "seq": [
        {
            "height": 51.7375,
            "label": "bottle",
            "left": 485.259423828125,
            "top": 301.7625325520833,
            "width": 11.306251525878906
        },
        {
            "height": 384.2625,
            "label": "person",
            "left": 236.15625,
            "top": 81.625,
            "width": 78.88125
        },
        {
            "height": 472.94996744791666,
            "label": "person",
            "left": 335.9156005859375,
            "top": 66.96252848307292,
            "width": 124.734375
        },
        {
            "height": 57.51249593098958,
            "label": "bottle",
            "left": 506.156201171875,
            "top": 305.175,
            "width": 10.443751525878906
        },
        {
            "height": 173.15,
            "label": "remote",
            "left": 216.740625,
            "top": 176.49998372395834,
            "width": 154.865625
        },
        {
            "height": 6.637500508626302,
            "label": "remote",
            "left": 230.709375,
            "top": 325.83753255208336,
            "width": 14.709375
        },
        {
            "height": 482.0,
            "label": "person",
            "left": 72.27188110351562,
            "top": 111.33749186197916,
            "width": 172.10625
        },
        {
            "height": 328.9875,
            "label": "person",
            "left": 143.128125,
            "top": 99.14999186197916,
            "width": 70.78125
        },
        {
            "height": 137.9125,
            "label": "dining table",
            "left": 447.853076171875,
            "top": 460.01246744791666,
            "width": 151.67811279296876
        },
        {
            "height": 15.4375,
            "label": "cup",
            "left": 576.478173828125,
            "top": 338.02503255208336,
            "width": 9.525
        },
        {
            "height": 166.33751627604167,
            "label": "couch",
            "left": 292.5375,
            "top": 257.8875,
            "width": 83.4
        }
    ]
}