{
    "image_id": 137294,
    "seq": [
        {
            "height": 395.4519906323185,
            "label": "person",
            "left": 245.671875,
            "top": 203.84546984777518,
            "width": 353.184375
        },
        {
            "height": 94.18735362997658,
            "label": "person",
            "left": 412.846875,
            "top": 243.56908665105385,
            "width": 52.14375
        },
        {
            "height": 351.93446282201404,
            "label": "oven",
            "left": 141.97501220703126,
            "top": 244.84773858313818,
            "width": 276.1687255859375
        }
    ]
}