{
    "image_id": 13729,
    "seq": [
        {
            "height": 38.803123474121094,
            "label": "bottle",
            "left": 485.72808837890625,
            "top": 226.79061889648438,
            "width": 11.30625057220459
        },
        {
            "height": 288.1968994140625,
            "label": "person",
            "left": 236.625,
            "top": 61.687503814697266,
            "width": 78.8812484741211
        },
        {
            "height": 354.7124938964844,
            "label": "person",
            "left": 336.3843688964844,
            "top": 50.69062423706055,
            "width": 124.734375
        },
        {
            "height": 43.13437271118164,
            "label": "bottle",
            "left": 506.625,
            "top": 229.35000610351562,
            "width": 10.443750381469727
        },
        {
            "height": 129.8625030517578,
            "label": "remote",
            "left": 217.20938110351562,
            "top": 132.84375,
            "width": 154.86563110351562
        },
        {
            "height": 4.978125095367432,
            "label": "remote",
            "left": 231.17813110351562,
            "top": 244.8468780517578,
            "width": 14.709375381469727
        },
        {
            "height": 361.5,
            "label": "person",
            "left": 72.7406234741211,
            "top": 83.97187042236328,
            "width": 172.1062469482422
        },
        {
            "height": 246.74063110351562,
            "label": "person",
            "left": 143.59686279296875,
            "top": 74.83124542236328,
            "width": 70.78125
        },
        {
            "height": 103.43437194824219,
            "label": "dining table",
            "left": 448.3218688964844,
            "top": 345.4781494140625,
            "width": 151.67811584472656
        },
        {
            "height": 11.578125,
            "label": "cup",
            "left": 576.9468383789062,
            "top": 253.9875030517578,
            "width": 9.52500057220459
        },
        {
            "height": 124.75313568115234,
            "label": "couch",
            "left": 293.0062561035156,
            "top": 193.88436889648438,
            "width": 83.4000015258789
        }
    ]
}