{
    "image_id": 137246,
    "seq": [
        {
            "height": 103.94594594594595,
            "label": "umbrella",
            "left": 118.5480078125,
            "top": 43.49548376501502,
            "width": 198.696
        },
        {
            "height": 201.35135135135135,
            "label": "umbrella",
            "left": 6.56400048828125,
            "top": 96.84685857732732,
            "width": 116.304
        },
        {
            "height": 92.81080494557057,
            "label": "umbrella",
            "left": 0.0,
            "top": 56.5045045045045,
            "width": 69.888
        },
        {
            "height": 120.1981981981982,
            "label": "umbrella",
            "left": 157.367984375,
            "top": 36.32431845908408,
            "width": 84.816
        },
        {
            "height": 462.1621621621622,
            "label": "person",
            "left": 162.3,
            "top": 130.86488832582583,
            "width": 228.6
        },
        {
            "height": 129.44142971096096,
            "label": "bench",
            "left": 96.384,
            "top": 334.82880536786786,
            "width": 80.82
        },
        {
            "height": 95.85585585585585,
            "label": "hot dog",
            "left": 306.192,
            "top": 374.5224990615616,
            "width": 78.5760078125
        },
        {
            "height": 78.01801801801801,
            "label": "bench",
            "left": 0.0,
            "top": 361.63959271771773,
            "width": 84.72
        },
        {
            "height": 32.450450450450454,
            "label": "bench",
            "left": 0.0,
            "top": 275.6937171546547,
            "width": 122.7
        },
        {
            "height": 227.6216216216216,
            "label": "potted plant",
            "left": 344.71196875,
            "top": 310.5765765765766,
            "width": 128.496
        },
        {
            "height": 84.10810810810811,
            "label": "dining table",
            "left": 0.0,
            "top": 297.0990990990991,
            "width": 34.128
        },
        {
            "height": 99.56756756756756,
            "label": "dining table",
            "left": 147.276015625,
            "top": 300.4864864864865,
            "width": 53.76
        },
        {
            "height": 33.44144144144144,
            "label": "dining table",
            "left": 175.956,
            "top": 252.45045045045046,
            "width": 22.668
        },
        {
            "height": 26.504504504504503,
            "label": "dining table",
            "left": 26.388001953125,
            "top": 243.7657423048048,
            "width": 76.8
        },
        {
            "height": 21.243243243243242,
            "label": "bench",
            "left": 150.84,
            "top": 280.8648414039039,
            "width": 15.8279990234375
        },
        {
            "height": 34.32432432432432,
            "label": "bench",
            "left": 148.092,
            "top": 300.70274962462463,
            "width": 51.108
        },
        {
            "height": 269.06306306306305,
            "label": "person",
            "left": 442.22403125,
            "top": 168.34231888138137,
            "width": 66.876
        }
    ]
}