{
    "image_id": 137576,
    "seq": [
        {
            "height": 47.253996447602134,
            "label": "cow",
            "left": 286.7249755859375,
            "top": 195.48491618561278,
            "width": 39.778125
        },
        {
            "height": 82.85968028419182,
            "label": "cow",
            "left": 251.34375,
            "top": 218.30193994227352,
            "width": 64.00311889648438
        },
        {
            "height": 93.7513321492007,
            "label": "cow",
            "left": 238.640625,
            "top": 224.35526753996447,
            "width": 56.840625
        },
        {
            "height": 131.7335701598579,
            "label": "cow",
            "left": 117.525,
            "top": 290.98401420959146,
            "width": 93.459375
        },
        {
            "height": 184.77442273534635,
            "label": "cow",
            "left": 1.0031238555908204,
            "top": 327.6341030195382,
            "width": 111.15
        },
        {
            "height": 140.22735346358792,
            "label": "cow",
            "left": 0.0,
            "top": 386.42984014209594,
            "width": 52.190625
        },
        {
            "height": 174.45824544849023,
            "label": "cow",
            "left": 40.86561889648438,
            "top": 196.88102242451154,
            "width": 179.175
        },
        {
            "height": 84.80994671403197,
            "label": "cow",
            "left": 294.65625,
            "top": 190.94492395648314,
            "width": 42.253125
        },
        {
            "height": 70.76376554174068,
            "label": "cow",
            "left": 190.996875,
            "top": 174.12787244671404,
            "width": 108.225
        }
    ]
}