{
    "image_id": 137576,
    "seq": [
        {
            "height": 41.568748474121094,
            "label": "cow",
            "left": 287.1937255859375,
            "top": 172.4343719482422,
            "width": 39.77812576293945
        },
        {
            "height": 72.890625,
            "label": "cow",
            "left": 251.8125,
            "top": 192.50625610351562,
            "width": 64.00312042236328
        },
        {
            "height": 82.47187805175781,
            "label": "cow",
            "left": 239.10939025878906,
            "top": 197.83126831054688,
            "width": 56.84062576293945
        },
        {
            "height": 115.8843765258789,
            "label": "cow",
            "left": 117.9937515258789,
            "top": 256.4437561035156,
            "width": 93.4593734741211
        },
        {
            "height": 162.54376220703125,
            "label": "cow",
            "left": 1.4718750715255737,
            "top": 288.6843566894531,
            "width": 111.1500015258789
        },
        {
            "height": 123.35624694824219,
            "label": "cow",
            "left": 0.0,
            "top": 340.40625,
            "width": 52.19062423706055
        },
        {
            "height": 153.46873474121094,
            "label": "cow",
            "left": 41.334373474121094,
            "top": 173.66250610351562,
            "width": 179.17498779296875
        },
        {
            "height": 74.60625457763672,
            "label": "cow",
            "left": 295.125,
            "top": 168.44061279296875,
            "width": 42.25312423706055
        },
        {
            "height": 62.250003814697266,
            "label": "cow",
            "left": 191.4656219482422,
            "top": 153.64688110351562,
            "width": 108.22500610351562
        }
    ]
}