{
    "image_id": 137727,
    "seq": [
        {
            "height": 161.85000610351562,
            "label": "train",
            "left": 0.7593749761581421,
            "top": 85.98750305175781,
            "width": 537.7406616210938
        },
        {
            "height": 36.71249771118164,
            "label": "person",
            "left": 216.45001220703125,
            "top": 146.72811889648438,
            "width": 18.365625381469727
        },
        {
            "height": 50.09062576293945,
            "label": "person",
            "left": 225.71250915527344,
            "top": 173.671875,
            "width": 40.98750305175781
        },
        {
            "height": 27.393749237060547,
            "label": "suitcase",
            "left": 312.0843811035156,
            "top": 216.14999389648438,
            "width": 18.993749618530273
        },
        {
            "height": 21.984375,
            "label": "suitcase",
            "left": 280.4624938964844,
            "top": 186.3468780517578,
            "width": 16.76249885559082
        },
        {
            "height": 39.38437271118164,
            "label": "suitcase",
            "left": 208.32188415527344,
            "top": 216.71250915527344,
            "width": 24.84375
        },
        {
            "height": 21.890625,
            "label": "person",
            "left": 524.4281616210938,
            "top": 175.921875,
            "width": 18.196874618530273
        },
        {
            "height": 33.91875076293945,
            "label": "suitcase",
            "left": 238.36874389648438,
            "top": 217.88438415527344,
            "width": 20.690624237060547
        },
        {
            "height": 36.150001525878906,
            "label": "suitcase",
            "left": 193.83749389648438,
            "top": 221.9718780517578,
            "width": 23.896875381469727
        },
        {
            "height": 29.868751525878906,
            "label": "suitcase",
            "left": 268.8187561035156,
            "top": 217.02188110351562,
            "width": 20.118749618530273
        },
        {
            "height": 27.82499885559082,
            "label": "suitcase",
            "left": 231.40313720703125,
            "top": 224.82186889648438,
            "width": 7.256249904632568
        },
        {
            "height": 15.618749618530273,
            "label": "suitcase",
            "left": 258.29998779296875,
            "top": 224.13751220703125,
            "width": 11.175000190734863
        },
        {
            "height": 14.868749618530273,
            "label": "car",
            "left": 573.046875,
            "top": 192.2156219482422,
            "width": 12.825000762939453
        },
        {
            "height": 30.02812385559082,
            "label": "backpack",
            "left": 404.90625,
            "top": 246.796875,
            "width": 27.25312614440918
        },
        {
            "height": 29.034374237060547,
            "label": "backpack",
            "left": 429.7687683105469,
            "top": 245.89688110351562,
            "width": 19.43437385559082
        },
        {
            "height": 16.003124237060547,
            "label": "suitcase",
            "left": 286.7437438964844,
            "top": 231.4499969482422,
            "width": 12.403124809265137
        },
        {
            "height": 14.728124618530273,
            "label": "suitcase",
            "left": 364.7531433105469,
            "top": 193.60311889648438,
            "width": 12.46875
        },
        {
            "height": 15.843749046325684,
            "label": "suitcase",
            "left": 355.0218811035156,
            "top": 191.97189331054688,
            "width": 10.378125190734863
        },
        {
            "height": 10.6875,
            "label": "suitcase",
            "left": 333.1781311035156,
            "top": 197.15625,
            "width": 11.278124809265137
        },
        {
            "height": 27.178123474121094,
            "label": "car",
            "left": 546.4125366210938,
            "top": 182.66249084472656,
            "width": 30.46875
        },
        {
            "height": 12.675000190734863,
            "label": "backpack",
            "left": 259.59375,
            "top": 237.33749389648438,
            "width": 23.606250762939453
        },
        {
            "height": 10.706249237060547,
            "label": "suitcase",
            "left": 269.9156188964844,
            "top": 197.83126831054688,
            "width": 10.200000762939453
        },
        {
            "height": 29.79374885559082,
            "label": "handbag",
            "left": 430.8280944824219,
            "top": 244.83750915527344,
            "width": 17.774999618530273
        },
        {
            "height": 13.528125762939453,
            "label": "handbag",
            "left": 298.1156311035156,
            "top": 233.33438110351562,
            "width": 12.374999046325684
        },
        {
            "height": 10.668749809265137,
            "label": "backpack",
            "left": 299.34375,
            "top": 234.38436889648438,
            "width": 10.265625
        },
        {
            "height": 11.362500190734863,
            "label": "backpack",
            "left": 310.2937316894531,
            "top": 197.02500915527344,
            "width": 14.203125
        }
    ]
}