{
    "image_id": 137727,
    "seq": [
        {
            "height": 288.53481894150417,
            "label": "train",
            "left": 0.29062628746032715,
            "top": 152.4568245125348,
            "width": 537.740673828125
        },
        {
            "height": 65.44846796657382,
            "label": "person",
            "left": 215.98125,
            "top": 260.7409688370474,
            "width": 18.365625
        },
        {
            "height": 89.29805013927577,
            "label": "person",
            "left": 225.24375,
            "top": 308.77435149721447,
            "width": 40.9875
        },
        {
            "height": 48.83565459610028,
            "label": "suitcase",
            "left": 311.6156005859375,
            "top": 384.50134923398326,
            "width": 18.99375
        },
        {
            "height": 39.192200557103064,
            "label": "suitcase",
            "left": 279.99375,
            "top": 331.370451775766,
            "width": 16.762498474121095
        },
        {
            "height": 70.21169372388579,
            "label": "suitcase",
            "left": 207.853125,
            "top": 385.5041782729805,
            "width": 24.84375
        },
        {
            "height": 39.02506963788301,
            "label": "person",
            "left": 523.959326171875,
            "top": 312.7855588440111,
            "width": 18.196875
        },
        {
            "height": 60.467966573816156,
            "label": "suitcase",
            "left": 237.9,
            "top": 387.5933147632312,
            "width": 20.690625
        },
        {
            "height": 64.44568245125348,
            "label": "suitcase",
            "left": 193.36876220703124,
            "top": 394.88022284122565,
            "width": 23.896875
        },
        {
            "height": 53.24791086350975,
            "label": "suitcase",
            "left": 268.35,
            "top": 386.0557103064067,
            "width": 20.118748474121094
        },
        {
            "height": 49.60445682451253,
            "label": "suitcase",
            "left": 230.934375,
            "top": 399.9610463091922,
            "width": 7.25625
        },
        {
            "height": 27.84401114206128,
            "label": "suitcase",
            "left": 257.8312744140625,
            "top": 398.740903551532,
            "width": 11.175
        },
        {
            "height": 26.506963788300837,
            "label": "car",
            "left": 572.578125,
            "top": 341.8328908426184,
            "width": 12.825
        },
        {
            "height": 53.532033426183844,
            "label": "backpack",
            "left": 404.4375,
            "top": 439.1365337743733,
            "width": 27.253125
        },
        {
            "height": 51.760445682451255,
            "label": "backpack",
            "left": 429.3,
            "top": 437.5321204735376,
            "width": 19.434375
        },
        {
            "height": 28.52924791086351,
            "label": "suitcase",
            "left": 286.2750244140625,
            "top": 411.7771587743733,
            "width": 12.403124237060547
        },
        {
            "height": 26.25626740947075,
            "label": "suitcase",
            "left": 364.284375,
            "top": 344.30640668523677,
            "width": 12.46875
        },
        {
            "height": 28.245125348189415,
            "label": "suitcase",
            "left": 354.553125,
            "top": 341.39837221448465,
            "width": 10.378125
        },
        {
            "height": 19.05292479108635,
            "label": "suitcase",
            "left": 332.7093505859375,
            "top": 350.64069028551535,
            "width": 11.278125
        },
        {
            "height": 48.45125348189415,
            "label": "car",
            "left": 545.943798828125,
            "top": 324.8022066504178,
            "width": 30.46875
        },
        {
            "height": 22.596101638666436,
            "label": "backpack",
            "left": 259.125,
            "top": 422.27298050139274,
            "width": 23.60625
        },
        {
            "height": 19.08635097493036,
            "label": "suitcase",
            "left": 269.446875,
            "top": 351.84398938022287,
            "width": 10.200000762939453
        },
        {
            "height": 53.1142061281337,
            "label": "handbag",
            "left": 430.359375,
            "top": 435.64341051532034,
            "width": 17.774998474121094
        },
        {
            "height": 24.11699164345404,
            "label": "handbag",
            "left": 297.646875,
            "top": 415.1364902506964,
            "width": 12.374999237060546
        },
        {
            "height": 19.01949860724234,
            "label": "backpack",
            "left": 298.875,
            "top": 417.0084000696379,
            "width": 10.265625762939454
        },
        {
            "height": 20.25626740947075,
            "label": "backpack",
            "left": 309.825,
            "top": 350.4066852367688,
            "width": 14.203125
        }
    ]
}