{
    "image_id": 138550,
    "seq": [
        {
            "height": 83.60625457763672,
            "label": "chair",
            "left": 377.2124938964844,
            "top": 24.825000762939453,
            "width": 81.0374984741211
        },
        {
            "height": 186.03750610351562,
            "label": "chair",
            "left": 89.203125,
            "top": 37.837501525878906,
            "width": 115.9781265258789
        },
        {
            "height": 208.28436279296875,
            "label": "fire hydrant",
            "left": 247.95936584472656,
            "top": 113.46562194824219,
            "width": 97.38749694824219
        },
        {
            "height": 185.7468719482422,
            "label": "dining table",
            "left": 156.890625,
            "top": 42.375,
            "width": 140.66249084472656
        }
    ]
}