{
    "image_id": 138550,
    "seq": [
        {
            "height": 125.01869158878505,
            "label": "chair",
            "left": 376.7437255859375,
            "top": 36.42056074766355,
            "width": 81.0375
        },
        {
            "height": 278.1869158878505,
            "label": "chair",
            "left": 88.734375,
            "top": 55.87847272926402,
            "width": 115.97813720703125
        },
        {
            "height": 311.45323452102804,
            "label": "fire hydrant",
            "left": 247.490625,
            "top": 168.96728971962617,
            "width": 97.3875
        },
        {
            "height": 277.75233644859816,
            "label": "dining table",
            "left": 156.421875,
            "top": 62.66355140186916,
            "width": 140.66248779296876
        }
    ]
}