{
    "image_id": 138639,
    "seq": [
        {
            "height": 26.8625,
            "label": "car",
            "left": 402.740625,
            "top": 410.02503255208336,
            "width": 34.0875
        },
        {
            "height": 26.075,
            "label": "car",
            "left": 364.4437744140625,
            "top": 408.9125,
            "width": 26.5125
        },
        {
            "height": 23.17500203450521,
            "label": "traffic light",
            "left": 139.584375,
            "top": 323.22496744791664,
            "width": 10.425
        },
        {
            "height": 86.425,
            "label": "handbag",
            "left": 382.528125,
            "top": 430.1249674479167,
            "width": 30.525
        },
        {
            "height": 171.8875,
            "label": "person",
            "left": 374.709375,
            "top": 405.51246744791666,
            "width": 43.55625
        },
        {
            "height": 190.6125,
            "label": "person",
            "left": 532.903125,
            "top": 408.71253255208336,
            "width": 65.053125
        },
        {
            "height": 32.1875,
            "label": "person",
            "left": 96.87186889648437,
            "top": 395.925,
            "width": 15.7125
        },
        {
            "height": 102.8875,
            "label": "person",
            "left": 125.87811279296875,
            "top": 398.59996744791664,
            "width": 50.75625
        },
        {
            "height": 16.637502034505207,
            "label": "person",
            "left": 154.75313720703124,
            "top": 396.125,
            "width": 9.403125762939453
        },
        {
            "height": 23.1625,
            "label": "person",
            "left": 175.35936279296874,
            "top": 391.52496744791665,
            "width": 8.2875
        },
        {
            "height": 30.16249796549479,
            "label": "person",
            "left": 272.278125,
            "top": 394.125,
            "width": 7.4625
        },
        {
            "height": 24.4625,
            "label": "person",
            "left": 197.36248779296875,
            "top": 391.8875,
            "width": 7.8375
        },
        {
            "height": 30.16249796549479,
            "label": "person",
            "left": 183.234375,
            "top": 390.86253255208334,
            "width": 13.03125
        },
        {
            "height": 20.88749796549479,
            "label": "person",
            "left": 64.77188110351562,
            "top": 379.80003255208334,
            "width": 5.08125
        },
        {
            "height": 25.175,
            "label": "person",
            "left": 55.6875,
            "top": 378.84996744791664,
            "width": 6.159375
        },
        {
            "height": 72.525,
            "label": "bicycle",
            "left": 115.903125,
            "top": 450.2875,
            "width": 71.11875
        },
        {
            "height": 38.975,
            "label": "person",
            "left": 30.712503051757814,
            "top": 384.51246744791666,
            "width": 19.48125
        },
        {
            "height": 54.9625,
            "label": "handbag",
            "left": 536.175,
            "top": 442.8124674479167,
            "width": 13.490625
        },
        {
            "height": 25.05000203450521,
            "label": "person",
            "left": 75.24375,
            "top": 378.39996744791665,
            "width": 6.9
        }
    ]
}