{
    "image_id": 138639,
    "seq": [
        {
            "height": 20.146873474121094,
            "label": "car",
            "left": 403.2093505859375,
            "top": 307.98748779296875,
            "width": 34.087501525878906
        },
        {
            "height": 19.556249618530273,
            "label": "car",
            "left": 364.9125061035156,
            "top": 307.15313720703125,
            "width": 26.512500762939453
        },
        {
            "height": 17.381250381469727,
            "label": "traffic light",
            "left": 140.05313110351562,
            "top": 242.8874969482422,
            "width": 10.425000190734863
        },
        {
            "height": 64.8187484741211,
            "label": "handbag",
            "left": 382.99688720703125,
            "top": 323.0625,
            "width": 30.524999618530273
        },
        {
            "height": 128.91561889648438,
            "label": "person",
            "left": 375.1781311035156,
            "top": 304.6031494140625,
            "width": 43.55624771118164
        },
        {
            "height": 142.95938110351562,
            "label": "person",
            "left": 533.371826171875,
            "top": 307.0031433105469,
            "width": 65.0531234741211
        },
        {
            "height": 24.140625,
            "label": "person",
            "left": 97.34062957763672,
            "top": 297.4124755859375,
            "width": 15.712499618530273
        },
        {
            "height": 77.1656265258789,
            "label": "person",
            "left": 126.34687805175781,
            "top": 299.41876220703125,
            "width": 50.756248474121094
        },
        {
            "height": 12.47812557220459,
            "label": "person",
            "left": 155.2218780517578,
            "top": 297.5625,
            "width": 9.403124809265137
        },
        {
            "height": 17.371875762939453,
            "label": "person",
            "left": 175.82814025878906,
            "top": 294.11248779296875,
            "width": 8.287500381469727
        },
        {
            "height": 22.62187385559082,
            "label": "person",
            "left": 272.7468566894531,
            "top": 296.0624694824219,
            "width": 7.462500095367432
        },
        {
            "height": 18.346874237060547,
            "label": "person",
            "left": 197.83126831054688,
            "top": 294.3843994140625,
            "width": 7.837499618530273
        },
        {
            "height": 22.62187385559082,
            "label": "person",
            "left": 183.703125,
            "top": 293.6156311035156,
            "width": 13.03125
        },
        {
            "height": 15.665623664855957,
            "label": "person",
            "left": 65.2406234741211,
            "top": 285.3187561035156,
            "width": 5.081250190734863
        },
        {
            "height": 18.881248474121094,
            "label": "person",
            "left": 56.156253814697266,
            "top": 284.6062316894531,
            "width": 6.159375190734863
        },
        {
            "height": 54.39374923706055,
            "label": "bicycle",
            "left": 116.37187957763672,
            "top": 338.18438720703125,
            "width": 71.1187515258789
        },
        {
            "height": 29.231250762939453,
            "label": "person",
            "left": 31.18124771118164,
            "top": 288.8531188964844,
            "width": 19.481250762939453
        },
        {
            "height": 41.22187805175781,
            "label": "handbag",
            "left": 536.6437377929688,
            "top": 332.578125,
            "width": 13.490625381469727
        },
        {
            "height": 18.78750228881836,
            "label": "person",
            "left": 75.7125015258789,
            "top": 284.2687683105469,
            "width": 6.900000095367432
        }
    ]
}