{
    "image_id": 138979,
    "seq": [
        {
            "height": 347.09859154929575,
            "label": "car",
            "left": 292.40625,
            "top": 244.45068588615024,
            "width": 307.1250244140625
        },
        {
            "height": 413.9296141431925,
            "label": "bus",
            "left": 70.43436279296876,
            "top": 123.67603799882629,
            "width": 529.096875
        },
        {
            "height": 65.87323943661971,
            "label": "person",
            "left": 174.33751220703124,
            "top": 261.4366197183099,
            "width": 42.33749694824219
        },
        {
            "height": 150.2394366197183,
            "label": "person",
            "left": 71.34374389648437,
            "top": 303.85919160798124,
            "width": 45.31875
        },
        {
            "height": 210.33802816901408,
            "label": "person",
            "left": 45.3,
            "top": 317.4930311032864,
            "width": 36.796875
        },
        {
            "height": 90.2394366197183,
            "label": "person",
            "left": 273.5062744140625,
            "top": 251.46480707159625,
            "width": 46.621875
        },
        {
            "height": 24.760563380281692,
            "label": "person",
            "left": 170.99061279296876,
            "top": 287.1972014377934,
            "width": 15.609375
        }
    ]
}