{
    "image_id": 138979,
    "seq": [
        {
            "height": 231.03750610351562,
            "label": "car",
            "left": 292.875,
            "top": 163.18124389648438,
            "width": 307.1250305175781
        },
        {
            "height": 275.5218811035156,
            "label": "bus",
            "left": 70.90312194824219,
            "top": 82.79061889648438,
            "width": 529.0968627929688
        },
        {
            "height": 43.84687423706055,
            "label": "person",
            "left": 174.80624389648438,
            "top": 174.48748779296875,
            "width": 42.33749771118164
        },
        {
            "height": 100.00312042236328,
            "label": "person",
            "left": 71.8125,
            "top": 202.72500610351562,
            "width": 45.31875228881836
        },
        {
            "height": 140.00625610351562,
            "label": "person",
            "left": 45.76874923706055,
            "top": 211.79998779296875,
            "width": 36.796875
        },
        {
            "height": 60.06562423706055,
            "label": "person",
            "left": 273.9749755859375,
            "top": 167.84999084472656,
            "width": 46.62187576293945
        },
        {
            "height": 16.481250762939453,
            "label": "person",
            "left": 171.45936584472656,
            "top": 191.63436889648438,
            "width": 15.609375
        }
    ]
}