{
    "image_id": 139,
    "seq": [
        {
            "height": 97.88732394366197,
            "label": "potted plant",
            "left": 221.7,
            "top": 200.01410284624413,
            "width": 23.15625
        },
        {
            "height": 133.61971830985917,
            "label": "tv",
            "left": 6.12187385559082,
            "top": 235.57746478873239,
            "width": 139.98751220703124
        },
        {
            "height": 110.88733311326291,
            "label": "tv",
            "left": 521.915625,
            "top": 293.92954078638496,
            "width": 76.26563110351563
        },
        {
            "height": 144.83098591549296,
            "label": "chair",
            "left": 336.075048828125,
            "top": 306.4084690434272,
            "width": 52.5
        },
        {
            "height": 138.7042345217136,
            "label": "chair",
            "left": 272.053125,
            "top": 306.3379914906103,
            "width": 57.965625
        },
        {
            "height": 114.59154929577464,
            "label": "chair",
            "left": 386.9062255859375,
            "top": 313.3944028755869,
            "width": 28.284375
        },
        {
            "height": 16.323943661971832,
            "label": "chair",
            "left": 297.0937744140625,
            "top": 308.0845070422535,
            "width": 20.23125
        },
        {
            "height": 194.38028169014083,
            "label": "person",
            "left": 386.53125,
            "top": 221.2816534624413,
            "width": 49.734375
        },
        {
            "height": 50.33803275381455,
            "label": "person",
            "left": 359.934375,
            "top": 241.84503374413146,
            "width": 14.175
        },
        {
            "height": 22.492957746478872,
            "label": "microwave",
            "left": 479.737548828125,
            "top": 289.0845070422535,
            "width": 13.81875
        },
        {
            "height": 152.54929577464787,
            "label": "refrigerator",
            "left": 461.8125,
            "top": 244.8450887617371,
            "width": 19.021876525878906
        },
        {
            "height": 64.38028169014085,
            "label": "book",
            "left": 566.503125,
            "top": 430.1267238849765,
            "width": 13.44375
        },
        {
            "height": 65.40845528902582,
            "label": "book",
            "left": 574.44375,
            "top": 433.4366563967136,
            "width": 12.075
        },
        {
            "height": 30.816899116050468,
            "label": "clock",
            "left": 419.315625,
            "top": 169.88732394366198,
            "width": 13.096876525878907
        },
        {
            "height": 126.29577464788733,
            "label": "vase",
            "left": 514.275,
            "top": 435.11267605633805,
            "width": 34.3875
        },
        {
            "height": 31.760563380281692,
            "label": "vase",
            "left": 328.36875,
            "top": 293.4366197183099,
            "width": 10.659375
        },
        {
            "height": 17.633803963101524,
            "label": "chair",
            "left": 386.0156494140625,
            "top": 307.77464788732397,
            "width": 9.028125
        },
        {
            "height": 24.830983623092724,
            "label": "vase",
            "left": 225.69375,
            "top": 273.9295591255869,
            "width": 13.33125
        },
        {
            "height": 23.56338028169014,
            "label": "vase",
            "left": 315.271875,
            "top": 280.28165346244134,
            "width": 9.121874237060547
        },
        {
            "height": 125.25351195715963,
            "label": "dining table",
            "left": 300.665625,
            "top": 324.9577098004695,
            "width": 117.7125
        }
    ]
}