{
    "image_id": 139,
    "seq": [
        {
            "height": 65.15625,
            "label": "potted plant",
            "left": 222.1687469482422,
            "top": 133.60311889648438,
            "width": 23.15625
        },
        {
            "height": 88.94062805175781,
            "label": "tv",
            "left": 6.590625286102295,
            "top": 157.27499389648438,
            "width": 139.9875030517578
        },
        {
            "height": 73.80937957763672,
            "label": "tv",
            "left": 522.3843994140625,
            "top": 196.11563110351562,
            "width": 76.265625
        },
        {
            "height": 96.40312194824219,
            "label": "chair",
            "left": 336.54376220703125,
            "top": 204.421875,
            "width": 52.5
        },
        {
            "height": 92.32500457763672,
            "label": "chair",
            "left": 272.5218811035156,
            "top": 204.375,
            "width": 57.96562576293945
        },
        {
            "height": 76.27499389648438,
            "label": "chair",
            "left": 387.375,
            "top": 209.07186889648438,
            "width": 28.284374237060547
        },
        {
            "height": 10.865625381469727,
            "label": "chair",
            "left": 297.5625,
            "top": 205.53749084472656,
            "width": 20.231250762939453
        },
        {
            "height": 129.38436889648438,
            "label": "person",
            "left": 387.0,
            "top": 147.75936889648438,
            "width": 49.734375
        },
        {
            "height": 33.50625228881836,
            "label": "person",
            "left": 360.40313720703125,
            "top": 161.44688415527344,
            "width": 14.174999237060547
        },
        {
            "height": 14.971875190734863,
            "label": "microwave",
            "left": 480.2062072753906,
            "top": 192.890625,
            "width": 13.81874942779541
        },
        {
            "height": 101.54061889648438,
            "label": "refrigerator",
            "left": 462.28125,
            "top": 163.44375610351562,
            "width": 19.021875381469727
        },
        {
            "height": 42.853126525878906,
            "label": "book",
            "left": 566.9718627929688,
            "top": 286.7718811035156,
            "width": 13.443750381469727
        },
        {
            "height": 43.53750228881836,
            "label": "book",
            "left": 574.9124755859375,
            "top": 288.9750061035156,
            "width": 12.074999809265137
        },
        {
            "height": 20.51249885559082,
            "label": "clock",
            "left": 419.7843933105469,
            "top": 113.55000305175781,
            "width": 13.09687614440918
        },
        {
            "height": 84.06562805175781,
            "label": "vase",
            "left": 514.7437133789062,
            "top": 290.0906066894531,
            "width": 34.38750076293945
        },
        {
            "height": 21.140623092651367,
            "label": "vase",
            "left": 328.8374938964844,
            "top": 195.78749084472656,
            "width": 10.659374237060547
        },
        {
            "height": 11.73750114440918,
            "label": "chair",
            "left": 386.484375,
            "top": 205.3312530517578,
            "width": 9.028124809265137
        },
        {
            "height": 16.52812385559082,
            "label": "vase",
            "left": 226.16250610351562,
            "top": 182.80313110351562,
            "width": 13.331250190734863
        },
        {
            "height": 15.684374809265137,
            "label": "vase",
            "left": 315.7406311035156,
            "top": 187.03125,
            "width": 9.121874809265137
        },
        {
            "height": 83.37187194824219,
            "label": "dining table",
            "left": 301.1343688964844,
            "top": 216.7687530517578,
            "width": 117.71249389648438
        }
    ]
}