{
    "image_id": 139099,
    "seq": [
        {
            "height": 190.19061279296875,
            "label": "motorcycle",
            "left": 205.16249084472656,
            "top": 234.49688720703125,
            "width": 394.8375244140625
        },
        {
            "height": 201.68438720703125,
            "label": "person",
            "left": 236.30624389648438,
            "top": 99.8343734741211,
            "width": 62.03437042236328
        },
        {
            "height": 89.6156234741211,
            "label": "person",
            "left": 467.37188720703125,
            "top": 100.8656234741211,
            "width": 46.14374923706055
        },
        {
            "height": 79.171875,
            "label": "person",
            "left": 331.2562561035156,
            "top": 89.8499984741211,
            "width": 32.0625
        },
        {
            "height": 93.703125,
            "label": "person",
            "left": 160.88436889648438,
            "top": 86.09062957763672,
            "width": 45.140625
        },
        {
            "height": 247.75311279296875,
            "label": "person",
            "left": 0.0,
            "top": 141.84375,
            "width": 197.49374389648438
        },
        {
            "height": 135.8625030517578,
            "label": "person",
            "left": 522.5437622070312,
            "top": 84.73125457763672,
            "width": 52.25625228881836
        },
        {
            "height": 360.6000061035156,
            "label": "person",
            "left": 284.08123779296875,
            "top": 57.87187194824219,
            "width": 227.64376831054688
        },
        {
            "height": 25.049999237060547,
            "label": "apple",
            "left": 200.75624084472656,
            "top": 206.62498474121094,
            "width": 43.08749771118164
        },
        {
            "height": 23.334373474121094,
            "label": "handbag",
            "left": 522.1875,
            "top": 135.5437469482422,
            "width": 10.59375
        },
        {
            "height": 60.75937271118164,
            "label": "person",
            "left": 11.334375381469727,
            "top": 148.8562469482422,
            "width": 61.650001525878906
        },
        {
            "height": 71.578125,
            "label": "bicycle",
            "left": 146.9718780517578,
            "top": 139.33123779296875,
            "width": 84.93749237060547
        },
        {
            "height": 114.62812042236328,
            "label": "dog",
            "left": 284.04376220703125,
            "top": 154.55624389648438,
            "width": 118.359375
        },
        {
            "height": 85.13436889648438,
            "label": "backpack",
            "left": 41.12812423706055,
            "top": 184.125,
            "width": 58.349998474121094
        },
        {
            "height": 51.009376525878906,
            "label": "handbag",
            "left": 161.02499389648438,
            "top": 107.6812515258789,
            "width": 15.946874618530273
        },
        {
            "height": 82.2750015258789,
            "label": "handbag",
            "left": 11.8125,
            "top": 184.77186584472656,
            "width": 88.4906234741211
        },
        {
            "height": 10.706249237060547,
            "label": "handbag",
            "left": 329.6812438964844,
            "top": 134.90625,
            "width": 7.415625095367432
        },
        {
            "height": 45.993751525878906,
            "label": "handbag",
            "left": 125.55000305175781,
            "top": 122.55937194824219,
            "width": 23.371875762939453
        },
        {
            "height": 37.349998474121094,
            "label": "handbag",
            "left": 166.0124969482422,
            "top": 141.65625,
            "width": 22.865623474121094
        },
        {
            "height": 47.44687271118164,
            "label": "banana",
            "left": 0.0,
            "top": 362.484375,
            "width": 32.15625
        },
        {
            "height": 68.50312805175781,
            "label": "person",
            "left": 109.734375,
            "top": 100.21875762939453,
            "width": 52.125
        },
        {
            "height": 88.8843765258789,
            "label": "person",
            "left": 233.70936584472656,
            "top": 82.9593734741211,
            "width": 58.05937194824219
        },
        {
            "height": 47.41875076293945,
            "label": "person",
            "left": 201.89999389648438,
            "top": 92.578125,
            "width": 22.631250381469727
        },
        {
            "height": 102.01875305175781,
            "label": "car",
            "left": 477.6187438964844,
            "top": 91.98750305175781,
            "width": 119.69999694824219
        },
        {
            "height": 27.581249237060547,
            "label": "umbrella",
            "left": 0.0,
            "top": 6.281249523162842,
            "width": 124.6500015258789
        },
        {
            "height": 16.115625381469727,
            "label": "apple",
            "left": 198.28125,
            "top": 221.68124389648438,
            "width": 39.58125305175781
        },
        {
            "height": 10.031249046325684,
            "label": "apple",
            "left": 207.27186584472656,
            "top": 206.390625,
            "width": 9.215624809265137
        },
        {
            "height": 54.80624771118164,
            "label": "person",
            "left": 209.671875,
            "top": 95.671875,
            "width": 36.150001525878906
        },
        {
            "height": 74.92499542236328,
            "label": "person",
            "left": 45.73124694824219,
            "top": 93.68437194824219,
            "width": 73.48124694824219
        }
    ]
}