{
    "image_id": 139077,
    "seq": [
        {
            "height": 186.99600219726562,
            "label": "tv",
            "left": 336.1080017089844,
            "top": 0.0,
            "width": 187.0439910888672
        },
        {
            "height": 255.4919891357422,
            "label": "person",
            "left": 156.77999877929688,
            "top": 157.97999572753906,
            "width": 71.60399627685547
        },
        {
            "height": 10.224000930786133,
            "label": "book",
            "left": 160.1999969482422,
            "top": 141.03599548339844,
            "width": 40.89600372314453
        },
        {
            "height": 7.331999778747559,
            "label": "book",
            "left": 160.70399475097656,
            "top": 147.45599365234375,
            "width": 43.19999694824219
        },
        {
            "height": 15.407999992370605,
            "label": "book",
            "left": 205.0439910888672,
            "top": 146.4600067138672,
            "width": 55.89600372314453
        },
        {
            "height": 58.63200378417969,
            "label": "laptop",
            "left": 434.2799987792969,
            "top": 389.531982421875,
            "width": 69.8759994506836
        },
        {
            "height": 46.019996643066406,
            "label": "remote",
            "left": 192.6479949951172,
            "top": 218.7119903564453,
            "width": 47.34000015258789
        }
    ]
}