{
    "image_id": 139099,
    "seq": [
        {
            "height": 268.70198675496687,
            "label": "motorcycle",
            "left": 204.69376220703126,
            "top": 330.63576158940396,
            "width": 394.8375
        },
        {
            "height": 284.94039735099335,
            "label": "person",
            "left": 235.8374755859375,
            "top": 140.3841059602649,
            "width": 62.034375
        },
        {
            "height": 126.60926290011038,
            "label": "person",
            "left": 466.903125,
            "top": 141.8410509795806,
            "width": 46.14375
        },
        {
            "height": 111.8543046357616,
            "label": "person",
            "left": 330.7875,
            "top": 126.27816294150111,
            "width": 32.0625
        },
        {
            "height": 132.3841059602649,
            "label": "person",
            "left": 160.415625,
            "top": 120.96686154801324,
            "width": 45.140625
        },
        {
            "height": 350.02649006622516,
            "label": "person",
            "left": 0.0,
            "top": 199.73509933774835,
            "width": 197.49375
        },
        {
            "height": 191.94701986754967,
            "label": "person",
            "left": 522.075,
            "top": 119.04633174668874,
            "width": 52.256256103515625
        },
        {
            "height": 509.4569881346578,
            "label": "person",
            "left": 283.612451171875,
            "top": 81.09933774834437,
            "width": 227.64375
        },
        {
            "height": 35.390728476821195,
            "label": "apple",
            "left": 200.28748779296876,
            "top": 291.2582781456954,
            "width": 43.0875
        },
        {
            "height": 32.966887417218544,
            "label": "handbag",
            "left": 521.718798828125,
            "top": 190.83445433222957,
            "width": 10.59375
        },
        {
            "height": 85.84105960264901,
            "label": "person",
            "left": 10.865624237060548,
            "top": 209.64240135209712,
            "width": 61.65
        },
        {
            "height": 101.12582781456953,
            "label": "bicycle",
            "left": 146.5031494140625,
            "top": 196.18546495584988,
            "width": 84.93749389648437
        },
        {
            "height": 161.9470026214128,
            "label": "dog",
            "left": 283.575,
            "top": 217.6953642384106,
            "width": 118.359375
        },
        {
            "height": 120.27814569536424,
            "label": "backpack",
            "left": 40.659375,
            "top": 259.47016418322295,
            "width": 58.35
        },
        {
            "height": 72.06622516556291,
            "label": "handbag",
            "left": 160.55625,
            "top": 151.47018142935983,
            "width": 15.946875
        },
        {
            "height": 116.23841059602648,
            "label": "handbag",
            "left": 11.343746185302734,
            "top": 260.38412320640174,
            "width": 88.490625
        },
        {
            "height": 15.125827814569536,
            "label": "handbag",
            "left": 329.2124755859375,
            "top": 189.9337748344371,
            "width": 7.415625
        },
        {
            "height": 64.98013245033113,
            "label": "handbag",
            "left": 125.08123779296875,
            "top": 172.4901007174393,
            "width": 23.371875
        },
        {
            "height": 52.7682119205298,
            "label": "handbag",
            "left": 165.54373779296876,
            "top": 199.47018142935983,
            "width": 22.865625
        },
        {
            "height": 67.03311258278146,
            "label": "banana",
            "left": 0.0,
            "top": 511.4569881346578,
            "width": 32.15625
        },
        {
            "height": 96.78145695364239,
            "label": "person",
            "left": 109.265625,
            "top": 140.92714369481237,
            "width": 52.125
        },
        {
            "height": 125.57615894039735,
            "label": "person",
            "left": 233.240625,
            "top": 116.54302048841059,
            "width": 58.059375
        },
        {
            "height": 66.99338179497792,
            "label": "person",
            "left": 201.43123779296874,
            "top": 130.13245895419425,
            "width": 22.63125
        },
        {
            "height": 144.13245033112582,
            "label": "car",
            "left": 477.15,
            "top": 129.29800462196468,
            "width": 119.69998779296876
        },
        {
            "height": 38.966883105684325,
            "label": "umbrella",
            "left": 0.0,
            "top": 8.211925919219095,
            "width": 124.65001220703125
        },
        {
            "height": 22.7682119205298,
            "label": "apple",
            "left": 197.8125,
            "top": 312.5298013245033,
            "width": 39.58125
        },
        {
            "height": 14.172184352580022,
            "label": "apple",
            "left": 206.803125,
            "top": 290.92715231788077,
            "width": 9.215625
        },
        {
            "height": 77.43046357615894,
            "label": "person",
            "left": 209.203125,
            "top": 134.50331125827816,
            "width": 36.15
        },
        {
            "height": 105.8543046357616,
            "label": "person",
            "left": 45.2625,
            "top": 131.6953642384106,
            "width": 73.48125
        }
    ]
}