{
    "image_id": 139077,
    "seq": [
        {
            "height": 249.328,
            "label": "tv",
            "left": 335.508,
            "top": 0.0,
            "width": 187.044
        },
        {
            "height": 340.656,
            "label": "person",
            "left": 156.180015625,
            "top": 209.84002083333334,
            "width": 71.604
        },
        {
            "height": 13.632001302083333,
            "label": "book",
            "left": 159.6,
            "top": 187.248,
            "width": 40.89600390625
        },
        {
            "height": 9.776,
            "label": "book",
            "left": 160.104,
            "top": 195.808,
            "width": 43.2
        },
        {
            "height": 20.544,
            "label": "book",
            "left": 204.444015625,
            "top": 194.48002083333333,
            "width": 55.89600390625
        },
        {
            "height": 78.176,
            "label": "laptop",
            "left": 433.68003125,
            "top": 518.5760416666667,
            "width": 69.876
        },
        {
            "height": 61.36,
            "label": "remote",
            "left": 192.047984375,
            "top": 290.8160208333333,
            "width": 47.34
        }
    ]
}