{
    "image_id": 13923,
    "seq": [
        {
            "height": 84.5480093676815,
            "label": "potted plant",
            "left": 270.646875,
            "top": 196.69320843091336,
            "width": 23.953125
        },
        {
            "height": 67.2927400468384,
            "label": "potted plant",
            "left": 243.91875,
            "top": 213.76580796252927,
            "width": 17.184375
        },
        {
            "height": 95.64871194379391,
            "label": "tv",
            "left": 317.56875,
            "top": 200.79625292740047,
            "width": 63.35625
        },
        {
            "height": 193.95316159250586,
            "label": "chair",
            "left": 199.6875,
            "top": 325.8126463700234,
            "width": 114.740625
        },
        {
            "height": 173.9016393442623,
            "label": "chair",
            "left": 228.496875,
            "top": 402.1123755854801,
            "width": 87.58125
        },
        {
            "height": 153.72367169203747,
            "label": "chair",
            "left": 416.390625,
            "top": 439.1241949648712,
            "width": 118.275
        },
        {
            "height": 132.1826606411007,
            "label": "chair",
            "left": 380.821875,
            "top": 342.37939110070255,
            "width": 80.40936889648438
        },
        {
            "height": 177.14755927985948,
            "label": "couch",
            "left": 13.33125,
            "top": 281.8454149590164,
            "width": 154.434375
        },
        {
            "height": 137.8313725848946,
            "label": "dining table",
            "left": 288.0468994140625,
            "top": 455.38169642857144,
            "width": 180.31875
        },
        {
            "height": 47.18501628366511,
            "label": "vase",
            "left": 410.2875,
            "top": 333.3020711358314,
            "width": 13.190625
        },
        {
            "height": 50.866510538641684,
            "label": "vase",
            "left": 357.1968505859375,
            "top": 465.54094701405154,
            "width": 19.0125
        },
        {
            "height": 45.34426229508197,
            "label": "bottle",
            "left": 391.9500244140625,
            "top": 106.31384477459017,
            "width": 12.571875
        },
        {
            "height": 43.72833723653396,
            "label": "bottle",
            "left": 387.009375,
            "top": 109.79862229215456,
            "width": 8.11875
        },
        {
            "height": 124.83371450526933,
            "label": "bowl",
            "left": 530.596826171875,
            "top": 47.74706802546839,
            "width": 46.56562194824219
        },
        {
            "height": 139.79857655152225,
            "label": "bowl",
            "left": 571.809423828125,
            "top": 179.29742388758783,
            "width": 27.721875
        },
        {
            "height": 95.43793911007026,
            "label": "bowl",
            "left": 497.484375,
            "top": 163.89697379976582,
            "width": 28.125
        },
        {
            "height": 96.67447306791568,
            "label": "potted plant",
            "left": 401.446875,
            "top": 282.98362485363,
            "width": 27.16875
        },
        {
            "height": 124.41217798594847,
            "label": "potted plant",
            "left": 335.1375,
            "top": 393.3161226580796,
            "width": 57.33750610351562
        },
        {
            "height": 80.92270747950819,
            "label": "chair",
            "left": 224.98125,
            "top": 518.374743852459,
            "width": 92.64375
        }
    ]
}