{
    "image_id": 13923,
    "seq": [
        {
            "height": 56.40937423706055,
            "label": "potted plant",
            "left": 271.1156311035156,
            "top": 131.6999969482422,
            "width": 23.953123092651367
        },
        {
            "height": 44.896873474121094,
            "label": "potted plant",
            "left": 244.3874969482422,
            "top": 143.09063720703125,
            "width": 17.18437385559082
        },
        {
            "height": 63.81562805175781,
            "label": "tv",
            "left": 318.0375061035156,
            "top": 134.4375,
            "width": 63.35625457763672
        },
        {
            "height": 129.4031219482422,
            "label": "chair",
            "left": 200.15625,
            "top": 217.84686279296875,
            "width": 114.74063110351562
        },
        {
            "height": 116.0250015258789,
            "label": "chair",
            "left": 228.9656219482422,
            "top": 268.7531433105469,
            "width": 87.58125305175781
        },
        {
            "height": 102.56250762939453,
            "label": "chair",
            "left": 416.859375,
            "top": 293.4468688964844,
            "width": 118.2750015258789
        },
        {
            "height": 88.19062042236328,
            "label": "chair",
            "left": 381.29058837890625,
            "top": 228.90000915527344,
            "width": 80.40937042236328
        },
        {
            "height": 118.19062805175781,
            "label": "couch",
            "left": 13.800000190734863,
            "top": 188.5124969482422,
            "width": 154.4343719482422
        },
        {
            "height": 91.9593734741211,
            "label": "dining table",
            "left": 288.515625,
            "top": 304.29376220703125,
            "width": 180.31874084472656
        },
        {
            "height": 31.481252670288086,
            "label": "vase",
            "left": 410.75628662109375,
            "top": 222.84375,
            "width": 13.190624237060547
        },
        {
            "height": 33.9375,
            "label": "vase",
            "left": 357.6656494140625,
            "top": 311.0718688964844,
            "width": 19.012500762939453
        },
        {
            "height": 30.253124237060547,
            "label": "bottle",
            "left": 392.4187316894531,
            "top": 71.4000015258789,
            "width": 12.571874618530273
        },
        {
            "height": 29.174999237060547,
            "label": "bottle",
            "left": 387.4781494140625,
            "top": 73.7249984741211,
            "width": 8.118749618530273
        },
        {
            "height": 83.2874984741211,
            "label": "bowl",
            "left": 531.0656127929688,
            "top": 32.32500076293945,
            "width": 46.56562423706055
        },
        {
            "height": 93.27186584472656,
            "label": "bowl",
            "left": 572.2781372070312,
            "top": 120.09375762939453,
            "width": 27.721874237060547
        },
        {
            "height": 63.67499923706055,
            "label": "bowl",
            "left": 497.9531555175781,
            "top": 109.8187484741211,
            "width": 28.125
        },
        {
            "height": 64.5,
            "label": "potted plant",
            "left": 401.9156188964844,
            "top": 189.27186584472656,
            "width": 27.168750762939453
        },
        {
            "height": 83.0062484741211,
            "label": "potted plant",
            "left": 335.60626220703125,
            "top": 262.8843688964844,
            "width": 57.337501525878906
        },
        {
            "height": 53.990623474121094,
            "label": "chair",
            "left": 225.4499969482422,
            "top": 346.3218994140625,
            "width": 92.64375305175781
        }
    ]
}