{
    "image_id": 139260,
    "seq": [
        {
            "height": 209.16563415527344,
            "label": "spoon",
            "left": 72.95625305175781,
            "top": 0.0,
            "width": 43.415626525878906
        },
        {
            "height": 120.15937042236328,
            "label": "banana",
            "left": 72.75,
            "top": 167.56875610351562,
            "width": 487.99688720703125
        },
        {
            "height": 60.75937271118164,
            "label": "banana",
            "left": 62.474998474121094,
            "top": 126.67499542236328,
            "width": 112.97813415527344
        },
        {
            "height": 54.80624771118164,
            "label": "banana",
            "left": 436.21875,
            "top": 124.43437194824219,
            "width": 104.50312805175781
        },
        {
            "height": 183.9187469482422,
            "label": "bowl",
            "left": 0.8156249523162842,
            "top": 156.69375610351562,
            "width": 599.1843872070312
        },
        {
            "height": 354.3093566894531,
            "label": "dining table",
            "left": 0.0,
            "top": 2.831249952316284,
            "width": 600.0
        }
    ]
}