{
    "image_id": 139260,
    "seq": [
        {
            "height": 345.01550418814435,
            "label": "spoon",
            "left": 72.4875,
            "top": 0.0,
            "width": 43.415625
        },
        {
            "height": 198.20103092783506,
            "label": "banana",
            "left": 72.28124389648437,
            "top": 275.6289263853093,
            "width": 487.996923828125
        },
        {
            "height": 100.22164948453609,
            "label": "banana",
            "left": 62.00624389648438,
            "top": 208.17525773195877,
            "width": 112.97813720703125
        },
        {
            "height": 90.4020618556701,
            "label": "banana",
            "left": 435.749951171875,
            "top": 204.47940157860825,
            "width": 104.503125
        },
        {
            "height": 303.3711138853093,
            "label": "bowl",
            "left": 0.3468632698059082,
            "top": 257.690681378866,
            "width": 599.184375
        },
        {
            "height": 584.4278350515464,
            "label": "dining table",
            "left": 0.0,
            "top": 3.896902182667526,
            "width": 600.0
        }
    ]
}