{
    "image_id": 139684,
    "seq": [
        {
            "height": 84.1981981981982,
            "label": "tv",
            "left": 186.936,
            "top": 169.04503331456456,
            "width": 83.832
        },
        {
            "height": 105.81981981981981,
            "label": "cat",
            "left": 227.98803125,
            "top": 424.9009009009009,
            "width": 168.432
        },
        {
            "height": 220.63063063063063,
            "label": "couch",
            "left": 1.9800245361328126,
            "top": 370.7207441816817,
            "width": 494.988
        },
        {
            "height": 160.9729612424925,
            "label": "chair",
            "left": 360.372,
            "top": 242.0900900900901,
            "width": 120.828
        },
        {
            "height": 19.62162162162162,
            "label": "book",
            "left": 220.812,
            "top": 357.2072072072072,
            "width": 50.64
        },
        {
            "height": 23.35135135135135,
            "label": "book",
            "left": 220.392,
            "top": 361.58556212462463,
            "width": 50.628
        },
        {
            "height": 229.6936936936937,
            "label": "chair",
            "left": 437.508,
            "top": 293.6216450825826,
            "width": 149.844
        },
        {
            "height": 20.324324324324323,
            "label": "book",
            "left": 233.519984375,
            "top": 376.27027027027026,
            "width": 36.648
        },
        {
            "height": 19.765765765765767,
            "label": "book",
            "left": 224.159984375,
            "top": 349.5135135135135,
            "width": 28.704
        },
        {
            "height": 42.468468468468465,
            "label": "vase",
            "left": 336.384,
            "top": 161.27931447072072,
            "width": 12.72
        },
        {
            "height": 26.306306306306308,
            "label": "vase",
            "left": 276.468,
            "top": 234.14414414414415,
            "width": 12.5759990234375
        },
        {
            "height": 99.51351351351352,
            "label": "dining table",
            "left": 207.66,
            "top": 370.7568036786787,
            "width": 116.352
        }
    ]
}