{
    "image_id": 139684,
    "seq": [
        {
            "height": 56.07600021362305,
            "label": "tv",
            "left": 187.53599548339844,
            "top": 113.18399810791016,
            "width": 83.8320083618164
        },
        {
            "height": 70.47599792480469,
            "label": "cat",
            "left": 228.5880126953125,
            "top": 283.5840148925781,
            "width": 168.43199157714844
        },
        {
            "height": 146.9399871826172,
            "label": "couch",
            "left": 2.580000162124634,
            "top": 247.5,
            "width": 494.98797607421875
        },
        {
            "height": 107.20799255371094,
            "label": "chair",
            "left": 360.9720153808594,
            "top": 161.8319854736328,
            "width": 120.8280029296875
        },
        {
            "height": 13.068000793457031,
            "label": "book",
            "left": 221.4119873046875,
            "top": 238.5,
            "width": 50.63999938964844
        },
        {
            "height": 15.552000045776367,
            "label": "book",
            "left": 220.99200439453125,
            "top": 241.41600036621094,
            "width": 50.62800216674805
        },
        {
            "height": 152.9759979248047,
            "label": "chair",
            "left": 438.10797119140625,
            "top": 196.15200805664062,
            "width": 149.84400939941406
        },
        {
            "height": 13.535999298095703,
            "label": "book",
            "left": 234.12001037597656,
            "top": 251.19601440429688,
            "width": 36.64800262451172
        },
        {
            "height": 13.164000511169434,
            "label": "book",
            "left": 224.75999450683594,
            "top": 233.37600708007812,
            "width": 28.703998565673828
        },
        {
            "height": 28.283998489379883,
            "label": "vase",
            "left": 336.9840087890625,
            "top": 108.01200103759766,
            "width": 12.720001220703125
        },
        {
            "height": 17.520000457763672,
            "label": "vase",
            "left": 277.0679931640625,
            "top": 156.5399932861328,
            "width": 12.57599925994873
        },
        {
            "height": 66.2760009765625,
            "label": "dining table",
            "left": 208.260009765625,
            "top": 247.52401733398438,
            "width": 116.35199737548828
        }
    ]
}