{
    "image_id": 139872,
    "seq": [
        {
            "height": 370.91253662109375,
            "label": "dog",
            "left": 62.72813034057617,
            "top": 30.0,
            "width": 389.0906066894531
        },
        {
            "height": 295.9406433105469,
            "label": "person",
            "left": 0.0,
            "top": 148.4812469482422,
            "width": 93.2437515258789
        },
        {
            "height": 121.4906234741211,
            "label": "frisbee",
            "left": 381.75,
            "top": 303.1781311035156,
            "width": 131.16563415527344
        },
        {
            "height": 128.0906219482422,
            "label": "person",
            "left": 552.0187377929688,
            "top": 321.76873779296875,
            "width": 47.25
        }
    ]
}