{
    "image_id": 139883,
    "seq": [
        {
            "height": 109.82670704039812,
            "label": "frisbee",
            "left": 134.71873779296874,
            "top": 487.6019467213115,
            "width": 116.6625
        },
        {
            "height": 95.38173302107728,
            "label": "frisbee",
            "left": 233.540625,
            "top": 414.3653761709602,
            "width": 84.35625610351562
        },
        {
            "height": 40.3559718969555,
            "label": "frisbee",
            "left": 236.034375,
            "top": 558.9414519906323,
            "width": 97.95936279296875
        },
        {
            "height": 28.66510538641686,
            "label": "frisbee",
            "left": 69.58125,
            "top": 570.632318501171,
            "width": 91.36875610351562
        }
    ]
}