{
    "image_id": 139872,
    "seq": [
        {
            "height": 494.55003255208334,
            "label": "dog",
            "left": 62.25936279296875,
            "top": 39.37497151692708,
            "width": 389.0906005859375
        },
        {
            "height": 394.58753255208336,
            "label": "person",
            "left": 0.0,
            "top": 197.34996744791667,
            "width": 93.24375
        },
        {
            "height": 161.9875,
            "label": "frisbee",
            "left": 381.28125,
            "top": 403.61253255208334,
            "width": 131.165625
        },
        {
            "height": 170.7875,
            "label": "person",
            "left": 551.55,
            "top": 428.39996744791665,
            "width": 47.25
        }
    ]
}