{
    "image_id": 139883,
    "seq": [
        {
            "height": 73.2750015258789,
            "label": "frisbee",
            "left": 135.1875,
            "top": 325.7906188964844,
            "width": 116.66250610351562
        },
        {
            "height": 63.63749694824219,
            "label": "frisbee",
            "left": 234.00938415527344,
            "top": 276.9281311035156,
            "width": 84.35625457763672
        },
        {
            "height": 26.924999237060547,
            "label": "frisbee",
            "left": 236.50314331054688,
            "top": 373.3874816894531,
            "width": 97.95936584472656
        },
        {
            "height": 19.125,
            "label": "frisbee",
            "left": 70.05000305175781,
            "top": 381.1875,
            "width": 91.3687515258789
        }
    ]
}