{
    "image_id": 140076,
    "seq": [
        {
            "height": 80.78400520833334,
            "label": "bottle",
            "left": 52.30800390625,
            "top": 252.33597916666668,
            "width": 18.528
        },
        {
            "height": 130.864,
            "label": "bottle",
            "left": 301.2,
            "top": 468.3360416666667,
            "width": 31.584
        },
        {
            "height": 171.616,
            "label": "chair",
            "left": 21.69599609375,
            "top": 421.504,
            "width": 116.556
        },
        {
            "height": 195.984,
            "label": "chair",
            "left": 436.30796875,
            "top": 360.4,
            "width": 80.544
        },
        {
            "height": 162.416,
            "label": "chair",
            "left": 503.76,
            "top": 427.5199583333333,
            "width": 95.64
        },
        {
            "height": 123.824,
            "label": "chair",
            "left": 265.656,
            "top": 284.24002083333335,
            "width": 100.356
        },
        {
            "height": 95.216,
            "label": "vase",
            "left": 283.452,
            "top": 433.616,
            "width": 41.052
        },
        {
            "height": 56.768,
            "label": "bottle",
            "left": 41.292,
            "top": 253.87197916666668,
            "width": 13.08
        },
        {
            "height": 35.568,
            "label": "bottle",
            "left": 27.084001953125,
            "top": 420.5119583333333,
            "width": 29.892
        },
        {
            "height": 17.103998697916666,
            "label": "bottle",
            "left": 24.564,
            "top": 259.8239791666667,
            "width": 8.832
        },
        {
            "height": 49.44,
            "label": "bottle",
            "left": 10.62,
            "top": 245.68,
            "width": 10.296
        },
        {
            "height": 37.952,
            "label": "bottle",
            "left": 47.256,
            "top": 420.95995833333336,
            "width": 27.348001953125
        },
        {
            "height": 39.056,
            "label": "bottle",
            "left": 5.244,
            "top": 239.34404166666667,
            "width": 6.42
        },
        {
            "height": 37.968,
            "label": "bottle",
            "left": 0.0,
            "top": 467.93604166666665,
            "width": 28.776
        },
        {
            "height": 83.504,
            "label": "wine glass",
            "left": 39.77999609375,
            "top": 344.0160416666667,
            "width": 19.068
        },
        {
            "height": 49.776,
            "label": "wine glass",
            "left": 23.028,
            "top": 357.1519583333333,
            "width": 16.2
        },
        {
            "height": 44.8,
            "label": "wine glass",
            "left": 11.556,
            "top": 361.2959583333333,
            "width": 13.704
        },
        {
            "height": 37.648,
            "label": "wine glass",
            "left": 35.208,
            "top": 352.11195833333335,
            "width": 10.8720009765625
        },
        {
            "height": 61.68,
            "label": "wine glass",
            "left": 0.0,
            "top": 340.224,
            "width": 76.212
        },
        {
            "height": 190.576,
            "label": "chair",
            "left": 96.8880078125,
            "top": 353.7119583333333,
            "width": 71.88
        },
        {
            "height": 270.848,
            "label": "dining table",
            "left": 94.2599921875,
            "top": 328.3519791666667,
            "width": 408.348
        }
    ]
}