{
    "image_id": 140076,
    "seq": [
        {
            "height": 60.58800506591797,
            "label": "bottle",
            "left": 52.907997131347656,
            "top": 189.8520050048828,
            "width": 18.527999877929688
        },
        {
            "height": 98.14800262451172,
            "label": "bottle",
            "left": 301.8000183105469,
            "top": 351.85198974609375,
            "width": 31.583999633789062
        },
        {
            "height": 128.71200561523438,
            "label": "chair",
            "left": 22.296001434326172,
            "top": 316.7279968261719,
            "width": 116.55599975585938
        },
        {
            "height": 146.9879913330078,
            "label": "chair",
            "left": 436.9079895019531,
            "top": 270.8999938964844,
            "width": 80.54399871826172
        },
        {
            "height": 121.81200408935547,
            "label": "chair",
            "left": 504.3599853515625,
            "top": 321.2400207519531,
            "width": 95.63999938964844
        },
        {
            "height": 92.86800384521484,
            "label": "chair",
            "left": 266.2560119628906,
            "top": 213.77999877929688,
            "width": 100.35599517822266
        },
        {
            "height": 71.41200256347656,
            "label": "vase",
            "left": 284.052001953125,
            "top": 325.81201171875,
            "width": 41.052001953125
        },
        {
            "height": 42.57600021362305,
            "label": "bottle",
            "left": 41.89200210571289,
            "top": 191.00399780273438,
            "width": 13.079998970031738
        },
        {
            "height": 26.67599868774414,
            "label": "bottle",
            "left": 27.68400001525879,
            "top": 315.9840087890625,
            "width": 29.891998291015625
        },
        {
            "height": 12.82800006866455,
            "label": "bottle",
            "left": 25.163999557495117,
            "top": 195.46800231933594,
            "width": 8.831999778747559
        },
        {
            "height": 37.07999801635742,
            "label": "bottle",
            "left": 11.220000267028809,
            "top": 184.86001586914062,
            "width": 10.296000480651855
        },
        {
            "height": 28.464000701904297,
            "label": "bottle",
            "left": 47.85599899291992,
            "top": 316.3199768066406,
            "width": 27.34800148010254
        },
        {
            "height": 29.29199981689453,
            "label": "bottle",
            "left": 5.843999862670898,
            "top": 180.1079864501953,
            "width": 6.419999599456787
        },
        {
            "height": 28.475997924804688,
            "label": "bottle",
            "left": 0.0,
            "top": 351.5519714355469,
            "width": 28.775999069213867
        },
        {
            "height": 62.62799835205078,
            "label": "wine glass",
            "left": 40.3800048828125,
            "top": 258.61199951171875,
            "width": 19.06800079345703
        },
        {
            "height": 37.332000732421875,
            "label": "wine glass",
            "left": 23.628002166748047,
            "top": 268.4639892578125,
            "width": 16.200000762939453
        },
        {
            "height": 33.60000228881836,
            "label": "wine glass",
            "left": 12.156000137329102,
            "top": 271.5719909667969,
            "width": 13.704000473022461
        },
        {
            "height": 28.236000061035156,
            "label": "wine glass",
            "left": 35.80799865722656,
            "top": 264.68402099609375,
            "width": 10.871999740600586
        },
        {
            "height": 46.26000213623047,
            "label": "wine glass",
            "left": 0.4559999704360962,
            "top": 255.7679901123047,
            "width": 76.21199798583984
        },
        {
            "height": 142.9320068359375,
            "label": "chair",
            "left": 97.48799896240234,
            "top": 265.8840026855469,
            "width": 71.87999725341797
        },
        {
            "height": 203.135986328125,
            "label": "dining table",
            "left": 94.8600082397461,
            "top": 246.864013671875,
            "width": 408.3480224609375
        }
    ]
}