{
    "image_id": 140286,
    "seq": [
        {
            "height": 226.36468330134358,
            "label": "horse",
            "left": 90.03750610351562,
            "top": 286.27252279270635,
            "width": 161.821875
        },
        {
            "height": 117.14395393474088,
            "label": "person",
            "left": 391.0968505859375,
            "top": 260.0959692898273,
            "width": 93.65624389648437
        },
        {
            "height": 83.59692148512477,
            "label": "person",
            "left": 238.4343994140625,
            "top": 305.02108325335894,
            "width": 26.34375
        }
    ]
}