{
    "image_id": 140203,
    "seq": [
        {
            "height": 67.2750015258789,
            "label": "dog",
            "left": 455.11871337890625,
            "top": 40.171875,
            "width": 87.0562515258789
        },
        {
            "height": 211.9499969482422,
            "label": "person",
            "left": 476.9999694824219,
            "top": 19.03125,
            "width": 75.64688110351562
        },
        {
            "height": 274.0406188964844,
            "label": "person",
            "left": 0.0,
            "top": 110.7281265258789,
            "width": 40.38750076293945
        },
        {
            "height": 62.259376525878906,
            "label": "person",
            "left": 7.125,
            "top": 44.0625,
            "width": 18.440624237060547
        },
        {
            "height": 365.25,
            "label": "truck",
            "left": 18.15937614440918,
            "top": 0.0,
            "width": 454.0406188964844
        },
        {
            "height": 61.546875,
            "label": "person",
            "left": 15.984374046325684,
            "top": 17.662500381469727,
            "width": 19.453125
        },
        {
            "height": 39.68437576293945,
            "label": "person",
            "left": 214.77188110351562,
            "top": 45.178123474121094,
            "width": 23.653125762939453
        },
        {
            "height": 45.65625,
            "label": "person",
            "left": 0.0,
            "top": 19.23750114440918,
            "width": 27.25312614440918
        }
    ]
}