{
    "image_id": 140203,
    "seq": [
        {
            "height": 89.7,
            "label": "dog",
            "left": 454.65,
            "top": 52.9375,
            "width": 87.05625
        },
        {
            "height": 282.6,
            "label": "person",
            "left": 476.53125,
            "top": 24.750006103515624,
            "width": 75.646875
        },
        {
            "height": 365.3875,
            "label": "person",
            "left": 0.0,
            "top": 147.01253255208334,
            "width": 40.38750305175781
        },
        {
            "height": 83.01250813802083,
            "label": "person",
            "left": 6.656249237060547,
            "top": 58.12500813802083,
            "width": 18.440625
        },
        {
            "height": 486.9999674479167,
            "label": "truck",
            "left": 17.69061737060547,
            "top": 0.0,
            "width": 454.040625
        },
        {
            "height": 82.0625,
            "label": "person",
            "left": 15.515625,
            "top": 22.924985758463542,
            "width": 19.453125
        },
        {
            "height": 52.91250406901042,
            "label": "person",
            "left": 214.303125,
            "top": 59.6125,
            "width": 23.653125
        },
        {
            "height": 60.874995930989584,
            "label": "person",
            "left": 0.0,
            "top": 25.025006103515626,
            "width": 27.253125
        }
    ]
}