{
    "image_id": 140286,
    "seq": [
        {
            "height": 184.27499389648438,
            "label": "horse",
            "left": 90.50625610351562,
            "top": 233.51251220703125,
            "width": 161.82186889648438
        },
        {
            "height": 95.36250305175781,
            "label": "person",
            "left": 391.5656433105469,
            "top": 212.203125,
            "width": 93.65625
        },
        {
            "height": 68.0531234741211,
            "label": "person",
            "left": 238.9031219482422,
            "top": 248.77499389648438,
            "width": 26.34375
        }
    ]
}