{
    "image_id": 14038,
    "seq": [
        {
            "height": 64.51875305175781,
            "label": "tv",
            "left": 440.3249816894531,
            "top": 175.6218719482422,
            "width": 32.56875228881836
        },
        {
            "height": 23.700000762939453,
            "label": "bottle",
            "left": 71.27812194824219,
            "top": 96.82499694824219,
            "width": 14.831250190734863
        },
        {
            "height": 17.12812614440918,
            "label": "bottle",
            "left": 43.490623474121094,
            "top": 99.58124542236328,
            "width": 9.78749942779541
        },
        {
            "height": 111.5625,
            "label": "dining table",
            "left": 468.75,
            "top": 284.15625,
            "width": 131.25
        },
        {
            "height": 68.0625,
            "label": "bed",
            "left": 284.0906066894531,
            "top": 175.6875,
            "width": 50.08124923706055
        },
        {
            "height": 18.871875762939453,
            "label": "cell phone",
            "left": 544.3781127929688,
            "top": 381.44061279296875,
            "width": 29.456249237060547
        },
        {
            "height": 251.5500030517578,
            "label": "refrigerator",
            "left": 17.12812614440918,
            "top": 143.80311584472656,
            "width": 121.71562194824219
        },
        {
            "height": 12.69374942779541,
            "label": "book",
            "left": 476.0625,
            "top": 253.64060974121094,
            "width": 34.125
        },
        {
            "height": 13.88437557220459,
            "label": "book",
            "left": 470.4375,
            "top": 273.4781188964844,
            "width": 40.453125
        },
        {
            "height": 13.678125381469727,
            "label": "book",
            "left": 470.88751220703125,
            "top": 267.9374694824219,
            "width": 39.224998474121094
        },
        {
            "height": 5.86875057220459,
            "label": "book",
            "left": 486.4031677246094,
            "top": 224.89688110351562,
            "width": 23.100000381469727
        },
        {
            "height": 9.543749809265137,
            "label": "book",
            "left": 475.8187561035156,
            "top": 188.37185668945312,
            "width": 39.88125228881836
        },
        {
            "height": 15.403124809265137,
            "label": "book",
            "left": 472.9312438964844,
            "top": 257.74688720703125,
            "width": 32.8125
        },
        {
            "height": 19.16250228881836,
            "label": "bottle",
            "left": 221.8874969482422,
            "top": 273.9093933105469,
            "width": 20.653125762939453
        },
        {
            "height": 27.30000114440918,
            "label": "couch",
            "left": 158.39999389648438,
            "top": 201.4875030517578,
            "width": 60.53437423706055
        },
        {
            "height": 87.5062484741211,
            "label": "potted plant",
            "left": 465.45001220703125,
            "top": 35.88749694824219,
            "width": 55.86562728881836
        },
        {
            "height": 11.606250762939453,
            "label": "book",
            "left": 467.12811279296875,
            "top": 196.92189025878906,
            "width": 49.734375
        },
        {
            "height": 26.831249237060547,
            "label": "chair",
            "left": 527.53125,
            "top": 268.9031066894531,
            "width": 72.421875
        },
        {
            "height": 11.70937442779541,
            "label": "book",
            "left": 469.59375,
            "top": 265.9406433105469,
            "width": 39.337501525878906
        },
        {
            "height": 3.6187498569488525,
            "label": "book",
            "left": 486.4968566894531,
            "top": 230.34375,
            "width": 20.071874618530273
        },
        {
            "height": 4.931250095367432,
            "label": "book",
            "left": 476.9624938964844,
            "top": 157.6125030517578,
            "width": 38.990623474121094
        },
        {
            "height": 6.037499904632568,
            "label": "book",
            "left": 474.59063720703125,
            "top": 161.05311584472656,
            "width": 44.51250076293945
        },
        {
            "height": 36.196876525878906,
            "label": "microwave",
            "left": 150.4499969482422,
            "top": 268.2843933105469,
            "width": 69.0093765258789
        },
        {
            "height": 32.54062271118164,
            "label": "book",
            "left": 471.44061279296875,
            "top": 291.30938720703125,
            "width": 34.64999771118164
        }
    ]
}