{
    "image_id": 14038,
    "seq": [
        {
            "height": 96.70257611241217,
            "label": "tv",
            "left": 439.85625,
            "top": 262.5245901639344,
            "width": 32.56875305175781
        },
        {
            "height": 35.522248243559716,
            "label": "bottle",
            "left": 70.809375,
            "top": 144.42158225995317,
            "width": 14.83125
        },
        {
            "height": 25.672131147540984,
            "label": "bottle",
            "left": 43.021875,
            "top": 148.55268406030444,
            "width": 9.787498474121094
        },
        {
            "height": 167.21311475409837,
            "label": "dining table",
            "left": 468.28125,
            "top": 425.19902663934425,
            "width": 131.25
        },
        {
            "height": 102.01405152224824,
            "label": "bed",
            "left": 283.621875,
            "top": 262.62298741217796,
            "width": 50.08124694824219
        },
        {
            "height": 28.2857165727459,
            "label": "cell phone",
            "left": 543.909375,
            "top": 571.0117096018736,
            "width": 29.45625
        },
        {
            "height": 377.0304449648712,
            "label": "refrigerator",
            "left": 16.65937042236328,
            "top": 214.83368706088993,
            "width": 121.715625
        },
        {
            "height": 19.02576112412178,
            "label": "book",
            "left": 475.59375,
            "top": 379.46139490632316,
            "width": 34.125
        },
        {
            "height": 20.81030444964871,
            "label": "book",
            "left": 469.96875,
            "top": 409.1943793911007,
            "width": 40.453125
        },
        {
            "height": 20.501170960187352,
            "label": "book",
            "left": 470.41875,
            "top": 400.8899663348946,
            "width": 39.225
        },
        {
            "height": 8.796253499158372,
            "label": "book",
            "left": 485.934375,
            "top": 336.37935450819674,
            "width": 23.1
        },
        {
            "height": 14.304449648711945,
            "label": "book",
            "left": 475.35,
            "top": 281.6346238290398,
            "width": 39.88125
        },
        {
            "height": 23.08665105386417,
            "label": "book",
            "left": 472.4625,
            "top": 385.615925058548,
            "width": 32.8125
        },
        {
            "height": 28.721316049473067,
            "label": "bottle",
            "left": 221.41875,
            "top": 409.84078600702577,
            "width": 20.653125
        },
        {
            "height": 40.918037360948475,
            "label": "couch",
            "left": 157.93123779296874,
            "top": 301.29275834309135,
            "width": 60.534375
        },
        {
            "height": 131.1568995169789,
            "label": "potted plant",
            "left": 464.981298828125,
            "top": 53.086664776053865,
            "width": 55.865625
        },
        {
            "height": 17.395784543325526,
            "label": "book",
            "left": 466.659326171875,
            "top": 294.4496487119438,
            "width": 49.734375
        },
        {
            "height": 40.21545667447307,
            "label": "chair",
            "left": 527.0625,
            "top": 402.3372731264637,
            "width": 72.421875
        },
        {
            "height": 17.550351288056206,
            "label": "book",
            "left": 469.125,
            "top": 397.8969920960187,
            "width": 39.3375
        },
        {
            "height": 5.42388701606411,
            "label": "book",
            "left": 486.028125,
            "top": 344.5433255269321,
            "width": 20.071875
        },
        {
            "height": 7.391101274334017,
            "label": "book",
            "left": 476.49375,
            "top": 235.53163422131146,
            "width": 38.990625
        },
        {
            "height": 9.049180327868852,
            "label": "book",
            "left": 474.121875,
            "top": 240.68850629391102,
            "width": 44.51250305175781
        },
        {
            "height": 54.25292740046839,
            "label": "microwave",
            "left": 149.98126220703125,
            "top": 401.4097994730679,
            "width": 69.009375
        },
        {
            "height": 48.7728337236534,
            "label": "book",
            "left": 470.971875,
            "top": 435.92037470725995,
            "width": 34.65
        }
    ]
}