{
    "image_id": 140439,
    "seq": [
        {
            "height": 43.58437805175781,
            "label": "potted plant",
            "left": 129.93924320969626,
            "top": 271.0968994140625,
            "width": 44.21495327102804
        },
        {
            "height": 76.246875,
            "label": "potted plant",
            "left": 47.481308411214954,
            "top": 239.2781005859375,
            "width": 66.40654205607477
        },
        {
            "height": 57.15,
            "label": "potted plant",
            "left": 0.028038693365649642,
            "top": 238.9125,
            "width": 54.56074310017523
        },
        {
            "height": 67.41563110351562,
            "label": "dining table",
            "left": 43.6541827905958,
            "top": 520.912451171875,
            "width": 510.0981308411215
        },
        {
            "height": 292.584375,
            "label": "vase",
            "left": 235.19158878504672,
            "top": 296.15625,
            "width": 165.32242990654206
        },
        {
            "height": 22.378126525878905,
            "label": "vase",
            "left": 130.38785046728972,
            "top": 294.4968505859375,
            "width": 43.401869158878505
        },
        {
            "height": 46.340625,
            "label": "vase",
            "left": 47.551406432535046,
            "top": 271.03125,
            "width": 70.38785046728972
        },
        {
            "height": 62.85,
            "label": "vase",
            "left": 178.62616822429908,
            "top": 252.2531005859375,
            "width": 57.67289719626168
        },
        {
            "height": 51.39375,
            "label": "potted plant",
            "left": 191.1448598130841,
            "top": 263.671875,
            "width": 43.75233644859813
        }
    ]
}