{
    "image_id": 140439,
    "seq": [
        {
            "height": 43.58437728881836,
            "label": "potted plant",
            "left": 87.36563110351562,
            "top": 271.5656433105469,
            "width": 29.568750381469727
        },
        {
            "height": 76.24687957763672,
            "label": "potted plant",
            "left": 32.22187423706055,
            "top": 239.7468719482422,
            "width": 44.40937423706055
        },
        {
            "height": 57.14999771118164,
            "label": "potted plant",
            "left": 0.48749998211860657,
            "top": 239.38125610351562,
            "width": 36.48749923706055
        },
        {
            "height": 67.4156265258789,
            "label": "dining table",
            "left": 29.662500381469727,
            "top": 521.3812866210938,
            "width": 341.1281433105469
        },
        {
            "height": 292.5843811035156,
            "label": "vase",
            "left": 157.7531280517578,
            "top": 296.625,
            "width": 110.55937957763672
        },
        {
            "height": 22.37812614440918,
            "label": "vase",
            "left": 87.6656265258789,
            "top": 294.96563720703125,
            "width": 29.024999618530273
        },
        {
            "height": 46.34062194824219,
            "label": "vase",
            "left": 32.26874923706055,
            "top": 271.5,
            "width": 47.07187271118164
        },
        {
            "height": 62.849998474121094,
            "label": "vase",
            "left": 119.92499542236328,
            "top": 252.7218780517578,
            "width": 38.568748474121094
        },
        {
            "height": 51.39374923706055,
            "label": "potted plant",
            "left": 128.296875,
            "top": 264.140625,
            "width": 29.25937271118164
        }
    ]
}