{
    "image_id": 140583,
    "seq": [
        {
            "height": 61.41841004184101,
            "label": "sheep",
            "left": 488.41875,
            "top": 373.3682008368201,
            "width": 26.146875
        },
        {
            "height": 64.01673640167364,
            "label": "sheep",
            "left": 360.7312255859375,
            "top": 366.42681093096235,
            "width": 21.95625
        },
        {
            "height": 52.85774058577406,
            "label": "sheep",
            "left": 384.7874755859375,
            "top": 369.2259087343096,
            "width": 22.18125
        },
        {
            "height": 56.00836820083682,
            "label": "sheep",
            "left": 426.384423828125,
            "top": 368.9121338912134,
            "width": 21.24375
        },
        {
            "height": 57.86610878661088,
            "label": "sheep",
            "left": 400.134375,
            "top": 355.8326359832636,
            "width": 18.796875
        },
        {
            "height": 12.82845392586297,
            "label": "sheep",
            "left": 288.4875,
            "top": 351.9289029811716,
            "width": 12.374999237060546
        },
        {
            "height": 64.970703125,
            "label": "sheep",
            "left": 326.746875,
            "top": 361.23015821129707,
            "width": 21.346875
        },
        {
            "height": 61.21756913572176,
            "label": "sheep",
            "left": 344.775,
            "top": 364.56907034518827,
            "width": 15.103125
        },
        {
            "height": 50.29707112970711,
            "label": "person",
            "left": 297.3749755859375,
            "top": 321.64016736401675,
            "width": 19.6125
        },
        {
            "height": 47.76150627615063,
            "label": "person",
            "left": 270.3937255859375,
            "top": 328.907949790795,
            "width": 13.846875
        },
        {
            "height": 46.35564853556485,
            "label": "sheep",
            "left": 415.96875,
            "top": 367.3807531380753,
            "width": 12.946875
        },
        {
            "height": 58.87029288702929,
            "label": "sheep",
            "left": 445.078173828125,
            "top": 364.5188284518828,
            "width": 16.95
        },
        {
            "height": 53.2092050209205,
            "label": "sheep",
            "left": 462.65625,
            "top": 369.2761833158996,
            "width": 24.7125
        },
        {
            "height": 42.95397489539749,
            "label": "sheep",
            "left": 302.2875,
            "top": 365.94975810669456,
            "width": 13.040625
        },
        {
            "height": 44.58577405857741,
            "label": "sheep",
            "left": 312.9375244140625,
            "top": 362.6109113493724,
            "width": 15.646875
        },
        {
            "height": 35.41004184100419,
            "label": "truck",
            "left": 150.796875,
            "top": 323.22175732217573,
            "width": 37.3125
        },
        {
            "height": 62.79916317991632,
            "label": "cow",
            "left": 343.3781494140625,
            "top": 360.67785695606693,
            "width": 21.084376525878906
        },
        {
            "height": 55.36820083682009,
            "label": "cow",
            "left": 428.1375,
            "top": 368.3975222280335,
            "width": 21.121875
        },
        {
            "height": 35.66108786610879,
            "label": "cow",
            "left": 408.421875,
            "top": 337.68200836820085,
            "width": 38.146875
        },
        {
            "height": 36.9163179916318,
            "label": "cow",
            "left": 439.06875,
            "top": 334.1296744246862,
            "width": 38.146875
        },
        {
            "height": 19.29288498627092,
            "label": "cow",
            "left": 393.6,
            "top": 342.2510460251046,
            "width": 18.459375
        }
    ]
}