{
    "image_id": 140556,
    "seq": [
        {
            "height": 283.3260393873085,
            "label": "fire hydrant",
            "left": 357.16875,
            "top": 316.01747128008753,
            "width": 104.221875
        },
        {
            "height": 583.746170678337,
            "label": "person",
            "left": 126.22501220703126,
            "top": 7.129083078330142,
            "width": 191.4937255859375
        },
        {
            "height": 570.4070021881838,
            "label": "person",
            "left": 436.6125,
            "top": 21.019706475656456,
            "width": 143.13748779296876
        },
        {
            "height": 497.527352297593,
            "label": "person",
            "left": 52.48124389648437,
            "top": 92.37636761487965,
            "width": 108.796875
        },
        {
            "height": 19.50984682713348,
            "label": "truck",
            "left": 4.340623474121093,
            "top": 339.636761487965,
            "width": 39.45000305175781
        },
        {
            "height": 313.11597374179433,
            "label": "person",
            "left": 266.1187744140625,
            "top": 96.97155361050328,
            "width": 80.03438720703124
        }
    ]
}