{
    "image_id": 140583,
    "seq": [
        {
            "height": 45.87187576293945,
            "label": "sheep",
            "left": 488.8874816894531,
            "top": 279.3281555175781,
            "width": 26.146875381469727
        },
        {
            "height": 47.8125,
            "label": "sheep",
            "left": 361.20001220703125,
            "top": 274.1437683105469,
            "width": 21.956249237060547
        },
        {
            "height": 39.478126525878906,
            "label": "sheep",
            "left": 385.2562561035156,
            "top": 276.234375,
            "width": 22.181249618530273
        },
        {
            "height": 41.83124923706055,
            "label": "sheep",
            "left": 426.8531188964844,
            "top": 276.0,
            "width": 21.243749618530273
        },
        {
            "height": 43.218746185302734,
            "label": "sheep",
            "left": 400.6031188964844,
            "top": 266.23126220703125,
            "width": 18.796873092651367
        },
        {
            "height": 9.58125114440918,
            "label": "sheep",
            "left": 288.9562683105469,
            "top": 263.31561279296875,
            "width": 12.374999046325684
        },
        {
            "height": 48.52499771118164,
            "label": "sheep",
            "left": 327.21563720703125,
            "top": 270.2624816894531,
            "width": 21.346874237060547
        },
        {
            "height": 45.72187423706055,
            "label": "sheep",
            "left": 345.2437438964844,
            "top": 272.7562561035156,
            "width": 15.10312557220459
        },
        {
            "height": 37.56562423706055,
            "label": "person",
            "left": 297.84375,
            "top": 240.69374084472656,
            "width": 19.612499237060547
        },
        {
            "height": 35.671875,
            "label": "person",
            "left": 270.8625183105469,
            "top": 246.1218719482422,
            "width": 13.846875190734863
        },
        {
            "height": 34.62187576293945,
            "label": "sheep",
            "left": 416.4375305175781,
            "top": 274.8562316894531,
            "width": 12.94687557220459
        },
        {
            "height": 43.96875,
            "label": "sheep",
            "left": 445.546875,
            "top": 272.71875,
            "width": 16.94999885559082
        },
        {
            "height": 39.740623474121094,
            "label": "sheep",
            "left": 463.125,
            "top": 276.2718811035156,
            "width": 24.712501525878906
        },
        {
            "height": 32.08125305175781,
            "label": "sheep",
            "left": 302.7562255859375,
            "top": 273.7875061035156,
            "width": 13.04062557220459
        },
        {
            "height": 33.29999923706055,
            "label": "sheep",
            "left": 313.40625,
            "top": 271.29376220703125,
            "width": 15.646875381469727
        },
        {
            "height": 26.446874618530273,
            "label": "truck",
            "left": 151.265625,
            "top": 241.875,
            "width": 37.3125
        },
        {
            "height": 46.90312194824219,
            "label": "cow",
            "left": 343.84686279296875,
            "top": 269.8500061035156,
            "width": 21.084375381469727
        },
        {
            "height": 41.353126525878906,
            "label": "cow",
            "left": 428.6062316894531,
            "top": 275.6156005859375,
            "width": 21.121875762939453
        },
        {
            "height": 26.634376525878906,
            "label": "cow",
            "left": 408.8905944824219,
            "top": 252.6750030517578,
            "width": 38.146873474121094
        },
        {
            "height": 27.571874618530273,
            "label": "cow",
            "left": 439.5374755859375,
            "top": 250.02188110351562,
            "width": 38.146873474121094
        },
        {
            "height": 14.409374237060547,
            "label": "cow",
            "left": 394.0687561035156,
            "top": 256.0874938964844,
            "width": 18.459375381469727
        }
    ]
}