{
    "image_id": 140556,
    "seq": [
        {
            "height": 202.3125,
            "label": "fire hydrant",
            "left": 357.63751220703125,
            "top": 226.12498474121094,
            "width": 104.22187042236328
        },
        {
            "height": 416.83123779296875,
            "label": "person",
            "left": 126.6937484741211,
            "top": 5.559374809265137,
            "width": 191.49374389648438
        },
        {
            "height": 407.3062438964844,
            "label": "person",
            "left": 437.0812683105469,
            "top": 15.47812557220459,
            "width": 143.1374969482422
        },
        {
            "height": 355.265625,
            "label": "person",
            "left": 52.94999694824219,
            "top": 66.4312515258789,
            "width": 108.79688262939453
        },
        {
            "height": 13.931249618530273,
            "label": "truck",
            "left": 4.809375286102295,
            "top": 242.99063110351562,
            "width": 39.45000076293945
        },
        {
            "height": 223.58438110351562,
            "label": "person",
            "left": 266.5874938964844,
            "top": 69.7125015258789,
            "width": 80.03437805175781
        }
    ]
}