{
    "image_id": 140640,
    "seq": [
        {
            "height": 209.0,
            "label": "potted plant",
            "left": 401.5125244140625,
            "top": 18.169027838908452,
            "width": 144.58125
        },
        {
            "height": 117.1830985915493,
            "label": "dining table",
            "left": 380.1093505859375,
            "top": 482.11271273474176,
            "width": 219.421875
        },
        {
            "height": 517.563416960094,
            "label": "person",
            "left": 103.87498779296875,
            "top": 75.64788732394366,
            "width": 177.196875
        },
        {
            "height": 405.40845070422534,
            "label": "person",
            "left": 407.896875,
            "top": 124.29577464788733,
            "width": 157.415625
        },
        {
            "height": 85.08450704225352,
            "label": "cake",
            "left": 447.478076171875,
            "top": 512.7605633802817,
            "width": 108.384375
        },
        {
            "height": 45.028169014084504,
            "label": "knife",
            "left": 399.6937744140625,
            "top": 499.6197916666667,
            "width": 52.65000610351562
        },
        {
            "height": 40.53521126760563,
            "label": "cake",
            "left": 452.2875,
            "top": 558.6901775234742,
            "width": 30.20625
        },
        {
            "height": 19.56338028169014,
            "label": "cake",
            "left": 422.11875,
            "top": 577.183135269953,
            "width": 38.49374694824219
        },
        {
            "height": 33.690140845070424,
            "label": "cake",
            "left": 386.98125,
            "top": 564.8873606220657,
            "width": 34.790625
        },
        {
            "height": 26.492957746478872,
            "label": "cake",
            "left": 420.84375,
            "top": 541.0000366784037,
            "width": 32.94375
        },
        {
            "height": 526.2394366197183,
            "label": "person",
            "left": 255.899951171875,
            "top": 72.60563838761738,
            "width": 197.27811279296876
        }
    ]
}