{
    "image_id": 140640,
    "seq": [
        {
            "height": 139.11561584472656,
            "label": "potted plant",
            "left": 401.9812316894531,
            "top": 12.562499046325684,
            "width": 144.5812530517578
        },
        {
            "height": 78.0,
            "label": "dining table",
            "left": 380.578125,
            "top": 321.375,
            "width": 219.421875
        },
        {
            "height": 344.5031433105469,
            "label": "person",
            "left": 104.34375,
            "top": 50.821876525878906,
            "width": 177.19686889648438
        },
        {
            "height": 269.8500061035156,
            "label": "person",
            "left": 408.3656005859375,
            "top": 83.203125,
            "width": 157.41563415527344
        },
        {
            "height": 56.63437271118164,
            "label": "cake",
            "left": 447.9468688964844,
            "top": 341.7750244140625,
            "width": 108.3843765258789
        },
        {
            "height": 29.97187614440918,
            "label": "knife",
            "left": 400.1624755859375,
            "top": 333.02813720703125,
            "width": 52.650001525878906
        },
        {
            "height": 26.981250762939453,
            "label": "cake",
            "left": 452.7562255859375,
            "top": 372.3468933105469,
            "width": 30.20625114440918
        },
        {
            "height": 13.021875381469727,
            "label": "cake",
            "left": 422.5874938964844,
            "top": 384.65625,
            "width": 38.49374771118164
        },
        {
            "height": 22.424999237060547,
            "label": "cake",
            "left": 387.4499816894531,
            "top": 376.4718933105469,
            "width": 34.790626525878906
        },
        {
            "height": 17.634374618530273,
            "label": "cake",
            "left": 421.3125,
            "top": 360.5718688964844,
            "width": 32.943748474121094
        },
        {
            "height": 350.2781066894531,
            "label": "person",
            "left": 256.3687438964844,
            "top": 48.796875,
            "width": 197.2781219482422
        }
    ]
}