{
    "image_id": 140840,
    "seq": [
        {
            "height": 57.84000015258789,
            "label": "person",
            "left": 245.1719970703125,
            "top": 117.62399291992188,
            "width": 18.79199981689453
        },
        {
            "height": 26.50800132751465,
            "label": "person",
            "left": 84.08399963378906,
            "top": 137.3040008544922,
            "width": 10.644000053405762
        },
        {
            "height": 81.15599822998047,
            "label": "kite",
            "left": 162.1320037841797,
            "top": 206.7239990234375,
            "width": 84.43199920654297
        },
        {
            "height": 59.81999969482422,
            "label": "kite",
            "left": 261.61199951171875,
            "top": 205.5,
            "width": 42.29999923706055
        },
        {
            "height": 104.97599792480469,
            "label": "kite",
            "left": 427.8599853515625,
            "top": 201.59999084472656,
            "width": 128.0399932861328
        },
        {
            "height": 65.67599487304688,
            "label": "kite",
            "left": 310.7879943847656,
            "top": 230.6280059814453,
            "width": 81.44400787353516
        },
        {
            "height": 74.68800354003906,
            "label": "kite",
            "left": 402.2279968261719,
            "top": 206.3880157470703,
            "width": 28.52400016784668
        },
        {
            "height": 27.299999237060547,
            "label": "kite",
            "left": 425.135986328125,
            "top": 162.39601135253906,
            "width": 17.220001220703125
        },
        {
            "height": 41.66400146484375,
            "label": "kite",
            "left": 380.5439758300781,
            "top": 158.9639892578125,
            "width": 18.012001037597656
        },
        {
            "height": 35.711997985839844,
            "label": "kite",
            "left": 328.5239562988281,
            "top": 153.74398803710938,
            "width": 44.95199966430664
        },
        {
            "height": 32.63999938964844,
            "label": "kite",
            "left": 74.30400085449219,
            "top": 230.1719970703125,
            "width": 99.73199462890625
        },
        {
            "height": 39.5880012512207,
            "label": "kite",
            "left": 448.7279968261719,
            "top": 162.9359893798828,
            "width": 31.559999465942383
        },
        {
            "height": 31.451997756958008,
            "label": "kite",
            "left": 287.7359924316406,
            "top": 154.02000427246094,
            "width": 16.17599868774414
        },
        {
            "height": 38.83200454711914,
            "label": "kite",
            "left": 40.4640007019043,
            "top": 236.74798583984375,
            "width": 33.33599853515625
        },
        {
            "height": 15.65999984741211,
            "label": "person",
            "left": 56.435997009277344,
            "top": 148.7760009765625,
            "width": 6.708000183105469
        },
        {
            "height": 15.263999938964844,
            "label": "person",
            "left": 416.9280090332031,
            "top": 163.02001953125,
            "width": 11.399999618530273
        },
        {
            "height": 15.803999900817871,
            "label": "person",
            "left": 38.38800048828125,
            "top": 149.60400390625,
            "width": 4.619999885559082
        },
        {
            "height": 31.031999588012695,
            "label": "truck",
            "left": 553.89599609375,
            "top": 131.37600708007812,
            "width": 37.03200149536133
        },
        {
            "height": 46.272003173828125,
            "label": "kite",
            "left": 0.0,
            "top": 224.8800048828125,
            "width": 48.32400131225586
        }
    ]
}