{
    "image_id": 140840,
    "seq": [
        {
            "height": 102.91814946619218,
            "label": "person",
            "left": 244.572,
            "top": 208.2277163033808,
            "width": 18.791998046875
        },
        {
            "height": 47.16725978647687,
            "label": "person",
            "left": 83.484,
            "top": 243.2455237989324,
            "width": 10.644
        },
        {
            "height": 144.40569395017795,
            "label": "kite",
            "left": 161.532,
            "top": 366.7686554715302,
            "width": 84.432
        },
        {
            "height": 106.44128113879003,
            "label": "kite",
            "left": 261.012,
            "top": 364.5907473309609,
            "width": 42.3
        },
        {
            "height": 186.79004948843416,
            "label": "kite",
            "left": 427.26,
            "top": 357.65118994661924,
            "width": 128.04
        },
        {
            "height": 116.86120996441281,
            "label": "kite",
            "left": 310.1879375,
            "top": 409.30246330071174,
            "width": 81.444
        },
        {
            "height": 132.89679715302492,
            "label": "kite",
            "left": 401.62803125,
            "top": 366.170790702847,
            "width": 28.524
        },
        {
            "height": 48.57651245551602,
            "label": "kite",
            "left": 424.536,
            "top": 287.8932106316726,
            "width": 17.22
        },
        {
            "height": 74.13523131672598,
            "label": "kite",
            "left": 379.944,
            "top": 281.7864212633452,
            "width": 18.012
        },
        {
            "height": 63.544483985765126,
            "label": "kite",
            "left": 327.924,
            "top": 272.4982206405694,
            "width": 44.952
        },
        {
            "height": 58.07829181494662,
            "label": "kite",
            "left": 73.704,
            "top": 408.491103202847,
            "width": 99.732
        },
        {
            "height": 70.44128808941281,
            "label": "kite",
            "left": 448.128,
            "top": 288.8540647241993,
            "width": 31.56
        },
        {
            "height": 55.964409336076514,
            "label": "kite",
            "left": 287.136,
            "top": 272.98929604092524,
            "width": 16.1759990234375
        },
        {
            "height": 69.09608540925267,
            "label": "kite",
            "left": 39.86399609375,
            "top": 420.19214301601426,
            "width": 33.336
        },
        {
            "height": 27.864768683274022,
            "label": "person",
            "left": 55.836,
            "top": 263.65839079181495,
            "width": 6.708
        },
        {
            "height": 27.160142348754448,
            "label": "person",
            "left": 416.328,
            "top": 289.0035309163701,
            "width": 11.4
        },
        {
            "height": 28.12099644128114,
            "label": "person",
            "left": 37.78800390625,
            "top": 265.131728202847,
            "width": 4.62
        },
        {
            "height": 55.21708185053381,
            "label": "truck",
            "left": 553.296,
            "top": 232.69755060053382,
            "width": 37.032
        },
        {
            "height": 82.33451957295374,
            "label": "kite",
            "left": 0.0,
            "top": 399.0747330960854,
            "width": 48.324
        }
    ]
}