{
    "image_id": 140987,
    "seq": [
        {
            "height": 277.753125,
            "label": "person",
            "left": 82.5458731617647,
            "top": 128.746875,
            "width": 436.5317647058824
        },
        {
            "height": 211.3125,
            "label": "person",
            "left": 372.1129044117647,
            "top": 93.65625610351563,
            "width": 227.1811580882353
        },
        {
            "height": 129.50625,
            "label": "cup",
            "left": 546.564705882353,
            "top": 313.7343994140625,
            "width": 52.72941176470588
        },
        {
            "height": 162.1968505859375,
            "label": "cup",
            "left": 399.75529411764705,
            "top": 437.334375,
            "width": 199.11527573529412
        },
        {
            "height": 102.478125,
            "label": "pizza",
            "left": 147.51530330882352,
            "top": 386.08125,
            "width": 268.0094117647059
        },
        {
            "height": 36.43125,
            "label": "cup",
            "left": 24.49411994485294,
            "top": 205.734375,
            "width": 43.18588235294118
        },
        {
            "height": 35.71875,
            "label": "cup",
            "left": 397.1858823529412,
            "top": 182.165625,
            "width": 45.85411764705882
        },
        {
            "height": 73.9875,
            "label": "chair",
            "left": 418.9835294117647,
            "top": 309.103125,
            "width": 89.32235294117648
        },
        {
            "height": 149.878125,
            "label": "chair",
            "left": 454.0941544117647,
            "top": 243.890625,
            "width": 145.2
        },
        {
            "height": 37.25625305175781,
            "label": "chair",
            "left": 109.41176470588235,
            "top": 282.459375,
            "width": 28.05176700367647
        },
        {
            "height": 296.9625,
            "label": "person",
            "left": 21.628228400735296,
            "top": 110.7,
            "width": 196.30588235294118
        },
        {
            "height": 40.275,
            "label": "person",
            "left": 195.31762867647058,
            "top": 94.171875,
            "width": 92.11764705882354
        },
        {
            "height": 146.25,
            "label": "person",
            "left": 1.4117667164522059,
            "top": 61.40625,
            "width": 94.58823529411765
        },
        {
            "height": 85.93125610351562,
            "label": "person",
            "left": 383.9717279411765,
            "top": 123.23438720703125,
            "width": 89.05411764705882
        },
        {
            "height": 96.328125,
            "label": "potted plant",
            "left": 496.1929411764706,
            "top": 34.715625,
            "width": 103.0729411764706
        },
        {
            "height": 92.60625,
            "label": "potted plant",
            "left": 306.6070772058824,
            "top": 52.3125,
            "width": 164.25882352941176
        },
        {
            "height": 44.75625305175781,
            "label": "dining table",
            "left": 11.519996553308824,
            "top": 232.509375,
            "width": 88.96941176470588
        },
        {
            "height": 208.5187744140625,
            "label": "dining table",
            "left": 3.7552777458639706,
            "top": 391.0124755859375,
            "width": 571.1153676470589
        }
    ]
}