{
    "image_id": 140987,
    "seq": [
        {
            "height": 277.75311279296875,
            "label": "person",
            "left": 55.28437805175781,
            "top": 129.2156219482422,
            "width": 289.8843688964844
        },
        {
            "height": 211.31248474121094,
            "label": "person",
            "left": 247.5749969482422,
            "top": 94.125,
            "width": 150.86248779296875
        },
        {
            "height": 129.50625610351562,
            "label": "cup",
            "left": 363.421875,
            "top": 314.203125,
            "width": 35.015625
        },
        {
            "height": 162.19686889648438,
            "label": "cup",
            "left": 265.9312744140625,
            "top": 437.8031005859375,
            "width": 132.22499084472656
        },
        {
            "height": 102.47811889648438,
            "label": "pizza",
            "left": 98.4281234741211,
            "top": 386.5500183105469,
            "width": 177.97499084472656
        },
        {
            "height": 36.431251525878906,
            "label": "cup",
            "left": 16.734375,
            "top": 206.20310974121094,
            "width": 28.678125381469727
        },
        {
            "height": 35.71875,
            "label": "cup",
            "left": 264.2250061035156,
            "top": 182.63436889648438,
            "width": 30.44999885559082
        },
        {
            "height": 73.98749542236328,
            "label": "chair",
            "left": 278.70001220703125,
            "top": 309.5718688964844,
            "width": 59.31562805175781
        },
        {
            "height": 149.87811279296875,
            "label": "chair",
            "left": 302.015625,
            "top": 244.35935974121094,
            "width": 96.421875
        },
        {
            "height": 37.25625228881836,
            "label": "chair",
            "left": 73.125,
            "top": 282.9281311035156,
            "width": 18.62812614440918
        },
        {
            "height": 296.9624938964844,
            "label": "person",
            "left": 14.831250190734863,
            "top": 111.16874694824219,
            "width": 130.359375
        },
        {
            "height": 40.275001525878906,
            "label": "person",
            "left": 130.171875,
            "top": 94.64061737060547,
            "width": 61.171875
        },
        {
            "height": 146.25,
            "label": "person",
            "left": 1.40625,
            "top": 61.875,
            "width": 62.8125
        },
        {
            "height": 85.9312515258789,
            "label": "person",
            "left": 255.45001220703125,
            "top": 123.703125,
            "width": 59.13750076293945
        },
        {
            "height": 96.328125,
            "label": "potted plant",
            "left": 329.97186279296875,
            "top": 35.18437194824219,
            "width": 68.4468765258789
        },
        {
            "height": 92.60625457763672,
            "label": "potted plant",
            "left": 204.0749969482422,
            "top": 52.78125,
            "width": 109.078125
        },
        {
            "height": 44.75625228881836,
            "label": "dining table",
            "left": 8.118749618530273,
            "top": 232.97811889648438,
            "width": 59.08124923706055
        },
        {
            "height": 208.5187530517578,
            "label": "dining table",
            "left": 2.9625000953674316,
            "top": 391.4812316894531,
            "width": 379.25628662109375
        }
    ]
}