{
    "image_id": 141328,
    "seq": [
        {
            "height": 117.7874984741211,
            "label": "spoon",
            "left": 441.9468688964844,
            "top": 2.109375,
            "width": 95.6343765258789
        },
        {
            "height": 443.9156494140625,
            "label": "bowl",
            "left": 1.0125000476837158,
            "top": 0.5062500238418579,
            "width": 598.9874877929688
        },
        {
            "height": 113.296875,
            "label": "broccoli",
            "left": 416.1187438964844,
            "top": 168.421875,
            "width": 101.64375305175781
        },
        {
            "height": 68.9156265258789,
            "label": "broccoli",
            "left": 347.36248779296875,
            "top": 134.56874084472656,
            "width": 61.443748474121094
        },
        {
            "height": 56.568748474121094,
            "label": "broccoli",
            "left": 71.75625610351562,
            "top": 3.5531251430511475,
            "width": 130.49063110351562
        },
        {
            "height": 51.881248474121094,
            "label": "broccoli",
            "left": 351.5249938964844,
            "top": 1.0593749284744263,
            "width": 62.474998474121094
        },
        {
            "height": 34.14374923706055,
            "label": "broccoli",
            "left": 173.90625,
            "top": 222.4875030517578,
            "width": 73.00312805175781
        },
        {
            "height": 96.81562042236328,
            "label": "broccoli",
            "left": 33.046875,
            "top": 325.0124816894531,
            "width": 129.92811584472656
        },
        {
            "height": 71.6624984741211,
            "label": "broccoli",
            "left": 419.4374694824219,
            "top": 278.32501220703125,
            "width": 74.8218765258789
        },
        {
            "height": 157.7531280517578,
            "label": "broccoli",
            "left": 7.078125,
            "top": 175.95938110351562,
            "width": 104.15625
        },
        {
            "height": 82.75312042236328,
            "label": "broccoli",
            "left": 127.5562515258789,
            "top": 73.2562484741211,
            "width": 43.52812576293945
        },
        {
            "height": 42.35625076293945,
            "label": "broccoli",
            "left": 204.60000610351562,
            "top": 5.381249904632568,
            "width": 26.390625
        },
        {
            "height": 60.806251525878906,
            "label": "broccoli",
            "left": 26.943750381469727,
            "top": 389.1937561035156,
            "width": 73.94999694824219
        },
        {
            "height": 72.65625,
            "label": "broccoli",
            "left": 4.6875,
            "top": 154.1062469482422,
            "width": 72.65625
        },
        {
            "height": 46.021873474121094,
            "label": "broccoli",
            "left": 0.4312500059604645,
            "top": 403.9781188964844,
            "width": 32.11874771118164
        }
    ]
}