{
    "image_id": 141328,
    "seq": [
        {
            "height": 157.05,
            "label": "spoon",
            "left": 441.478076171875,
            "top": 2.187508392333984,
            "width": 95.634375
        },
        {
            "height": 591.8875,
            "label": "bowl",
            "left": 0.5437731742858887,
            "top": 0.049996376037597656,
            "width": 598.9875
        },
        {
            "height": 151.0625,
            "label": "broccoli",
            "left": 415.65,
            "top": 223.93751627604166,
            "width": 101.64375
        },
        {
            "height": 91.8875,
            "label": "broccoli",
            "left": 346.89375,
            "top": 178.79998372395832,
            "width": 61.44375
        },
        {
            "height": 75.425,
            "label": "broccoli",
            "left": 71.28749389648438,
            "top": 4.112508900960287,
            "width": 130.490625
        },
        {
            "height": 69.175,
            "label": "broccoli",
            "left": 351.05625,
            "top": 0.7874995549519856,
            "width": 62.475
        },
        {
            "height": 45.52499593098958,
            "label": "broccoli",
            "left": 173.4375,
            "top": 296.025,
            "width": 73.003125
        },
        {
            "height": 129.08749186197917,
            "label": "broccoli",
            "left": 32.578128051757815,
            "top": 432.72503255208335,
            "width": 129.928125
        },
        {
            "height": 95.55,
            "label": "broccoli",
            "left": 418.96875,
            "top": 370.475,
            "width": 74.821875
        },
        {
            "height": 210.33748372395834,
            "label": "broccoli",
            "left": 6.609374237060547,
            "top": 233.9875,
            "width": 104.15625
        },
        {
            "height": 110.33749186197916,
            "label": "broccoli",
            "left": 127.0875,
            "top": 97.05,
            "width": 43.528125
        },
        {
            "height": 56.475,
            "label": "broccoli",
            "left": 204.13123779296876,
            "top": 6.550011189778646,
            "width": 26.390625
        },
        {
            "height": 81.075,
            "label": "broccoli",
            "left": 26.475003051757813,
            "top": 518.3000325520833,
            "width": 73.95
        },
        {
            "height": 96.875,
            "label": "broccoli",
            "left": 4.218748092651367,
            "top": 204.85,
            "width": 72.65625
        },
        {
            "height": 61.3625,
            "label": "broccoli",
            "left": 0.0,
            "top": 538.0125325520834,
            "width": 32.11874694824219
        }
    ]
}