{
    "image_id": 141597,
    "seq": [
        {
            "height": 108.30937194824219,
            "label": "car",
            "left": 354.234375,
            "top": 220.2843780517578,
            "width": 165.22500610351562
        },
        {
            "height": 81.3187484741211,
            "label": "car",
            "left": 510.8062438964844,
            "top": 227.8406219482422,
            "width": 67.6500015258789
        },
        {
            "height": 186.21563720703125,
            "label": "truck",
            "left": 36.881248474121094,
            "top": 123.09375,
            "width": 338.24066162109375
        }
    ]
}