{
    "image_id": 141597,
    "seq": [
        {
            "height": 162.33723653395785,
            "label": "car",
            "left": 353.765625,
            "top": 329.4660055620609,
            "width": 165.225
        },
        {
            "height": 121.88290398126463,
            "label": "car",
            "left": 510.3375,
            "top": 340.79156908665107,
            "width": 67.65000610351562
        },
        {
            "height": 279.10538641686185,
            "label": "truck",
            "left": 36.41249084472656,
            "top": 183.79391100702577,
            "width": 338.240673828125
        }
    ]
}