{
    "image_id": 141671,
    "seq": [
        {
            "height": 79.66567164179105,
            "label": "horse",
            "left": 169.678125,
            "top": 445.11044776119405,
            "width": 76.66875
        },
        {
            "height": 86.27462103544777,
            "label": "horse",
            "left": 84.44998779296876,
            "top": 505.8805037313433,
            "width": 94.35
        },
        {
            "height": 82.33432835820895,
            "label": "horse",
            "left": 338.409375,
            "top": 375.04482276119404,
            "width": 71.6625
        },
        {
            "height": 60.53731343283582,
            "label": "motorcycle",
            "left": 296.690625,
            "top": 521.8924906716418,
            "width": 64.790625
        },
        {
            "height": 50.88358208955224,
            "label": "motorcycle",
            "left": 333.7875,
            "top": 450.3939832089552,
            "width": 52.303125
        },
        {
            "height": 47.24776410914179,
            "label": "motorcycle",
            "left": 94.70625610351563,
            "top": 387.0268889925373,
            "width": 43.57499694824219
        },
        {
            "height": 40.87164179104477,
            "label": "motorcycle",
            "left": 227.690625,
            "top": 351.0626166044776,
            "width": 40.21875
        },
        {
            "height": 32.84776119402985,
            "label": "bench",
            "left": 471.05625,
            "top": 339.08057369402985,
            "width": 39.440625
        },
        {
            "height": 32.02387768190299,
            "label": "bench",
            "left": 292.5281494140625,
            "top": 351.22392723880597,
            "width": 38.56875
        },
        {
            "height": 30.35820895522388,
            "label": "bench",
            "left": 171.975,
            "top": 356.75818563432836,
            "width": 36.375
        },
        {
            "height": 30.93134328358209,
            "label": "bench",
            "left": 123.909375,
            "top": 358.1372667910448,
            "width": 37.14375
        },
        {
            "height": 68.22089552238806,
            "label": "person",
            "left": 131.14688720703126,
            "top": 508.42383395522387,
            "width": 24.7125
        },
        {
            "height": 73.4686625466418,
            "label": "person",
            "left": 301.05,
            "top": 486.179197761194,
            "width": 26.5875
        },
        {
            "height": 55.28955223880597,
            "label": "person",
            "left": 86.34375,
            "top": 322.69256063432834,
            "width": 21.871875
        },
        {
            "height": 57.438805970149254,
            "label": "person",
            "left": 205.509375,
            "top": 439.41492537313434,
            "width": 19.5
        },
        {
            "height": 50.22089552238806,
            "label": "person",
            "left": 41.17500305175781,
            "top": 332.1492304104478,
            "width": 10.256249237060548
        },
        {
            "height": 71.3731343283582,
            "label": "person",
            "left": 344.128125,
            "top": 421.7730410447761,
            "width": 20.325
        },
        {
            "height": 61.504477611940295,
            "label": "person",
            "left": 369.69375,
            "top": 367.7731343283582,
            "width": 17.934373474121095
        },
        {
            "height": 62.23880597014925,
            "label": "person",
            "left": 53.15625,
            "top": 320.23880597014926,
            "width": 11.775000762939452
        },
        {
            "height": 47.06865671641791,
            "label": "person",
            "left": 209.878125,
            "top": 333.49251399253734,
            "width": 9.159375762939453
        },
        {
            "height": 69.47462686567164,
            "label": "horse",
            "left": 336.121875,
            "top": 323.0865671641791,
            "width": 53.896875
        },
        {
            "height": 61.002985074626864,
            "label": "person",
            "left": 107.934375,
            "top": 367.6656483208955,
            "width": 13.021875
        },
        {
            "height": 59.89253731343283,
            "label": "person",
            "left": 17.109373474121092,
            "top": 325.6477845149254,
            "width": 10.59375
        },
        {
            "height": 56.202985074626866,
            "label": "person",
            "left": 313.8750244140625,
            "top": 488.5611473880597,
            "width": 24.1875
        },
        {
            "height": 44.919400069962684,
            "label": "person",
            "left": 99.43125,
            "top": 368.2388759328358,
            "width": 13.0875
        }
    ]
}