{
    "image_id": 141671,
    "seq": [
        {
            "height": 41.70000076293945,
            "label": "horse",
            "left": 170.14688110351562,
            "top": 233.4562530517578,
            "width": 76.66874694824219
        },
        {
            "height": 45.15937423706055,
            "label": "horse",
            "left": 84.91875457763672,
            "top": 265.2656555175781,
            "width": 94.3499984741211
        },
        {
            "height": 43.09687805175781,
            "label": "horse",
            "left": 338.87811279296875,
            "top": 196.78125,
            "width": 71.6624984741211
        },
        {
            "height": 31.687498092651367,
            "label": "motorcycle",
            "left": 297.1593933105469,
            "top": 273.6468811035156,
            "width": 64.7906265258789
        },
        {
            "height": 26.634376525878906,
            "label": "motorcycle",
            "left": 334.2562561035156,
            "top": 236.2218780517578,
            "width": 52.303123474121094
        },
        {
            "height": 24.731250762939453,
            "label": "motorcycle",
            "left": 95.17499542236328,
            "top": 203.05313110351562,
            "width": 43.57499694824219
        },
        {
            "height": 21.39375114440918,
            "label": "motorcycle",
            "left": 228.1593780517578,
            "top": 184.22811889648438,
            "width": 40.21875
        },
        {
            "height": 17.193750381469727,
            "label": "bench",
            "left": 471.52496337890625,
            "top": 177.9562530517578,
            "width": 39.44062423706055
        },
        {
            "height": 16.76249885559082,
            "label": "bench",
            "left": 292.99688720703125,
            "top": 184.3125,
            "width": 38.568748474121094
        },
        {
            "height": 15.890625953674316,
            "label": "bench",
            "left": 172.44375610351562,
            "top": 187.20938110351562,
            "width": 36.375
        },
        {
            "height": 16.190624237060547,
            "label": "bench",
            "left": 124.37812805175781,
            "top": 187.93125915527344,
            "width": 37.14374923706055
        },
        {
            "height": 35.709373474121094,
            "label": "person",
            "left": 131.61561584472656,
            "top": 266.59686279296875,
            "width": 24.712501525878906
        },
        {
            "height": 38.45625305175781,
            "label": "person",
            "left": 301.51873779296875,
            "top": 254.95314025878906,
            "width": 26.587499618530273
        },
        {
            "height": 28.94062614440918,
            "label": "person",
            "left": 86.8125,
            "top": 169.37811279296875,
            "width": 21.87187385559082
        },
        {
            "height": 30.065624237060547,
            "label": "person",
            "left": 205.97813415527344,
            "top": 230.47499084472656,
            "width": 19.5
        },
        {
            "height": 26.287500381469727,
            "label": "person",
            "left": 41.64374923706055,
            "top": 174.328125,
            "width": 10.25624942779541
        },
        {
            "height": 37.359375,
            "label": "person",
            "left": 344.59686279296875,
            "top": 221.24063110351562,
            "width": 20.325000762939453
        },
        {
            "height": 32.193748474121094,
            "label": "person",
            "left": 370.1625061035156,
            "top": 192.97499084472656,
            "width": 17.93437385559082
        },
        {
            "height": 32.578125,
            "label": "person",
            "left": 53.625003814697266,
            "top": 168.09375,
            "width": 11.77500057220459
        },
        {
            "height": 24.637500762939453,
            "label": "person",
            "left": 210.3468780517578,
            "top": 175.03125,
            "width": 9.159375190734863
        },
        {
            "height": 36.36562728881836,
            "label": "horse",
            "left": 336.59063720703125,
            "top": 169.58438110351562,
            "width": 53.89687728881836
        },
        {
            "height": 31.931251525878906,
            "label": "person",
            "left": 108.40312194824219,
            "top": 192.9187469482422,
            "width": 13.021875381469727
        },
        {
            "height": 31.349998474121094,
            "label": "person",
            "left": 17.578125,
            "top": 170.9250030517578,
            "width": 10.59375
        },
        {
            "height": 29.418750762939453,
            "label": "person",
            "left": 314.34375,
            "top": 256.1999816894531,
            "width": 24.1875
        },
        {
            "height": 23.51249885559082,
            "label": "person",
            "left": 99.9000015258789,
            "top": 193.21875,
            "width": 13.08750057220459
        }
    ]
}