{
    "image_id": 141821,
    "seq": [
        {
            "height": 297.9656066894531,
            "label": "bottle",
            "left": 482.42816162109375,
            "top": 145.44375610351562,
            "width": 117.5718765258789
        },
        {
            "height": 106.45313262939453,
            "label": "person",
            "left": 44.51250076293945,
            "top": 1.03125,
            "width": 503.23126220703125
        },
        {
            "height": 340.78125,
            "label": "pizza",
            "left": 77.86874389648438,
            "top": 99.1031265258789,
            "width": 430.78125
        },
        {
            "height": 93.91874694824219,
            "label": "bowl",
            "left": 0.7406250238418579,
            "top": 268.2562561035156,
            "width": 88.70624542236328
        },
        {
            "height": 107.3531265258789,
            "label": "person",
            "left": 0.8062500357627869,
            "top": 42.271873474121094,
            "width": 62.15625
        }
    ]
}