{
    "image_id": 141821,
    "seq": [
        {
            "height": 397.28746744791664,
            "label": "bottle",
            "left": 481.959326171875,
            "top": 193.3,
            "width": 117.571875
        },
        {
            "height": 141.9375,
            "label": "person",
            "left": 44.043731689453125,
            "top": 0.7499873479207356,
            "width": 503.231298828125
        },
        {
            "height": 454.375,
            "label": "pizza",
            "left": 77.39998168945313,
            "top": 131.5125,
            "width": 430.78125
        },
        {
            "height": 125.22499186197916,
            "label": "bowl",
            "left": 0.27187318801879884,
            "top": 357.05003255208334,
            "width": 88.70624389648438
        },
        {
            "height": 143.1375,
            "label": "person",
            "left": 0.3374979019165039,
            "top": 55.73749593098958,
            "width": 62.15625
        }
    ]
}