{
    "image_id": 14226,
    "seq": [
        {
            "height": 90.33749186197916,
            "label": "chair",
            "left": 55.153125,
            "top": 499.1875,
            "width": 156.740625
        },
        {
            "height": 318.2,
            "label": "chair",
            "left": 369.646875,
            "top": 20.537483723958335,
            "width": 186.065625
        },
        {
            "height": 424.325,
            "label": "person",
            "left": 195.14063720703126,
            "top": 37.8875244140625,
            "width": 312.159375
        },
        {
            "height": 166.6375,
            "label": "laptop",
            "left": 207.225,
            "top": 295.075,
            "width": 199.72498779296876
        },
        {
            "height": 146.975,
            "label": "chair",
            "left": 0.0,
            "top": 445.6625,
            "width": 81.909375
        },
        {
            "height": 254.4125,
            "label": "chair",
            "left": 558.271875,
            "top": 34.2,
            "width": 41.259378051757814
        },
        {
            "height": 218.425,
            "label": "dining table",
            "left": 144.140625,
            "top": 368.81243489583335,
            "width": 455.053125
        },
        {
            "height": 27.1625,
            "label": "apple",
            "left": 292.0125,
            "top": 362.4375,
            "width": 21.037498474121094
        }
    ]
}