{
    "image_id": 14226,
    "seq": [
        {
            "height": 67.75312042236328,
            "label": "chair",
            "left": 55.62187576293945,
            "top": 374.859375,
            "width": 156.74063110351562
        },
        {
            "height": 238.64999389648438,
            "label": "chair",
            "left": 370.1156311035156,
            "top": 15.871875762939453,
            "width": 186.0656280517578
        },
        {
            "height": 318.2437438964844,
            "label": "person",
            "left": 195.609375,
            "top": 28.88437271118164,
            "width": 312.1593933105469
        },
        {
            "height": 124.97811889648438,
            "label": "laptop",
            "left": 207.69374084472656,
            "top": 221.77499389648438,
            "width": 199.72499084472656
        },
        {
            "height": 110.23125457763672,
            "label": "chair",
            "left": 0.0,
            "top": 334.7156066894531,
            "width": 81.90937805175781
        },
        {
            "height": 190.80938720703125,
            "label": "chair",
            "left": 558.7406005859375,
            "top": 26.118749618530273,
            "width": 41.259376525878906
        },
        {
            "height": 163.81875610351562,
            "label": "dining table",
            "left": 144.609375,
            "top": 277.078125,
            "width": 455.0531311035156
        },
        {
            "height": 20.37187385559082,
            "label": "apple",
            "left": 292.48126220703125,
            "top": 272.2969055175781,
            "width": 21.037500381469727
        }
    ]
}