{
    "image_id": 142238,
    "seq": [
        {
            "height": 16.143749237060547,
            "label": "sports ball",
            "left": 337.3406066894531,
            "top": 108.72187805175781,
            "width": 14.934375762939453
        },
        {
            "height": 134.33436584472656,
            "label": "person",
            "left": 436.4156494140625,
            "top": 196.9499969482422,
            "width": 63.11249923706055
        },
        {
            "height": 141.0187530517578,
            "label": "person",
            "left": 408.72186279296875,
            "top": 117.6468734741211,
            "width": 65.3812484741211
        },
        {
            "height": 162.38438415527344,
            "label": "person",
            "left": 393.96563720703125,
            "top": 171.59999084472656,
            "width": 45.76874923706055
        },
        {
            "height": 35.671875,
            "label": "person",
            "left": 549.140625,
            "top": 215.109375,
            "width": 12.253124237060547
        },
        {
            "height": 132.8625030517578,
            "label": "person",
            "left": 253.73435974121094,
            "top": 110.4937515258789,
            "width": 50.306251525878906
        },
        {
            "height": 159.47811889648438,
            "label": "person",
            "left": 226.04998779296875,
            "top": 171.92813110351562,
            "width": 42.44062423706055
        },
        {
            "height": 129.53436279296875,
            "label": "person",
            "left": 44.08125305175781,
            "top": 207.13125610351562,
            "width": 34.18124771118164
        },
        {
            "height": 139.4343719482422,
            "label": "person",
            "left": 315.75,
            "top": 195.2062530517578,
            "width": 51.281253814697266
        },
        {
            "height": 64.99687957763672,
            "label": "person",
            "left": 578.9718627929688,
            "top": 231.6281280517578,
            "width": 21.028125762939453
        },
        {
            "height": 139.81874084472656,
            "label": "person",
            "left": 264.7875061035156,
            "top": 193.8093719482422,
            "width": 44.446876525878906
        },
        {
            "height": 57.03750228881836,
            "label": "person",
            "left": 252.92813110351562,
            "top": 116.390625,
            "width": 24.778125762939453
        },
        {
            "height": 41.109371185302734,
            "label": "person",
            "left": 0.05625000223517418,
            "top": 227.16561889648438,
            "width": 8.521875381469727
        },
        {
            "height": 131.203125,
            "label": "person",
            "left": 143.16563415527344,
            "top": 203.44688415527344,
            "width": 55.162498474121094
        }
    ]
}