{
    "image_id": 142238,
    "seq": [
        {
            "height": 24.19672131147541,
            "label": "sports ball",
            "left": 336.8718505859375,
            "top": 162.2529274004684,
            "width": 14.934375
        },
        {
            "height": 201.34424399882903,
            "label": "person",
            "left": 435.946875,
            "top": 294.4918032786885,
            "width": 63.1125
        },
        {
            "height": 211.36299765807962,
            "label": "person",
            "left": 408.253125,
            "top": 175.62997658079624,
            "width": 65.38125
        },
        {
            "height": 243.38643515807962,
            "label": "person",
            "left": 393.496875,
            "top": 256.496468823185,
            "width": 45.76875
        },
        {
            "height": 53.46604215456674,
            "label": "person",
            "left": 548.671875,
            "top": 321.7096018735363,
            "width": 12.253125
        },
        {
            "height": 199.13817330210773,
            "label": "person",
            "left": 253.2656494140625,
            "top": 164.90868340163934,
            "width": 50.306253051757814
        },
        {
            "height": 239.0304449648712,
            "label": "person",
            "left": 225.58125,
            "top": 256.9883086943794,
            "width": 42.440625
        },
        {
            "height": 194.14988290398125,
            "label": "person",
            "left": 43.6125,
            "top": 309.75175644028104,
            "width": 34.18125
        },
        {
            "height": 208.98829039812645,
            "label": "person",
            "left": 315.28125,
            "top": 291.8782201405152,
            "width": 51.281256103515624
        },
        {
            "height": 97.4192037470726,
            "label": "person",
            "left": 578.503125,
            "top": 346.46838407494147,
            "width": 21.028125
        },
        {
            "height": 209.56440281030444,
            "label": "person",
            "left": 264.31875,
            "top": 289.7845067330211,
            "width": 44.446878051757814
        },
        {
            "height": 85.48946135831382,
            "label": "person",
            "left": 252.459375,
            "top": 173.74709089578454,
            "width": 24.778125
        },
        {
            "height": 61.61592505854801,
            "label": "person",
            "left": 0.0,
            "top": 339.7798594847775,
            "width": 8.521875
        },
        {
            "height": 196.65105386416863,
            "label": "person",
            "left": 142.69688720703124,
            "top": 304.22947160421546,
            "width": 55.16249389648438
        }
    ]
}