{
    "image_id": 142324,
    "seq": [
        {
            "height": 49.78125,
            "label": "bicycle",
            "left": 293.8031311035156,
            "top": 234.3093719482422,
            "width": 10.36875057220459
        },
        {
            "height": 93.53437042236328,
            "label": "bicycle",
            "left": 198.2062530517578,
            "top": 245.390625,
            "width": 34.603126525878906
        },
        {
            "height": 193.11563110351562,
            "label": "motorcycle",
            "left": 325.6218566894531,
            "top": 230.5968780517578,
            "width": 114.7593765258789
        },
        {
            "height": 230.5031280517578,
            "label": "person",
            "left": 0.0,
            "top": 130.36874389648438,
            "width": 71.78437805175781
        },
        {
            "height": 153.89060974121094,
            "label": "person",
            "left": 68.109375,
            "top": 190.18124389648438,
            "width": 44.099998474121094
        },
        {
            "height": 134.7937469482422,
            "label": "person",
            "left": 115.53749084472656,
            "top": 176.859375,
            "width": 37.5
        },
        {
            "height": 13.65000057220459,
            "label": "truck",
            "left": 429.9093933105469,
            "top": 181.875,
            "width": 37.46249771118164
        },
        {
            "height": 158.42813110351562,
            "label": "person",
            "left": 181.46249389648438,
            "top": 161.16561889648438,
            "width": 63.65625
        },
        {
            "height": 13.06874942779541,
            "label": "person",
            "left": 183.35626220703125,
            "top": 183.8156280517578,
            "width": 12.778125762939453
        },
        {
            "height": 30.50625228881836,
            "label": "person",
            "left": 251.58749389648438,
            "top": 180.4406280517578,
            "width": 24.506248474121094
        },
        {
            "height": 112.06875610351562,
            "label": "person",
            "left": 62.63437271118164,
            "top": 149.00625610351562,
            "width": 55.94062423706055
        },
        {
            "height": 126.49686431884766,
            "label": "person",
            "left": 324.96563720703125,
            "top": 137.58749389648438,
            "width": 118.42500305175781
        },
        {
            "height": 64.734375,
            "label": "person",
            "left": 110.03437805175781,
            "top": 175.60311889648438,
            "width": 18.75
        },
        {
            "height": 100.67813110351562,
            "label": "person",
            "left": 549.2437133789062,
            "top": 187.37811279296875,
            "width": 50.756248474121094
        },
        {
            "height": 41.203125,
            "label": "person",
            "left": 367.40625,
            "top": 194.41876220703125,
            "width": 42.65625
        },
        {
            "height": 96.7125015258789,
            "label": "person",
            "left": 276.30938720703125,
            "top": 167.14686584472656,
            "width": 41.80312728881836
        },
        {
            "height": 35.14687728881836,
            "label": "motorcycle",
            "left": 255.12188720703125,
            "top": 204.2624969482422,
            "width": 17.662500381469727
        },
        {
            "height": 89.98125457763672,
            "label": "person",
            "left": 266.109375,
            "top": 183.0749969482422,
            "width": 42.281246185302734
        },
        {
            "height": 126.57186889648438,
            "label": "handbag",
            "left": 33.50625228881836,
            "top": 295.5843811035156,
            "width": 43.3125
        }
    ]
}