{
    "image_id": 142324,
    "seq": [
        {
            "height": 66.375,
            "label": "bicycle",
            "left": 293.3343994140625,
            "top": 311.7875,
            "width": 10.368750762939452
        },
        {
            "height": 124.71248372395833,
            "label": "bicycle",
            "left": 197.7375,
            "top": 326.5625325520833,
            "width": 34.603125
        },
        {
            "height": 257.4875,
            "label": "motorcycle",
            "left": 325.1531494140625,
            "top": 306.8375,
            "width": 114.759375
        },
        {
            "height": 307.3375,
            "label": "person",
            "left": 0.0,
            "top": 173.19998372395833,
            "width": 71.784375
        },
        {
            "height": 205.1875,
            "label": "person",
            "left": 67.64061889648437,
            "top": 252.95001627604168,
            "width": 44.1
        },
        {
            "height": 179.725,
            "label": "person",
            "left": 115.06875,
            "top": 235.18751627604166,
            "width": 37.5
        },
        {
            "height": 18.200002034505207,
            "label": "truck",
            "left": 429.440625,
            "top": 241.87498372395834,
            "width": 37.4625
        },
        {
            "height": 211.2375,
            "label": "person",
            "left": 180.99375,
            "top": 214.2625,
            "width": 63.65625
        },
        {
            "height": 17.425,
            "label": "person",
            "left": 182.8875,
            "top": 244.46253255208333,
            "width": 12.778125
        },
        {
            "height": 40.675,
            "label": "person",
            "left": 251.1187255859375,
            "top": 239.96246744791668,
            "width": 24.50625
        },
        {
            "height": 149.42501627604167,
            "label": "person",
            "left": 62.165625,
            "top": 198.04998372395832,
            "width": 55.940625
        },
        {
            "height": 168.66248372395833,
            "label": "person",
            "left": 324.496875,
            "top": 182.82503255208334,
            "width": 118.425
        },
        {
            "height": 86.3125,
            "label": "person",
            "left": 109.565625,
            "top": 233.5125,
            "width": 18.75
        },
        {
            "height": 134.2375,
            "label": "person",
            "left": 548.775,
            "top": 249.2125,
            "width": 50.75625
        },
        {
            "height": 54.9375,
            "label": "person",
            "left": 366.9375,
            "top": 258.60003255208335,
            "width": 42.65625
        },
        {
            "height": 128.95000813802082,
            "label": "person",
            "left": 275.840625,
            "top": 222.23751627604167,
            "width": 41.803125
        },
        {
            "height": 46.86250406901042,
            "label": "motorcycle",
            "left": 254.653125,
            "top": 271.72498372395836,
            "width": 17.6625
        },
        {
            "height": 119.97500813802084,
            "label": "person",
            "left": 265.640625,
            "top": 243.475,
            "width": 42.28125
        },
        {
            "height": 168.7625,
            "label": "handbag",
            "left": 33.03750305175781,
            "top": 393.4875,
            "width": 43.312496948242185
        }
    ]
}