{
    "image_id": 142472,
    "seq": [
        {
            "height": 78.7,
            "label": "car",
            "left": 190.171875,
            "top": 465.1875,
            "width": 122.90625
        },
        {
            "height": 50.3875,
            "label": "car",
            "left": 328.425,
            "top": 465.83753255208336,
            "width": 37.3125
        },
        {
            "height": 44.1875,
            "label": "car",
            "left": 433.359375,
            "top": 455.825,
            "width": 56.578125
        },
        {
            "height": 49.2375,
            "label": "car",
            "left": 386.3250244140625,
            "top": 461.4875,
            "width": 53.775
        },
        {
            "height": 81.6875,
            "label": "bus",
            "left": 539.60625,
            "top": 407.525,
            "width": 59.240625
        },
        {
            "height": 76.4,
            "label": "person",
            "left": 354.8812255859375,
            "top": 445.25,
            "width": 25.209375
        },
        {
            "height": 77.7,
            "label": "person",
            "left": 367.3125244140625,
            "top": 453.25,
            "width": 31.603125
        },
        {
            "height": 22.325,
            "label": "person",
            "left": 500.4375,
            "top": 463.5875,
            "width": 5.418750381469726
        },
        {
            "height": 31.2875,
            "label": "person",
            "left": 492.796826171875,
            "top": 452.6875,
            "width": 6.384375
        },
        {
            "height": 29.94999796549479,
            "label": "person",
            "left": 505.771875,
            "top": 456.77503255208336,
            "width": 8.19375
        },
        {
            "height": 37.9875,
            "label": "person",
            "left": 260.86875,
            "top": 422.22496744791664,
            "width": 22.209373474121094
        },
        {
            "height": 45.2,
            "label": "truck",
            "left": 434.212451171875,
            "top": 455.30003255208334,
            "width": 56.390625
        }
    ]
}