{
    "image_id": 142472,
    "seq": [
        {
            "height": 59.025001525878906,
            "label": "car",
            "left": 190.64064025878906,
            "top": 349.359375,
            "width": 122.90625762939453
        },
        {
            "height": 37.790626525878906,
            "label": "car",
            "left": 328.8937683105469,
            "top": 349.8468933105469,
            "width": 37.3125
        },
        {
            "height": 33.140625,
            "label": "car",
            "left": 433.828125,
            "top": 342.3374938964844,
            "width": 56.578125
        },
        {
            "height": 36.928123474121094,
            "label": "car",
            "left": 386.7937316894531,
            "top": 346.5843811035156,
            "width": 53.775001525878906
        },
        {
            "height": 61.265625,
            "label": "bus",
            "left": 540.0750122070312,
            "top": 306.1125183105469,
            "width": 59.240623474121094
        },
        {
            "height": 57.29999923706055,
            "label": "person",
            "left": 355.3500061035156,
            "top": 334.4062805175781,
            "width": 25.209373474121094
        },
        {
            "height": 58.275001525878906,
            "label": "person",
            "left": 367.78125,
            "top": 340.40625,
            "width": 31.60312271118164
        },
        {
            "height": 16.743749618530273,
            "label": "person",
            "left": 500.90625,
            "top": 348.1593933105469,
            "width": 5.418750286102295
        },
        {
            "height": 23.465625762939453,
            "label": "person",
            "left": 493.2656555175781,
            "top": 339.984375,
            "width": 6.384375095367432
        },
        {
            "height": 22.462499618530273,
            "label": "person",
            "left": 506.2406311035156,
            "top": 343.0500183105469,
            "width": 8.19374942779541
        },
        {
            "height": 28.490625381469727,
            "label": "person",
            "left": 261.3375244140625,
            "top": 317.1374816894531,
            "width": 22.209375381469727
        },
        {
            "height": 33.89999771118164,
            "label": "truck",
            "left": 434.6812744140625,
            "top": 341.9437255859375,
            "width": 56.390628814697266
        }
    ]
}