{
    "image_id": 142585,
    "seq": [
        {
            "height": 211.1999969482422,
            "label": "car",
            "left": 214.07998657226562,
            "top": 319.8719787597656,
            "width": 225.6119842529297
        },
        {
            "height": 86.06400299072266,
            "label": "car",
            "left": 183.17999267578125,
            "top": 368.9159851074219,
            "width": 43.33199691772461
        },
        {
            "height": 113.26799774169922,
            "label": "motorcycle",
            "left": 152.364013671875,
            "top": 417.97198486328125,
            "width": 36.395999908447266
        },
        {
            "height": 591.9119873046875,
            "label": "bus",
            "left": 0.0,
            "top": 0.0,
            "width": 106.51200103759766
        },
        {
            "height": 178.83599853515625,
            "label": "person",
            "left": 109.88399505615234,
            "top": 344.5799865722656,
            "width": 89.11200714111328
        },
        {
            "height": 40.06800079345703,
            "label": "traffic light",
            "left": 112.73999786376953,
            "top": 270.8999938964844,
            "width": 17.496000289916992
        },
        {
            "height": 50.65199661254883,
            "label": "traffic light",
            "left": 266.2799987792969,
            "top": 273.635986328125,
            "width": 30.624000549316406
        },
        {
            "height": 85.00799560546875,
            "label": "person",
            "left": 115.35599517822266,
            "top": 342.01202392578125,
            "width": 39.407997131347656
        },
        {
            "height": 33.05999755859375,
            "label": "car",
            "left": 205.6320037841797,
            "top": 370.9319763183594,
            "width": 25.512001037597656
        },
        {
            "height": 76.23600006103516,
            "label": "car",
            "left": 417.88800048828125,
            "top": 354.3480224609375,
            "width": 32.11199951171875
        },
        {
            "height": 215.24400329589844,
            "label": "truck",
            "left": 204.26400756835938,
            "top": 317.3280029296875,
            "width": 229.58399963378906
        }
    ]
}