{
    "image_id": 142585,
    "seq": [
        {
            "height": 211.2,
            "label": "car",
            "left": 284.6400208333333,
            "top": 319.272,
            "width": 300.816
        },
        {
            "height": 86.064,
            "label": "car",
            "left": 243.44,
            "top": 368.316,
            "width": 57.776
        },
        {
            "height": 113.268,
            "label": "motorcycle",
            "left": 202.352,
            "top": 417.37203125,
            "width": 48.528
        },
        {
            "height": 591.912,
            "label": "bus",
            "left": 0.0,
            "top": 0.0,
            "width": 142.016
        },
        {
            "height": 178.836,
            "label": "person",
            "left": 145.71198958333332,
            "top": 343.98003125,
            "width": 118.816
        },
        {
            "height": 40.068,
            "label": "traffic light",
            "left": 149.52,
            "top": 270.30003125,
            "width": 23.328
        },
        {
            "height": 50.652,
            "label": "traffic light",
            "left": 354.24,
            "top": 273.036,
            "width": 40.832
        },
        {
            "height": 85.0079921875,
            "label": "person",
            "left": 153.00801041666668,
            "top": 341.41196875,
            "width": 52.544
        },
        {
            "height": 33.06,
            "label": "car",
            "left": 273.376,
            "top": 370.33203125,
            "width": 34.016
        },
        {
            "height": 76.236,
            "label": "car",
            "left": 556.384,
            "top": 353.74796875,
            "width": 42.816
        },
        {
            "height": 215.244,
            "label": "truck",
            "left": 271.552,
            "top": 316.728,
            "width": 306.11202083333336
        }
    ]
}