{
    "image_id": 142620,
    "seq": [
        {
            "height": 157.53519292840375,
            "label": "bottle",
            "left": 103.23751220703124,
            "top": 286.19718309859155,
            "width": 35.325
        },
        {
            "height": 232.43661971830986,
            "label": "chair",
            "left": 147.946875,
            "top": 145.91545627934272,
            "width": 175.40625
        },
        {
            "height": 427.40845070422534,
            "label": "chair",
            "left": 471.6,
            "top": 159.3380098298122,
            "width": 127.93126220703125
        },
        {
            "height": 306.0845253814554,
            "label": "dining table",
            "left": 0.0,
            "top": 286.46478873239437,
            "width": 332.1375244140625
        },
        {
            "height": 56.35210809125587,
            "label": "cup",
            "left": 220.0218994140625,
            "top": 411.80281690140845,
            "width": 41.390625
        },
        {
            "height": 67.85915492957747,
            "label": "cup",
            "left": 153.853125,
            "top": 531.436583039906,
            "width": 46.575
        },
        {
            "height": 65.47887782423709,
            "label": "cup",
            "left": 214.89375,
            "top": 533.8169014084507,
            "width": 44.409375
        },
        {
            "height": 21.690140845070424,
            "label": "knife",
            "left": 235.603125,
            "top": 374.9154929577465,
            "width": 47.118753051757814
        },
        {
            "height": 16.661971830985916,
            "label": "spoon",
            "left": 178.640625,
            "top": 441.09859154929575,
            "width": 37.29375
        },
        {
            "height": 30.788732394366196,
            "label": "orange",
            "left": 175.05938720703125,
            "top": 410.80274354460096,
            "width": 19.921875
        },
        {
            "height": 583.830985915493,
            "label": "person",
            "left": 252.61875,
            "top": 7.38030576034331,
            "width": 337.453125
        },
        {
            "height": 68.43662430311034,
            "label": "bowl",
            "left": 93.15000610351562,
            "top": 493.3098591549296,
            "width": 56.64375
        },
        {
            "height": 76.5774647887324,
            "label": "bowl",
            "left": 237.440625,
            "top": 451.9999633215962,
            "width": 94.734375
        },
        {
            "height": 111.63380281690141,
            "label": "bottle",
            "left": 69.09375,
            "top": 395.056338028169,
            "width": 46.64999694824219
        },
        {
            "height": 62.88732394366197,
            "label": "spoon",
            "left": 103.565625,
            "top": 467.6197916666667,
            "width": 65.2125
        }
    ]
}