{
    "image_id": 142620,
    "seq": [
        {
            "height": 104.85936737060547,
            "label": "bottle",
            "left": 103.70625305175781,
            "top": 190.96873474121094,
            "width": 35.32500076293945
        },
        {
            "height": 154.7156219482422,
            "label": "chair",
            "left": 148.41561889648438,
            "top": 97.59375,
            "width": 175.40626525878906
        },
        {
            "height": 284.4937438964844,
            "label": "chair",
            "left": 472.0687561035156,
            "top": 106.52812194824219,
            "width": 127.93125915527344
        },
        {
            "height": 203.7375030517578,
            "label": "dining table",
            "left": 0.0,
            "top": 191.14688110351562,
            "width": 332.13751220703125
        },
        {
            "height": 37.50937271118164,
            "label": "cup",
            "left": 220.49063110351562,
            "top": 274.57501220703125,
            "width": 41.390625
        },
        {
            "height": 45.16874694824219,
            "label": "cup",
            "left": 154.32188415527344,
            "top": 354.2062683105469,
            "width": 46.57500076293945
        },
        {
            "height": 43.58437728881836,
            "label": "cup",
            "left": 215.3625030517578,
            "top": 355.7906188964844,
            "width": 44.40937423706055
        },
        {
            "height": 14.4375,
            "label": "knife",
            "left": 236.07186889648438,
            "top": 250.02188110351562,
            "width": 47.118751525878906
        },
        {
            "height": 11.090624809265137,
            "label": "spoon",
            "left": 179.109375,
            "top": 294.07501220703125,
            "width": 37.29375076293945
        },
        {
            "height": 20.493751525878906,
            "label": "orange",
            "left": 175.5281219482422,
            "top": 273.9093933105469,
            "width": 19.921875
        },
        {
            "height": 388.61248779296875,
            "label": "person",
            "left": 253.0874786376953,
            "top": 5.381249904632568,
            "width": 337.4531555175781
        },
        {
            "height": 45.55312728881836,
            "label": "bowl",
            "left": 93.6187515258789,
            "top": 328.828125,
            "width": 56.64374923706055
        },
        {
            "height": 50.97187423706055,
            "label": "bowl",
            "left": 237.9093780517578,
            "top": 301.3312683105469,
            "width": 94.73438262939453
        },
        {
            "height": 74.3062515258789,
            "label": "bottle",
            "left": 69.5625,
            "top": 263.4281005859375,
            "width": 46.64999771118164
        },
        {
            "height": 41.859375,
            "label": "spoon",
            "left": 104.03437805175781,
            "top": 311.7281188964844,
            "width": 65.2125015258789
        }
    ]
}