{
    "image_id": 142790,
    "seq": [
        {
            "height": 198.688,
            "label": "person",
            "left": 309.3,
            "top": 228.576,
            "width": 198.492
        },
        {
            "height": 176.512,
            "label": "person",
            "left": 180.408015625,
            "top": 274.96,
            "width": 173.747984375
        },
        {
            "height": 73.824,
            "label": "snowboard",
            "left": 9.4680009765625,
            "top": 443.632,
            "width": 362.412
        },
        {
            "height": 86.608,
            "label": "skis",
            "left": 437.30396875,
            "top": 381.632,
            "width": 92.364
        }
    ]
}