{
    "image_id": 142790,
    "seq": [
        {
            "height": 149.01600646972656,
            "label": "person",
            "left": 309.8999938964844,
            "top": 172.03199768066406,
            "width": 198.4919891357422
        },
        {
            "height": 132.38400268554688,
            "label": "person",
            "left": 181.00799560546875,
            "top": 206.82000732421875,
            "width": 173.74798583984375
        },
        {
            "height": 55.36800003051758,
            "label": "snowboard",
            "left": 10.067999839782715,
            "top": 333.323974609375,
            "width": 362.4119873046875
        },
        {
            "height": 64.95600128173828,
            "label": "skis",
            "left": 437.9040222167969,
            "top": 286.8240051269531,
            "width": 92.36400604248047
        }
    ]
}