{
    "image_id": 142971,
    "seq": [
        {
            "height": 216.99763978337236,
            "label": "person",
            "left": 164.840625,
            "top": 102.46370023419203,
            "width": 125.08125
        },
        {
            "height": 209.04449648711943,
            "label": "person",
            "left": 87.56249389648437,
            "top": 152.2903981264637,
            "width": 137.53125
        },
        {
            "height": 122.07962529274005,
            "label": "person",
            "left": 388.1906005859375,
            "top": 296.12176156323187,
            "width": 88.884375
        },
        {
            "height": 144.26697892271662,
            "label": "surfboard",
            "left": 25.621856689453125,
            "top": 219.07724677985948,
            "width": 362.53125
        },
        {
            "height": 66.66042154566745,
            "label": "surfboard",
            "left": 99.08436279296875,
            "top": 383.42388758782204,
            "width": 423.609375
        },
        {
            "height": 180.73067915690868,
            "label": "person",
            "left": 288.1499755859375,
            "top": 265.9672131147541,
            "width": 115.65
        }
    ]
}