{
    "image_id": 142971,
    "seq": [
        {
            "height": 144.7781219482422,
            "label": "person",
            "left": 165.3093719482422,
            "top": 68.83125305175781,
            "width": 125.08125305175781
        },
        {
            "height": 139.4718780517578,
            "label": "person",
            "left": 88.03125,
            "top": 102.07499694824219,
            "width": 137.53125
        },
        {
            "height": 81.44999694824219,
            "label": "person",
            "left": 388.6593933105469,
            "top": 198.03750610351562,
            "width": 88.8843765258789
        },
        {
            "height": 96.25312805175781,
            "label": "surfboard",
            "left": 26.090625762939453,
            "top": 146.63438415527344,
            "width": 362.5312805175781
        },
        {
            "height": 44.474998474121094,
            "label": "surfboard",
            "left": 99.55313110351562,
            "top": 256.28436279296875,
            "width": 423.609375
        },
        {
            "height": 120.58124542236328,
            "label": "person",
            "left": 288.6187438964844,
            "top": 177.91876220703125,
            "width": 115.6500015258789
        }
    ]
}