{
    "image_id": 143068,
    "seq": [
        {
            "height": 77.77499389648438,
            "label": "person",
            "left": 499.7437438964844,
            "top": 120.7874984741211,
            "width": 45.515625
        },
        {
            "height": 80.36250305175781,
            "label": "person",
            "left": 469.78125,
            "top": 119.05311584472656,
            "width": 29.634374618530273
        },
        {
            "height": 36.01874923706055,
            "label": "kite",
            "left": 140.25001525878906,
            "top": 20.287500381469727,
            "width": 167.63438415527344
        },
        {
            "height": 57.16875076293945,
            "label": "kite",
            "left": 406.7437438964844,
            "top": 84.35625457763672,
            "width": 76.3968734741211
        },
        {
            "height": 10.39687442779541,
            "label": "person",
            "left": 86.7562484741211,
            "top": 145.2937469482422,
            "width": 4.659374713897705
        },
        {
            "height": 4.799999713897705,
            "label": "person",
            "left": 118.05937957763672,
            "top": 147.6843719482422,
            "width": 2.4375
        },
        {
            "height": 4.462500095367432,
            "label": "person",
            "left": 350.6343994140625,
            "top": 137.4562530517578,
            "width": 1.8000000715255737
        },
        {
            "height": 9.17812442779541,
            "label": "person",
            "left": 96.46875,
            "top": 145.96875,
            "width": 2.718750238418579
        },
        {
            "height": 26.812501907348633,
            "label": "person",
            "left": 581.5218505859375,
            "top": 131.25936889648438,
            "width": 9.628125190734863
        },
        {
            "height": 5.203125,
            "label": "person",
            "left": 139.27499389648438,
            "top": 146.4375,
            "width": 2.8687498569488525
        },
        {
            "height": 4.050000190734863,
            "label": "person",
            "left": 133.91249084472656,
            "top": 146.578125,
            "width": 2.53125
        },
        {
            "height": 66.44999694824219,
            "label": "person",
            "left": 585.234375,
            "top": 113.14688110351562,
            "width": 14.765625
        },
        {
            "height": 4.106250286102295,
            "label": "person",
            "left": 124.37812805175781,
            "top": 148.24688720703125,
            "width": 1.3875000476837158
        },
        {
            "height": 64.05937957763672,
            "label": "kite",
            "left": 216.90936279296875,
            "top": 113.53125,
            "width": 71.04374694824219
        },
        {
            "height": 71.92500305175781,
            "label": "person",
            "left": 542.4281616210938,
            "top": 127.76250457763672,
            "width": 45.290626525878906
        }
    ]
}