{
    "image_id": 143068,
    "seq": [
        {
            "height": 233.69012250586854,
            "label": "person",
            "left": 499.275,
            "top": 361.5211267605634,
            "width": 45.515625
        },
        {
            "height": 241.46478873239437,
            "label": "person",
            "left": 469.312548828125,
            "top": 356.3098224765258,
            "width": 29.634375
        },
        {
            "height": 108.22534294307512,
            "label": "kite",
            "left": 139.78125,
            "top": 59.54931411384977,
            "width": 167.634375
        },
        {
            "height": 171.77464788732394,
            "label": "kite",
            "left": 406.2749755859375,
            "top": 252.05630134976525,
            "width": 76.39688110351562
        },
        {
            "height": 31.239436619718308,
            "label": "person",
            "left": 86.2875,
            "top": 435.1550029342723,
            "width": 4.659374618530274
        },
        {
            "height": 14.422535211267606,
            "label": "person",
            "left": 117.590625,
            "top": 442.33813820422534,
            "width": 2.4375
        },
        {
            "height": 13.40845185042547,
            "label": "person",
            "left": 350.1656005859375,
            "top": 411.6056338028169,
            "width": 1.8
        },
        {
            "height": 27.577464788732396,
            "label": "person",
            "left": 96.0,
            "top": 437.1829518779343,
            "width": 2.71875
        },
        {
            "height": 80.56338945129107,
            "label": "person",
            "left": 581.053125,
            "top": 392.9859521713615,
            "width": 9.628125762939453
        },
        {
            "height": 15.633802816901408,
            "label": "person",
            "left": 138.80625,
            "top": 438.5914392605634,
            "width": 2.86875
        },
        {
            "height": 12.169014084507042,
            "label": "person",
            "left": 133.44376220703126,
            "top": 439.0140478286385,
            "width": 2.53125
        },
        {
            "height": 199.66197183098592,
            "label": "person",
            "left": 584.765625,
            "top": 338.5633802816901,
            "width": 14.765625
        },
        {
            "height": 12.338028169014084,
            "label": "person",
            "left": 123.909375,
            "top": 444.02813233568077,
            "width": 1.3875
        },
        {
            "height": 192.4788732394366,
            "label": "kite",
            "left": 216.440625,
            "top": 339.71838321596243,
            "width": 71.04375
        },
        {
            "height": 216.11267605633802,
            "label": "person",
            "left": 541.959326171875,
            "top": 382.47894659624416,
            "width": 45.29063110351562
        }
    ]
}