{
    "image_id": 143556,
    "seq": [
        {
            "height": 308.7562255859375,
            "label": "motorcycle",
            "left": 18.871875762939453,
            "top": 280.453125,
            "width": 167.19374084472656
        },
        {
            "height": 166.078125,
            "label": "motorcycle",
            "left": 315.95623779296875,
            "top": 251.65310668945312,
            "width": 60.234375
        },
        {
            "height": 271.7156066894531,
            "label": "person",
            "left": 14.09999942779541,
            "top": 217.53749084472656,
            "width": 210.06564331054688
        },
        {
            "height": 228.1125030517578,
            "label": "person",
            "left": 354.02813720703125,
            "top": 216.984375,
            "width": 89.0718765258789
        },
        {
            "height": 50.296878814697266,
            "label": "person",
            "left": 345.5249938964844,
            "top": 222.2062530517578,
            "width": 39.796875
        },
        {
            "height": 54.39374923706055,
            "label": "person",
            "left": 126.0093765258789,
            "top": 211.91250610351562,
            "width": 41.578125
        },
        {
            "height": 51.49687576293945,
            "label": "person",
            "left": 366.3562316894531,
            "top": 198.24374389648438,
            "width": 30.196874618530273
        },
        {
            "height": 16.696874618530273,
            "label": "person",
            "left": 394.8280944824219,
            "top": 204.8156280517578,
            "width": 24.543750762939453
        },
        {
            "height": 58.33125305175781,
            "label": "person",
            "left": 412.4156494140625,
            "top": 191.19375610351562,
            "width": 30.946874618530273
        },
        {
            "height": 214.453125,
            "label": "motorcycle",
            "left": 345.6656188964844,
            "top": 254.25001525878906,
            "width": 104.3343734741211
        }
    ]
}