{
    "image_id": 143572,
    "seq": [
        {
            "height": 358.95283018867923,
            "label": "person",
            "left": 215.503125,
            "top": 239.9150759139151,
            "width": 171.084375
        },
        {
            "height": 66.60849056603773,
            "label": "person",
            "left": 379.3500244140625,
            "top": 197.92920843160377,
            "width": 25.875
        },
        {
            "height": 38.094337319428064,
            "label": "person",
            "left": 221.83125,
            "top": 194.09432119693398,
            "width": 22.66875
        },
        {
            "height": 49.174528301886795,
            "label": "person",
            "left": 189.7125,
            "top": 192.56603773584905,
            "width": 20.634375
        },
        {
            "height": 35.235849056603776,
            "label": "person",
            "left": 450.403125,
            "top": 310.5990566037736,
            "width": 28.9875
        },
        {
            "height": 77.47641509433963,
            "label": "person",
            "left": 169.8,
            "top": 211.71226415094338,
            "width": 26.1
        },
        {
            "height": 50.81603773584906,
            "label": "person",
            "left": 162.75,
            "top": 183.29716981132074,
            "width": 24.103123474121094
        },
        {
            "height": 85.06132075471699,
            "label": "person",
            "left": 222.590625,
            "top": 214.0754348466981,
            "width": 24.984375
        },
        {
            "height": 71.19339622641509,
            "label": "tennis racket",
            "left": 140.15625,
            "top": 281.8302071049528,
            "width": 92.334375
        },
        {
            "height": 75.60849056603773,
            "label": "person",
            "left": 110.85,
            "top": 200.3207362912736,
            "width": 28.265621948242188
        },
        {
            "height": 48.2688679245283,
            "label": "person",
            "left": 143.72813720703124,
            "top": 391.4575103183962,
            "width": 48.76875
        },
        {
            "height": 83.53301886792453,
            "label": "person",
            "left": 399.05625,
            "top": 213.22639666863208,
            "width": 32.325
        },
        {
            "height": 43.00471698113208,
            "label": "person",
            "left": 399.99375,
            "top": 51.05658995430424,
            "width": 20.15625
        },
        {
            "height": 51.424528301886795,
            "label": "person",
            "left": 524.024951171875,
            "top": 70.98110904333727,
            "width": 24.778125
        }
    ]
}