{
    "image_id": 143572,
    "seq": [
        {
            "height": 237.80625915527344,
            "label": "person",
            "left": 215.97186279296875,
            "top": 159.41249084472656,
            "width": 171.08438110351562
        },
        {
            "height": 44.12812423706055,
            "label": "person",
            "left": 379.8187561035156,
            "top": 131.5968780517578,
            "width": 25.875
        },
        {
            "height": 25.237499237060547,
            "label": "person",
            "left": 222.3000030517578,
            "top": 129.05625915527344,
            "width": 22.668750762939453
        },
        {
            "height": 32.578125,
            "label": "person",
            "left": 190.18124389648438,
            "top": 128.0437469482422,
            "width": 20.634374618530273
        },
        {
            "height": 23.34375,
            "label": "person",
            "left": 450.8718566894531,
            "top": 206.24063110351562,
            "width": 28.987499237060547
        },
        {
            "height": 51.328125,
            "label": "person",
            "left": 170.26873779296875,
            "top": 140.72811889648438,
            "width": 26.099998474121094
        },
        {
            "height": 33.665626525878906,
            "label": "person",
            "left": 163.21875,
            "top": 121.90312957763672,
            "width": 24.103124618530273
        },
        {
            "height": 56.353126525878906,
            "label": "person",
            "left": 223.0593719482422,
            "top": 142.2937469482422,
            "width": 24.984375
        },
        {
            "height": 47.165626525878906,
            "label": "tennis racket",
            "left": 140.625,
            "top": 187.18124389648438,
            "width": 92.3343734741211
        },
        {
            "height": 50.09062576293945,
            "label": "person",
            "left": 111.3187484741211,
            "top": 133.18124389648438,
            "width": 28.265623092651367
        },
        {
            "height": 31.978124618530273,
            "label": "person",
            "left": 144.19686889648438,
            "top": 259.80938720703125,
            "width": 48.76875305175781
        },
        {
            "height": 55.34062194824219,
            "label": "person",
            "left": 399.5250244140625,
            "top": 141.7312469482422,
            "width": 32.32500076293945
        },
        {
            "height": 28.490625381469727,
            "label": "person",
            "left": 400.4624938964844,
            "top": 34.29375076293945,
            "width": 20.15625
        },
        {
            "height": 34.06875228881836,
            "label": "person",
            "left": 524.4937744140625,
            "top": 47.493751525878906,
            "width": 24.778125762939453
        }
    ]
}