{
    "image_id": 143556,
    "seq": [
        {
            "height": 308.7562255859375,
            "label": "motorcycle",
            "left": 24.537504069010417,
            "top": 279.9843994140625,
            "width": 222.925
        },
        {
            "height": 166.078125,
            "label": "motorcycle",
            "left": 420.65,
            "top": 251.1843994140625,
            "width": 80.3125
        },
        {
            "height": 271.7156005859375,
            "label": "person",
            "left": 18.174981689453126,
            "top": 217.06875,
            "width": 280.0875
        },
        {
            "height": 228.1125,
            "label": "person",
            "left": 471.4125,
            "top": 216.5156005859375,
            "width": 118.7625
        },
        {
            "height": 50.296875,
            "label": "person",
            "left": 460.075,
            "top": 221.7375,
            "width": 53.062495930989584
        },
        {
            "height": 54.39375,
            "label": "person",
            "left": 167.3875,
            "top": 211.44375,
            "width": 55.4375
        },
        {
            "height": 51.496875,
            "label": "person",
            "left": 487.85,
            "top": 197.77501220703124,
            "width": 40.2625
        },
        {
            "height": 16.696875,
            "label": "person",
            "left": 525.8125,
            "top": 204.346875,
            "width": 32.725
        },
        {
            "height": 58.33125,
            "label": "person",
            "left": 549.2625,
            "top": 190.725,
            "width": 41.26249593098958
        },
        {
            "height": 214.453125,
            "label": "motorcycle",
            "left": 460.2625325520833,
            "top": 253.78125,
            "width": 139.11248372395832
        }
    ]
}