{
    "image_id": 143961,
    "seq": [
        {
            "height": 435.60674157303373,
            "label": "umbrella",
            "left": 280.89375,
            "top": 17.629214854722612,
            "width": 292.5
        },
        {
            "height": 159.06741573033707,
            "label": "umbrella",
            "left": 276.628125,
            "top": 12.926930631144662,
            "width": 103.48125
        },
        {
            "height": 326.29213483146066,
            "label": "person",
            "left": 122.53125,
            "top": 266.1236393960674,
            "width": 92.25
        },
        {
            "height": 205.38202247191012,
            "label": "person",
            "left": 289.7999755859375,
            "top": 313.685393258427,
            "width": 111.740625
        },
        {
            "height": 282.32022471910113,
            "label": "person",
            "left": 451.9125,
            "top": 300.3371005969101,
            "width": 112.171875
        },
        {
            "height": 381.0842696629214,
            "label": "person",
            "left": 547.509375,
            "top": 211.31460674157304,
            "width": 51.121875
        },
        {
            "height": 221.19101123595505,
            "label": "person",
            "left": 53.118743896484375,
            "top": 257.0730337078652,
            "width": 71.86875610351562
        },
        {
            "height": 148.82022471910113,
            "label": "person",
            "left": 418.940625,
            "top": 450.3369908707865,
            "width": 107.728125
        },
        {
            "height": 180.7078651685393,
            "label": "person",
            "left": 77.278125,
            "top": 26.3258728713132,
            "width": 65.17499389648438
        },
        {
            "height": 121.98876404494382,
            "label": "person",
            "left": 216.9375,
            "top": 38.7977418363764,
            "width": 71.109375
        },
        {
            "height": 135.85955056179776,
            "label": "person",
            "left": 149.559375,
            "top": 122.30898876404494,
            "width": 136.5375
        },
        {
            "height": 132.6910222085674,
            "label": "person",
            "left": 109.021875,
            "top": 105.20222524578652,
            "width": 42.01875
        },
        {
            "height": 103.87078651685393,
            "label": "dog",
            "left": 140.2875,
            "top": 146.30895584620785,
            "width": 77.70000610351562
        },
        {
            "height": 65.76404494382022,
            "label": "dog",
            "left": 217.828125,
            "top": 4.247202326742451,
            "width": 52.209375
        },
        {
            "height": 189.62359550561797,
            "label": "person",
            "left": 235.21875,
            "top": 402.1179336376405,
            "width": 95.5875
        },
        {
            "height": 71.67977528089888,
            "label": "backpack",
            "left": 122.625,
            "top": 195.52244996488764,
            "width": 57.215625
        },
        {
            "height": 45.674157303370784,
            "label": "backpack",
            "left": 175.303125,
            "top": 57.1854371488764,
            "width": 21.1125
        },
        {
            "height": 102.3707974894663,
            "label": "handbag",
            "left": 343.1156494140625,
            "top": 483.4382461376405,
            "width": 62.15625
        },
        {
            "height": 313.24719101123594,
            "label": "person",
            "left": 0.3937527656555176,
            "top": 236.0392819522472,
            "width": 76.29375
        },
        {
            "height": 161.8314387289326,
            "label": "person",
            "left": 20.718748474121092,
            "top": 208.1123595505618,
            "width": 70.415625
        }
    ]
}