{
    "image_id": 143998,
    "seq": [
        {
            "height": 591.186279296875,
            "label": "dining table",
            "left": 0.0,
            "top": 0.009803920984268188,
            "width": 600.0
        },
        {
            "height": 194.15684509277344,
            "label": "knife",
            "left": 357.3039245605469,
            "top": 124.04901885986328,
            "width": 242.6960906982422
        },
        {
            "height": 468.70587158203125,
            "label": "carrot",
            "left": 2.8235294818878174,
            "top": 43.764705657958984,
            "width": 285.17645263671875
        },
        {
            "height": 498.6960754394531,
            "label": "carrot",
            "left": 21.8137264251709,
            "top": 7.794116973876953,
            "width": 347.5392150878906
        },
        {
            "height": 414.058837890625,
            "label": "carrot",
            "left": 42.186275482177734,
            "top": 27.343135833740234,
            "width": 407.813720703125
        },
        {
            "height": 399.4803771972656,
            "label": "carrot",
            "left": 62.66666793823242,
            "top": 112.40196228027344,
            "width": 335.2451171875
        },
        {
            "height": 197.43138122558594,
            "label": "carrot",
            "left": 45.4705924987793,
            "top": 402.5686340332031,
            "width": 130.24510192871094
        }
    ]
}