{
    "image_id": 143961,
    "seq": [
        {
            "height": 242.30624389648438,
            "label": "umbrella",
            "left": 281.36248779296875,
            "top": 10.274999618530273,
            "width": 292.5
        },
        {
            "height": 88.48124694824219,
            "label": "umbrella",
            "left": 277.0968933105469,
            "top": 7.659375190734863,
            "width": 103.48125457763672
        },
        {
            "height": 181.5,
            "label": "person",
            "left": 123.0,
            "top": 148.5,
            "width": 92.25
        },
        {
            "height": 114.2437515258789,
            "label": "person",
            "left": 290.26873779296875,
            "top": 174.95623779296875,
            "width": 111.74063110351562
        },
        {
            "height": 157.04061889648438,
            "label": "person",
            "left": 452.3812561035156,
            "top": 167.53123474121094,
            "width": 112.171875
        },
        {
            "height": 211.97811889648438,
            "label": "person",
            "left": 547.9781494140625,
            "top": 118.01249694824219,
            "width": 51.12187576293945
        },
        {
            "height": 123.03750610351562,
            "label": "person",
            "left": 53.587501525878906,
            "top": 143.4656219482422,
            "width": 71.8687515258789
        },
        {
            "height": 82.78125,
            "label": "person",
            "left": 419.40936279296875,
            "top": 250.96875,
            "width": 107.7281265258789
        },
        {
            "height": 100.51875305175781,
            "label": "person",
            "left": 77.74687957763672,
            "top": 15.11250114440918,
            "width": 65.17499542236328
        },
        {
            "height": 67.85624694824219,
            "label": "person",
            "left": 217.40623474121094,
            "top": 22.049999237060547,
            "width": 71.109375
        },
        {
            "height": 75.5718765258789,
            "label": "person",
            "left": 150.0281219482422,
            "top": 68.50312805175781,
            "width": 136.53750610351562
        },
        {
            "height": 73.80937957763672,
            "label": "person",
            "left": 109.4906234741211,
            "top": 58.98749923706055,
            "width": 42.01874923706055
        },
        {
            "height": 57.77812576293945,
            "label": "dog",
            "left": 140.75625610351562,
            "top": 81.8531265258789,
            "width": 77.70000457763672
        },
        {
            "height": 36.58124923706055,
            "label": "dog",
            "left": 218.296875,
            "top": 2.831249952316284,
            "width": 52.209373474121094
        },
        {
            "height": 105.4781265258789,
            "label": "person",
            "left": 235.6875,
            "top": 224.14688110351562,
            "width": 95.5875015258789
        },
        {
            "height": 39.87187194824219,
            "label": "backpack",
            "left": 123.09375,
            "top": 109.2281265258789,
            "width": 57.21562194824219
        },
        {
            "height": 25.40625,
            "label": "backpack",
            "left": 175.77188110351562,
            "top": 32.27812576293945,
            "width": 21.11250114440918
        },
        {
            "height": 56.94375228881836,
            "label": "handbag",
            "left": 343.5843505859375,
            "top": 269.3812561035156,
            "width": 62.15625
        },
        {
            "height": 174.24375915527344,
            "label": "person",
            "left": 0.862500011920929,
            "top": 131.765625,
            "width": 76.29374694824219
        },
        {
            "height": 90.01874542236328,
            "label": "person",
            "left": 21.1875,
            "top": 116.23125457763672,
            "width": 70.4156265258789
        }
    ]
}