{
    "image_id": 143998,
    "seq": [
        {
            "height": 591.1862745098039,
            "label": "dining table",
            "left": 0.0,
            "top": 0.0,
            "width": 600.0
        },
        {
            "height": 194.15684997957516,
            "label": "knife",
            "left": 356.8136999591503,
            "top": 123.55883629493464,
            "width": 242.69607843137254
        },
        {
            "height": 468.70588235294116,
            "label": "carrot",
            "left": 2.333343106936785,
            "top": 43.27450980392157,
            "width": 285.1764705882353
        },
        {
            "height": 498.69607843137254,
            "label": "carrot",
            "left": 21.323526220383986,
            "top": 7.30392316431781,
            "width": 347.53924121732024
        },
        {
            "height": 414.05882352941177,
            "label": "carrot",
            "left": 41.69608481413399,
            "top": 26.85293479370915,
            "width": 407.8137254901961
        },
        {
            "height": 399.48039215686276,
            "label": "carrot",
            "left": 62.176464205473856,
            "top": 111.9117902369281,
            "width": 335.2450980392157
        },
        {
            "height": 197.4313725490196,
            "label": "carrot",
            "left": 44.98039215686274,
            "top": 402.07840584150324,
            "width": 130.2450980392157
        }
    ]
}