{
    "image_id": 144003,
    "seq": [
        {
            "height": 365.392,
            "label": "refrigerator",
            "left": 0.0,
            "top": 227.07202083333334,
            "width": 186.072
        },
        {
            "height": 450.0,
            "label": "person",
            "left": 21.69599609375,
            "top": 141.76001041666666,
            "width": 271.62
        },
        {
            "height": 563.68,
            "label": "person",
            "left": 217.332,
            "top": 24.688005208333333,
            "width": 276.468
        },
        {
            "height": 543.4240416666667,
            "label": "person",
            "left": 395.44796875,
            "top": 0.0,
            "width": 203.952015625
        },
        {
            "height": 302.048,
            "label": "person",
            "left": 331.692,
            "top": 0.015985965728759766,
            "width": 209.58
        },
        {
            "height": 289.552,
            "label": "person",
            "left": 231.348015625,
            "top": 0.0,
            "width": 231.528
        },
        {
            "height": 16.016,
            "label": "knife",
            "left": 181.980015625,
            "top": 406.992,
            "width": 59.316
        },
        {
            "height": 74.176,
            "label": "bowl",
            "left": 445.644,
            "top": 322.992,
            "width": 66.072
        },
        {
            "height": 133.664,
            "label": "cake",
            "left": 213.348015625,
            "top": 339.696,
            "width": 134.388
        },
        {
            "height": 40.656,
            "label": "remote",
            "left": 433.32,
            "top": 338.416,
            "width": 42.792
        },
        {
            "height": 257.504,
            "label": "person",
            "left": 129.2640078125,
            "top": 1.5999913736979168,
            "width": 128.964
        },
        {
            "height": 296.544,
            "label": "chair",
            "left": 441.46803125,
            "top": 278.99202083333336,
            "width": 121.8239921875
        },
        {
            "height": 308.576,
            "label": "dining table",
            "left": 147.84,
            "top": 282.832,
            "width": 302.72403125
        }
    ]
}