{
    "image_id": 144003,
    "seq": [
        {
            "height": 274.04400634765625,
            "label": "refrigerator",
            "left": 0.0,
            "top": 170.90399169921875,
            "width": 186.07199096679688
        },
        {
            "height": 337.5,
            "label": "person",
            "left": 22.296001434326172,
            "top": 106.91999816894531,
            "width": 271.6200256347656
        },
        {
            "height": 422.7599792480469,
            "label": "person",
            "left": 217.9320068359375,
            "top": 19.11600112915039,
            "width": 276.4679870605469
        },
        {
            "height": 407.5680236816406,
            "label": "person",
            "left": 396.0480041503906,
            "top": 0.3720000088214874,
            "width": 203.95201110839844
        },
        {
            "height": 226.53599548339844,
            "label": "person",
            "left": 332.2920227050781,
            "top": 0.6119999885559082,
            "width": 209.5800018310547
        },
        {
            "height": 217.16400146484375,
            "label": "person",
            "left": 231.947998046875,
            "top": 0.18000000715255737,
            "width": 231.5279998779297
        },
        {
            "height": 12.01200008392334,
            "label": "knife",
            "left": 182.57998657226562,
            "top": 305.843994140625,
            "width": 59.316001892089844
        },
        {
            "height": 55.63199996948242,
            "label": "bowl",
            "left": 446.2439880371094,
            "top": 242.84397888183594,
            "width": 66.07200622558594
        },
        {
            "height": 100.24800109863281,
            "label": "cake",
            "left": 213.947998046875,
            "top": 255.3719940185547,
            "width": 134.38800048828125
        },
        {
            "height": 30.492000579833984,
            "label": "remote",
            "left": 433.9200134277344,
            "top": 254.41200256347656,
            "width": 42.79199981689453
        },
        {
            "height": 193.1280059814453,
            "label": "person",
            "left": 129.86399841308594,
            "top": 1.8000000715255737,
            "width": 128.96400451660156
        },
        {
            "height": 222.4080047607422,
            "label": "chair",
            "left": 442.0680236816406,
            "top": 209.843994140625,
            "width": 121.82398986816406
        },
        {
            "height": 231.4320068359375,
            "label": "dining table",
            "left": 148.44000244140625,
            "top": 212.72401428222656,
            "width": 302.7240295410156
        }
    ]
}