{
    "image_id": 144300,
    "seq": [
        {
            "height": 299.3343811035156,
            "label": "motorcycle",
            "left": 42.375,
            "top": 65.36250305175781,
            "width": 503.1000061035156
        },
        {
            "height": 104.48436737060547,
            "label": "person",
            "left": 477.3374938964844,
            "top": 64.125,
            "width": 65.1468734741211
        },
        {
            "height": 175.7156219482422,
            "label": "person",
            "left": 568.1812133789062,
            "top": 64.078125,
            "width": 31.818748474121094
        },
        {
            "height": 216.796875,
            "label": "truck",
            "left": 0.0,
            "top": 0.9000000357627869,
            "width": 300.4593811035156
        },
        {
            "height": 219.43124389648438,
            "label": "bus",
            "left": 0.0,
            "top": 0.0,
            "width": 302.4562683105469
        },
        {
            "height": 92.90625,
            "label": "bus",
            "left": 280.7156066894531,
            "top": 47.44687271118164,
            "width": 73.14374542236328
        },
        {
            "height": 107.99999237060547,
            "label": "bus",
            "left": 333.9281311035156,
            "top": 53.015621185302734,
            "width": 133.7624969482422
        },
        {
            "height": 110.40937042236328,
            "label": "truck",
            "left": 332.53125,
            "top": 52.24687576293945,
            "width": 131.4187469482422
        },
        {
            "height": 34.631248474121094,
            "label": "truck",
            "left": 538.2562866210938,
            "top": 132.7687530517578,
            "width": 49.10625076293945
        }
    ]
}