{
    "image_id": 144300,
    "seq": [
        {
            "height": 448.6510538641686,
            "label": "motorcycle",
            "left": 41.9062255859375,
            "top": 97.26463700234191,
            "width": 503.1
        },
        {
            "height": 156.60421545667447,
            "label": "person",
            "left": 476.868798828125,
            "top": 95.40981776932084,
            "width": 65.146875
        },
        {
            "height": 263.3676632025761,
            "label": "person",
            "left": 567.7125,
            "top": 95.33958760245902,
            "width": 31.81875
        },
        {
            "height": 324.94145199063234,
            "label": "truck",
            "left": 0.0,
            "top": 0.6463794574246194,
            "width": 300.459375
        },
        {
            "height": 328.88992974238874,
            "label": "bus",
            "left": 0.0,
            "top": 0.0,
            "width": 302.45625
        },
        {
            "height": 139.2505854800937,
            "label": "bus",
            "left": 280.246875,
            "top": 70.41219170813817,
            "width": 73.14374389648438
        },
        {
            "height": 161.87353629976582,
            "label": "bus",
            "left": 333.459375,
            "top": 78.75880049765809,
            "width": 133.76248779296876
        },
        {
            "height": 165.4847775175644,
            "label": "truck",
            "left": 332.0625,
            "top": 77.60653908079625,
            "width": 131.41873779296876
        },
        {
            "height": 51.90632318501171,
            "label": "truck",
            "left": 537.7875,
            "top": 198.29508196721312,
            "width": 49.10624694824219
        }
    ]
}