{
    "image_id": 14439,
    "seq": [
        {
            "height": 29.512500762939453,
            "label": "chair",
            "left": 71.31562042236328,
            "top": 114.62812042236328,
            "width": 22.415624618530273
        },
        {
            "height": 23.240625381469727,
            "label": "chair",
            "left": 91.88438415527344,
            "top": 122.84062194824219,
            "width": 19.068748474121094
        },
        {
            "height": 239.16561889648438,
            "label": "kite",
            "left": 153.20623779296875,
            "top": 80.0062484741211,
            "width": 429.81561279296875
        },
        {
            "height": 14.334375381469727,
            "label": "backpack",
            "left": 81.4124984741211,
            "top": 146.58749389648438,
            "width": 16.65937614440918
        },
        {
            "height": 186.3937530517578,
            "label": "person",
            "left": 387.2624816894531,
            "top": 84.26249694824219,
            "width": 88.51874542236328
        },
        {
            "height": 74.18437194824219,
            "label": "person",
            "left": 251.8500213623047,
            "top": 84.20625305175781,
            "width": 28.096874237060547
        },
        {
            "height": 30.665624618530273,
            "label": "person",
            "left": 262.04998779296875,
            "top": 74.88749694824219,
            "width": 17.32499885559082
        },
        {
            "height": 52.74374771118164,
            "label": "person",
            "left": 340.9593811035156,
            "top": 53.91562271118164,
            "width": 18.12187385559082
        },
        {
            "height": 38.615623474121094,
            "label": "person",
            "left": 307.8187561035156,
            "top": 36.140625,
            "width": 17.59687614440918
        },
        {
            "height": 40.19062042236328,
            "label": "person",
            "left": 354.5625,
            "top": 37.57500457763672,
            "width": 16.76249885559082
        },
        {
            "height": 147.78750610351562,
            "label": "person",
            "left": 473.90625,
            "top": 106.94999694824219,
            "width": 86.60624694824219
        },
        {
            "height": 80.74687194824219,
            "label": "person",
            "left": 542.4750366210938,
            "top": 105.44062042236328,
            "width": 32.92499923706055
        },
        {
            "height": 35.40937423706055,
            "label": "person",
            "left": 23.587499618530273,
            "top": 109.67811584472656,
            "width": 37.85625076293945
        },
        {
            "height": 15.57187557220459,
            "label": "person",
            "left": 175.8093719482422,
            "top": 41.78437423706055,
            "width": 12.356250762939453
        },
        {
            "height": 13.256250381469727,
            "label": "person",
            "left": 159.2062530517578,
            "top": 44.31562805175781,
            "width": 7.865625381469727
        },
        {
            "height": 79.6031265258789,
            "label": "person",
            "left": 154.5281219482422,
            "top": 76.94062042236328,
            "width": 31.875
        },
        {
            "height": 13.800000190734863,
            "label": "backpack",
            "left": 93.84375,
            "top": 145.125,
            "width": 18.271875381469727
        },
        {
            "height": 17.15625,
            "label": "backpack",
            "left": 53.94375228881836,
            "top": 145.53750610351562,
            "width": 33.150001525878906
        },
        {
            "height": 20.006250381469727,
            "label": "backpack",
            "left": 60.07500076293945,
            "top": 124.171875,
            "width": 20.006250381469727
        },
        {
            "height": 45.52499771118164,
            "label": "person",
            "left": 97.40625,
            "top": 42.29999923706055,
            "width": 22.76249885559082
        }
    ]
}