{
    "image_id": 144333,
    "seq": [
        {
            "height": 36.08437728881836,
            "label": "cell phone",
            "left": 174.5906219482422,
            "top": 182.90625,
            "width": 15.206250190734863
        },
        {
            "height": 330.9375,
            "label": "bicycle",
            "left": 69.95625305175781,
            "top": 255.609375,
            "width": 260.98126220703125
        },
        {
            "height": 131.79376220703125,
            "label": "car",
            "left": 3.4125001430511475,
            "top": 124.21875,
            "width": 252.5437469482422
        },
        {
            "height": 97.1812515258789,
            "label": "car",
            "left": 284.65313720703125,
            "top": 129.0,
            "width": 92.03437042236328
        },
        {
            "height": 63.84375,
            "label": "car",
            "left": 0.0,
            "top": 119.8499984741211,
            "width": 57.91875076293945
        },
        {
            "height": 322.14373779296875,
            "label": "person",
            "left": 110.0625,
            "top": 115.56562042236328,
            "width": 186.5812530517578
        },
        {
            "height": 67.1343765258789,
            "label": "handbag",
            "left": 207.21563720703125,
            "top": 239.3249969482422,
            "width": 107.07186889648438
        },
        {
            "height": 103.10625457763672,
            "label": "car",
            "left": 197.6437530517578,
            "top": 97.359375,
            "width": 156.0281219482422
        }
    ]
}