{
    "image_id": 14439,
    "seq": [
        {
            "height": 46.75247524752475,
            "label": "chair",
            "left": 70.84688110351563,
            "top": 180.84657332920793,
            "width": 22.415625
        },
        {
            "height": 36.816834100402225,
            "label": "chair",
            "left": 91.41561889648438,
            "top": 193.85641630569307,
            "width": 19.06875
        },
        {
            "height": 378.8762376237624,
            "label": "kite",
            "left": 152.7375,
            "top": 126.00000966893565,
            "width": 429.815625
        },
        {
            "height": 22.70792320931312,
            "label": "backpack",
            "left": 80.94374389648438,
            "top": 231.47524752475246,
            "width": 16.659375
        },
        {
            "height": 295.27724706064356,
            "label": "person",
            "left": 386.7937744140625,
            "top": 132.7425839263614,
            "width": 88.51875
        },
        {
            "height": 117.51980198019803,
            "label": "person",
            "left": 251.3812744140625,
            "top": 132.65351369121288,
            "width": 28.096875
        },
        {
            "height": 48.57920792079208,
            "label": "person",
            "left": 261.58125,
            "top": 117.89109877784654,
            "width": 17.325
        },
        {
            "height": 83.55445544554455,
            "label": "person",
            "left": 340.490625,
            "top": 84.6683458384901,
            "width": 18.121875
        },
        {
            "height": 61.17326732673267,
            "label": "person",
            "left": 307.35,
            "top": 56.5098768177599,
            "width": 17.596875
        },
        {
            "height": 63.668307162747524,
            "label": "person",
            "left": 354.09375,
            "top": 58.78220722462871,
            "width": 16.762498474121095
        },
        {
            "height": 234.11881188118812,
            "label": "person",
            "left": 473.4375,
            "top": 168.68316831683168,
            "width": 86.60625
        },
        {
            "height": 127.91584158415841,
            "label": "person",
            "left": 542.00625,
            "top": 166.29207920792078,
            "width": 32.925
        },
        {
            "height": 56.09405940594059,
            "label": "person",
            "left": 23.118746948242187,
            "top": 173.0049504950495,
            "width": 37.85625
        },
        {
            "height": 24.668316831683168,
            "label": "person",
            "left": 175.340625,
            "top": 65.45049021503714,
            "width": 12.35625
        },
        {
            "height": 21.0,
            "label": "person",
            "left": 158.73748779296875,
            "top": 69.46038637066832,
            "width": 7.865625
        },
        {
            "height": 126.10397006497524,
            "label": "person",
            "left": 154.05936279296876,
            "top": 121.14354501856435,
            "width": 31.875
        },
        {
            "height": 21.861386138613863,
            "label": "backpack",
            "left": 93.375,
            "top": 229.15839650371288,
            "width": 18.271875
        },
        {
            "height": 27.178217821782177,
            "label": "backpack",
            "left": 53.475,
            "top": 229.8119198638614,
            "width": 33.15
        },
        {
            "height": 31.693069306930692,
            "label": "backpack",
            "left": 59.60625,
            "top": 195.96534653465346,
            "width": 20.00625
        },
        {
            "height": 72.11880704672029,
            "label": "person",
            "left": 96.9375,
            "top": 66.26732673267327,
            "width": 22.762498474121095
        }
    ]
}