{
    "image_id": 144333,
    "seq": [
        {
            "height": 36.08437805175781,
            "label": "cell phone",
            "left": 261.59154929577466,
            "top": 182.4375,
            "width": 22.845070422535212
        },
        {
            "height": 330.9375,
            "label": "bicycle",
            "left": 104.39434785798122,
            "top": 255.140625,
            "width": 392.0845070422535
        },
        {
            "height": 131.79375,
            "label": "car",
            "left": 4.422536930567782,
            "top": 123.75,
            "width": 379.40845070422534
        },
        {
            "height": 97.18125610351562,
            "label": "car",
            "left": 426.943661971831,
            "top": 128.53123779296874,
            "width": 138.26760563380282
        },
        {
            "height": 63.84375,
            "label": "car",
            "left": 0.0,
            "top": 119.38125,
            "width": 87.01408450704226
        },
        {
            "height": 322.14375,
            "label": "person",
            "left": 164.64790566314554,
            "top": 115.09686279296875,
            "width": 280.3098591549296
        },
        {
            "height": 67.134375,
            "label": "handbag",
            "left": 310.6056338028169,
            "top": 238.8562255859375,
            "width": 160.85913659037558
        },
        {
            "height": 103.10625,
            "label": "car",
            "left": 296.22537045187795,
            "top": 96.890625,
            "width": 234.4084323650235
        }
    ]
}