{
    "image_id": 144706,
    "seq": [
        {
            "height": 24.346874237060547,
            "label": "car",
            "left": 371.7562561035156,
            "top": 347.7375183105469,
            "width": 47.41875076293945
        },
        {
            "height": 59.662498474121094,
            "label": "traffic light",
            "left": 251.79373168945312,
            "top": 113.25936889648438,
            "width": 30.337501525878906
        },
        {
            "height": 34.47187423706055,
            "label": "truck",
            "left": 464.27813720703125,
            "top": 345.6562805175781,
            "width": 49.70624923706055
        },
        {
            "height": 31.62187385559082,
            "label": "car",
            "left": 467.2781066894531,
            "top": 346.8000183105469,
            "width": 46.21875
        },
        {
            "height": 17.653125762939453,
            "label": "traffic light",
            "left": 446.765625,
            "top": 288.28125,
            "width": 22.312498092651367
        },
        {
            "height": 39.63749694824219,
            "label": "traffic light",
            "left": 156.4968719482422,
            "top": 146.07186889648438,
            "width": 20.850000381469727
        },
        {
            "height": 52.640628814697266,
            "label": "traffic light",
            "left": 447.4124755859375,
            "top": 221.33436584472656,
            "width": 22.65937614440918
        }
    ]
}