{
    "image_id": 144798,
    "seq": [
        {
            "height": 82.72499084472656,
            "label": "bottle",
            "left": 362.46563720703125,
            "top": 153.0749969482422,
            "width": 35.97187423706055
        },
        {
            "height": 162.421875,
            "label": "toilet",
            "left": 146.30624389648438,
            "top": 429.6562194824219,
            "width": 252.13125610351562
        },
        {
            "height": 95.08125305175781,
            "label": "book",
            "left": 30.412500381469727,
            "top": 370.43438720703125,
            "width": 86.859375
        },
        {
            "height": 72.0,
            "label": "cup",
            "left": 170.48439025878906,
            "top": 177.15936279296875,
            "width": 46.228126525878906
        }
    ]
}