{
    "image_id": 144706,
    "seq": [
        {
            "height": 32.4625,
            "label": "car",
            "left": 371.2875,
            "top": 463.0250651041667,
            "width": 47.41875305175781
        },
        {
            "height": 79.55,
            "label": "traffic light",
            "left": 251.3250244140625,
            "top": 150.38751627604168,
            "width": 30.3375
        },
        {
            "height": 45.9625,
            "label": "truck",
            "left": 463.809375,
            "top": 460.25,
            "width": 49.70625
        },
        {
            "height": 42.1625,
            "label": "car",
            "left": 466.809375,
            "top": 461.77496744791665,
            "width": 46.21875
        },
        {
            "height": 23.5375,
            "label": "traffic light",
            "left": 446.296875,
            "top": 383.7500325520833,
            "width": 22.3125
        },
        {
            "height": 52.85,
            "label": "traffic light",
            "left": 156.02813720703125,
            "top": 194.13751627604168,
            "width": 20.85
        },
        {
            "height": 70.1875,
            "label": "traffic light",
            "left": 446.94375,
            "top": 294.4875,
            "width": 22.659375
        }
    ]
}