{
    "image_id": 14473,
    "seq": [
        {
            "height": 216.11241217798596,
            "label": "train",
            "left": 0.0,
            "top": 216.8711943793911,
            "width": 556.134375
        },
        {
            "height": 59.578454332552695,
            "label": "person",
            "left": 299.709375,
            "top": 380.37467066744733,
            "width": 14.4
        },
        {
            "height": 53.80327868852459,
            "label": "person",
            "left": 259.2281005859375,
            "top": 377.8454332552693,
            "width": 19.256251525878906
        },
        {
            "height": 51.569086651053865,
            "label": "person",
            "left": 188.2875,
            "top": 362.64172277517565,
            "width": 18.01875
        },
        {
            "height": 47.269320843091336,
            "label": "person",
            "left": 145.64061279296874,
            "top": 355.81268296252927,
            "width": 15.76875
        },
        {
            "height": 49.39110070257611,
            "label": "person",
            "left": 111.84375,
            "top": 344.3606557377049,
            "width": 16.471875
        },
        {
            "height": 38.40281030444965,
            "label": "person",
            "left": 72.50624389648438,
            "top": 344.6275980679157,
            "width": 15.609375
        },
        {
            "height": 50.2903981264637,
            "label": "person",
            "left": 23.868748474121094,
            "top": 315.8219774590164,
            "width": 12.35625
        }
    ]
}