{
    "image_id": 144798,
    "seq": [
        {
            "height": 82.72498779296875,
            "label": "bottle",
            "left": 545.1247058823529,
            "top": 152.60623779296876,
            "width": 54.169411764705885
        },
        {
            "height": 162.421875,
            "label": "toilet",
            "left": 219.61411764705883,
            "top": 429.187451171875,
            "width": 379.68
        },
        {
            "height": 95.08125,
            "label": "book",
            "left": 45.091764705882355,
            "top": 369.965625,
            "width": 130.8
        },
        {
            "height": 72.0,
            "label": "cup",
            "left": 256.0235294117647,
            "top": 176.690625,
            "width": 69.61411764705882
        }
    ]
}