{
    "image_id": 14473,
    "seq": [
        {
            "height": 144.1875,
            "label": "train",
            "left": 0.0,
            "top": 145.16249084472656,
            "width": 556.1343994140625
        },
        {
            "height": 39.750003814697266,
            "label": "person",
            "left": 300.1781311035156,
            "top": 254.25001525878906,
            "width": 14.40000057220459
        },
        {
            "height": 35.896873474121094,
            "label": "person",
            "left": 259.6968688964844,
            "top": 252.56248474121094,
            "width": 19.256250381469727
        },
        {
            "height": 34.40625,
            "label": "person",
            "left": 188.75624084472656,
            "top": 242.41873168945312,
            "width": 18.018749237060547
        },
        {
            "height": 31.537498474121094,
            "label": "person",
            "left": 146.10939025878906,
            "top": 237.8625030517578,
            "width": 15.768749237060547
        },
        {
            "height": 32.953125,
            "label": "person",
            "left": 112.31250762939453,
            "top": 230.2218780517578,
            "width": 16.471874237060547
        },
        {
            "height": 25.621875762939453,
            "label": "person",
            "left": 72.9749984741211,
            "top": 230.40000915527344,
            "width": 15.609375
        },
        {
            "height": 33.553123474121094,
            "label": "person",
            "left": 24.337499618530273,
            "top": 211.18124389648438,
            "width": 12.356250762939453
        }
    ]
}