{
    "image_id": 144932,
    "seq": [
        {
            "height": 69.50117647058823,
            "label": "boat",
            "left": 448.115625,
            "top": 258.9035110294118,
            "width": 73.396875
        },
        {
            "height": 5.731764705882353,
            "label": "person",
            "left": 470.409375,
            "top": 310.2776470588235,
            "width": 3.7593753814697264
        },
        {
            "height": 15.20470703125,
            "label": "person",
            "left": 494.775,
            "top": 281.1953125,
            "width": 5.04375
        }
    ]
}