{
    "image_id": 144932,
    "seq": [
        {
            "height": 46.15312194824219,
            "label": "boat",
            "left": 448.5843505859375,
            "top": 172.39688110351562,
            "width": 73.3968734741211
        },
        {
            "height": 3.8062498569488525,
            "label": "person",
            "left": 470.87811279296875,
            "top": 206.5124969482422,
            "width": 3.7593750953674316
        },
        {
            "height": 10.096875190734863,
            "label": "person",
            "left": 495.2437438964844,
            "top": 187.19998168945312,
            "width": 5.043749809265137
        }
    ]
}