{
    "image_id": 144984,
    "seq": [
        {
            "height": 301.2375,
            "label": "couch",
            "left": 0.0,
            "top": 298.29375,
            "width": 599.9717943075117
        },
        {
            "height": 428.765625,
            "label": "person",
            "left": 106.64788732394366,
            "top": 164.0250244140625,
            "width": 453.7464788732394
        },
        {
            "height": 55.7625,
            "label": "remote",
            "left": 124.69014084507042,
            "top": 405.121875,
            "width": 93.64788732394366
        },
        {
            "height": 72.90936889648438,
            "label": "couch",
            "left": 0.0,
            "top": 286.603125,
            "width": 204.42253521126761
        },
        {
            "height": 38.82187194824219,
            "label": "remote",
            "left": 458.6197549882629,
            "top": 362.4000244140625,
            "width": 38.7887323943662
        }
    ]
}