{
    "image_id": 144984,
    "seq": [
        {
            "height": 301.23748779296875,
            "label": "couch",
            "left": 0.0,
            "top": 298.76251220703125,
            "width": 399.3562316894531
        },
        {
            "height": 428.765625,
            "label": "person",
            "left": 71.45625305175781,
            "top": 164.49375915527344,
            "width": 302.0249938964844
        },
        {
            "height": 55.76250076293945,
            "label": "remote",
            "left": 83.46562194824219,
            "top": 405.59063720703125,
            "width": 62.334373474121094
        },
        {
            "height": 72.90937042236328,
            "label": "couch",
            "left": 0.0,
            "top": 287.0718688964844,
            "width": 136.06875610351562
        },
        {
            "height": 38.82187271118164,
            "label": "remote",
            "left": 305.73748779296875,
            "top": 362.8687744140625,
            "width": 25.81875228881836
        }
    ]
}