{
    "image_id": 145020,
    "seq": [
        {
            "height": 142.62049861495845,
            "label": "person",
            "left": 241.284375,
            "top": 314.79226540858724,
            "width": 21.075
        },
        {
            "height": 101.31855955678671,
            "label": "person",
            "left": 81.34688110351563,
            "top": 360.498636599723,
            "width": 14.971875
        },
        {
            "height": 139.14681440443212,
            "label": "person",
            "left": 0.0,
            "top": 320.5927977839335,
            "width": 28.48125
        },
        {
            "height": 99.77285318559557,
            "label": "person",
            "left": 0.0,
            "top": 402.38227146814404,
            "width": 39.68437805175781
        },
        {
            "height": 97.46260387811634,
            "label": "person",
            "left": 43.53750305175781,
            "top": 398.6593230609418,
            "width": 44.165625
        },
        {
            "height": 244.404432132964,
            "label": "teddy bear",
            "left": 497.025048828125,
            "top": 348.6315140235457,
            "width": 102.50625
        },
        {
            "height": 114.78116343490305,
            "label": "teddy bear",
            "left": 495.50625,
            "top": 244.37119113573408,
            "width": 45.48750305175781
        },
        {
            "height": 49.18005540166205,
            "label": "person",
            "left": 130.425,
            "top": 322.7035578254848,
            "width": 16.846875
        },
        {
            "height": 114.58171745152355,
            "label": "person",
            "left": 203.746875,
            "top": 334.2382271468144,
            "width": 18.271875
        },
        {
            "height": 76.00554016620498,
            "label": "person",
            "left": 189.43126220703124,
            "top": 316.3379717797784,
            "width": 16.921875
        },
        {
            "height": 52.770083102493075,
            "label": "person",
            "left": 107.45625,
            "top": 324.59831630886424,
            "width": 26.4375
        },
        {
            "height": 36.99722991689751,
            "label": "person",
            "left": 241.6499755859375,
            "top": 299.38504155124656,
            "width": 16.490625
        },
        {
            "height": 13.911357340720222,
            "label": "person",
            "left": 23.8125,
            "top": 331.04706977146816,
            "width": 3.328125
        },
        {
            "height": 105.17451523545706,
            "label": "teddy bear",
            "left": 521.68125,
            "top": 242.92520775623268,
            "width": 52.509375
        },
        {
            "height": 90.2825484764543,
            "label": "teddy bear",
            "left": 532.546875,
            "top": 177.27425986842104,
            "width": 43.20000305175781
        },
        {
            "height": 103.01385041551247,
            "label": "person",
            "left": 155.596875,
            "top": 351.4902181440443,
            "width": 16.265625
        },
        {
            "height": 17.98337950138504,
            "label": "person",
            "left": 59.25,
            "top": 329.99995671745154,
            "width": 4.931250381469726
        }
    ]
}