{
    "image_id": 145020,
    "seq": [
        {
            "height": 80.44686889648438,
            "label": "person",
            "left": 241.75311279296875,
            "top": 178.03125,
            "width": 21.07499885559082
        },
        {
            "height": 57.14999771118164,
            "label": "person",
            "left": 81.81562042236328,
            "top": 203.8125,
            "width": 14.971875190734863
        },
        {
            "height": 78.48749542236328,
            "label": "person",
            "left": 0.0,
            "top": 181.30313110351562,
            "width": 28.48124885559082
        },
        {
            "height": 56.27812194824219,
            "label": "person",
            "left": 0.0,
            "top": 227.4375,
            "width": 39.68437576293945
        },
        {
            "height": 54.974998474121094,
            "label": "person",
            "left": 44.006248474121094,
            "top": 225.33749389648438,
            "width": 44.165626525878906
        },
        {
            "height": 137.859375,
            "label": "teddy bear",
            "left": 497.4937438964844,
            "top": 197.11874389648438,
            "width": 102.5062484741211
        },
        {
            "height": 64.74374389648438,
            "label": "teddy bear",
            "left": 495.9750061035156,
            "top": 138.3093719482422,
            "width": 45.48750305175781
        },
        {
            "height": 27.740625381469727,
            "label": "person",
            "left": 130.8937530517578,
            "top": 182.49374389648438,
            "width": 16.846874237060547
        },
        {
            "height": 64.6312484741211,
            "label": "person",
            "left": 204.21563720703125,
            "top": 189.0,
            "width": 18.271875381469727
        },
        {
            "height": 42.87187576293945,
            "label": "person",
            "left": 189.90000915527344,
            "top": 178.9031219482422,
            "width": 16.921875
        },
        {
            "height": 29.765625,
            "label": "person",
            "left": 107.92500305175781,
            "top": 183.5625,
            "width": 26.437501907348633
        },
        {
            "height": 20.868751525878906,
            "label": "person",
            "left": 242.11875915527344,
            "top": 169.3406219482422,
            "width": 16.490625381469727
        },
        {
            "height": 7.846875190734863,
            "label": "person",
            "left": 24.28125,
            "top": 187.19998168945312,
            "width": 3.328125
        },
        {
            "height": 59.32500076293945,
            "label": "teddy bear",
            "left": 522.1500244140625,
            "top": 137.49375915527344,
            "width": 52.50937271118164
        },
        {
            "height": 50.92500305175781,
            "label": "teddy bear",
            "left": 533.015625,
            "top": 100.4625015258789,
            "width": 43.20000076293945
        },
        {
            "height": 58.10625076293945,
            "label": "person",
            "left": 156.06561279296875,
            "top": 198.7312469482422,
            "width": 16.265625
        },
        {
            "height": 10.143750190734863,
            "label": "person",
            "left": 59.71875,
            "top": 186.609375,
            "width": 4.931250095367432
        }
    ]
}