{
    "image_id": 145597,
    "seq": [
        {
            "height": 53.40937423706055,
            "label": "bottle",
            "left": 281.3062438964844,
            "top": 284.765625,
            "width": 51.881248474121094
        },
        {
            "height": 32.55000305175781,
            "label": "bottle",
            "left": 100.08750915527344,
            "top": 217.11563110351562,
            "width": 69.01875305175781
        },
        {
            "height": 34.875,
            "label": "cup",
            "left": 336.90936279296875,
            "top": 304.6875,
            "width": 21.834375381469727
        },
        {
            "height": 117.0093765258789,
            "label": "handbag",
            "left": 155.953125,
            "top": 332.9906311035156,
            "width": 91.3125
        },
        {
            "height": 195.99374389648438,
            "label": "person",
            "left": 296.22186279296875,
            "top": 9.721874237060547,
            "width": 149.0437469482422
        },
        {
            "height": 217.41561889648438,
            "label": "person",
            "left": 446.9625244140625,
            "top": 31.349998474121094,
            "width": 153.03750610351562
        },
        {
            "height": 334.3687438964844,
            "label": "person",
            "left": 332.9624938964844,
            "top": 115.6312484741211,
            "width": 267.0375061035156
        },
        {
            "height": 388.7624816894531,
            "label": "person",
            "left": 0.0,
            "top": 61.23749923706055,
            "width": 185.7375030517578
        },
        {
            "height": 185.0625,
            "label": "person",
            "left": 35.390625,
            "top": 12.13124942779541,
            "width": 115.28437805175781
        },
        {
            "height": 57.62812805175781,
            "label": "handbag",
            "left": 417.4312744140625,
            "top": 146.71875,
            "width": 48.609375
        },
        {
            "height": 34.978126525878906,
            "label": "bottle",
            "left": 92.5406265258789,
            "top": 206.49374389648438,
            "width": 75.8343734741211
        },
        {
            "height": 18.28125,
            "label": "wine glass",
            "left": 277.14373779296875,
            "top": 149.99063110351562,
            "width": 14.15625
        },
        {
            "height": 30.384374618530273,
            "label": "cup",
            "left": 279.8531494140625,
            "top": 253.34063720703125,
            "width": 24.412500381469727
        },
        {
            "height": 13.85624885559082,
            "label": "orange",
            "left": 347.8781433105469,
            "top": 264.4031066894531,
            "width": 13.04062557220459
        },
        {
            "height": 7.865625381469727,
            "label": "orange",
            "left": 361.38751220703125,
            "top": 268.37811279296875,
            "width": 9.937500953674316
        },
        {
            "height": 9.17812442779541,
            "label": "orange",
            "left": 352.7812194824219,
            "top": 272.5874938964844,
            "width": 11.793749809265137
        },
        {
            "height": 9.52500057220459,
            "label": "orange",
            "left": 358.2562561035156,
            "top": 261.65625,
            "width": 11.49375057220459
        },
        {
            "height": 3.1312499046325684,
            "label": "orange",
            "left": 364.1437683105469,
            "top": 239.28750610351562,
            "width": 6.46875
        },
        {
            "height": 16.85624885559082,
            "label": "orange",
            "left": 354.2437438964844,
            "top": 281.625,
            "width": 15.11250114440918
        }
    ]
}