{
    "image_id": 145597,
    "seq": [
        {
            "height": 71.2125,
            "label": "bottle",
            "left": 280.8375,
            "top": 379.0625,
            "width": 51.88125
        },
        {
            "height": 43.4,
            "label": "bottle",
            "left": 99.61876220703125,
            "top": 288.8625,
            "width": 69.01875
        },
        {
            "height": 46.5,
            "label": "cup",
            "left": 336.4406494140625,
            "top": 405.625,
            "width": 21.834376525878906
        },
        {
            "height": 156.0125,
            "label": "handbag",
            "left": 155.484375,
            "top": 443.36243489583336,
            "width": 91.31249389648437
        },
        {
            "height": 261.325,
            "label": "person",
            "left": 295.7531005859375,
            "top": 12.337481689453124,
            "width": 149.04375
        },
        {
            "height": 289.8875,
            "label": "person",
            "left": 446.49375,
            "top": 41.174991861979166,
            "width": 153.0375244140625
        },
        {
            "height": 445.825,
            "label": "person",
            "left": 332.49375,
            "top": 153.55,
            "width": 267.0375
        },
        {
            "height": 518.35,
            "label": "person",
            "left": 0.0,
            "top": 81.02500813802084,
            "width": 185.7375
        },
        {
            "height": 246.75,
            "label": "person",
            "left": 34.921875,
            "top": 15.55002950032552,
            "width": 115.284375
        },
        {
            "height": 76.8375,
            "label": "handbag",
            "left": 416.9625,
            "top": 195.0,
            "width": 48.609375
        },
        {
            "height": 46.6375,
            "label": "bottle",
            "left": 92.071875,
            "top": 274.7,
            "width": 75.834375
        },
        {
            "height": 24.375,
            "label": "wine glass",
            "left": 276.6750244140625,
            "top": 199.36248372395832,
            "width": 14.15625
        },
        {
            "height": 40.5125,
            "label": "cup",
            "left": 279.384375,
            "top": 337.16246744791664,
            "width": 24.412501525878906
        },
        {
            "height": 18.47499796549479,
            "label": "orange",
            "left": 347.4093505859375,
            "top": 351.91253255208335,
            "width": 13.040625
        },
        {
            "height": 10.4875,
            "label": "orange",
            "left": 360.91875,
            "top": 357.2125,
            "width": 9.9375
        },
        {
            "height": 12.2375,
            "label": "orange",
            "left": 352.3125,
            "top": 362.82496744791666,
            "width": 11.79375
        },
        {
            "height": 12.7,
            "label": "orange",
            "left": 357.7875244140625,
            "top": 348.25,
            "width": 11.49375
        },
        {
            "height": 4.175,
            "label": "orange",
            "left": 363.6750244140625,
            "top": 318.425,
            "width": 6.46875
        },
        {
            "height": 22.475,
            "label": "orange",
            "left": 353.7749755859375,
            "top": 374.875,
            "width": 15.112501525878907
        }
    ]
}