{
    "image_id": 145620,
    "seq": [
        {
            "height": 49.52812576293945,
            "label": "person",
            "left": 464.3718566894531,
            "top": 64.50936889648438,
            "width": 15.637499809265137
        },
        {
            "height": 51.993751525878906,
            "label": "person",
            "left": 488.5968322753906,
            "top": 63.86250305175781,
            "width": 12.328124046325684
        },
        {
            "height": 153.39373779296875,
            "label": "person",
            "left": 284.74688720703125,
            "top": 87.26250457763672,
            "width": 110.22187805175781
        },
        {
            "height": 49.36874771118164,
            "label": "person",
            "left": 481.7343444824219,
            "top": 63.374996185302734,
            "width": 9.52500057220459
        },
        {
            "height": 157.6875,
            "label": "motorcycle",
            "left": 281.9812316894531,
            "top": 146.0625,
            "width": 122.97187042236328
        }
    ]
}