{
    "image_id": 145620,
    "seq": [
        {
            "height": 72.70183934202981,
            "label": "person",
            "left": 463.903125,
            "top": 94.00460507454129,
            "width": 15.6375
        },
        {
            "height": 76.3211009174312,
            "label": "person",
            "left": 488.128125,
            "top": 93.05506379013761,
            "width": 12.328125
        },
        {
            "height": 225.1651376146789,
            "label": "person",
            "left": 284.278125,
            "top": 127.40367868405963,
            "width": 110.221875
        },
        {
            "height": 72.46788542861239,
            "label": "person",
            "left": 481.265625,
            "top": 92.33944954128441,
            "width": 9.525
        },
        {
            "height": 231.4678899082569,
            "label": "motorcycle",
            "left": 281.5125,
            "top": 213.71559633027522,
            "width": 122.971875
        }
    ]
}