{
    "image_id": 145781,
    "seq": [
        {
            "height": 319.0874938964844,
            "label": "dog",
            "left": 3.637500047683716,
            "top": 0.0,
            "width": 562.7249755859375
        },
        {
            "height": 259.9875183105469,
            "label": "bottle",
            "left": 291.9656066894531,
            "top": 190.0124969482422,
            "width": 308.0343933105469
        },
        {
            "height": 129.4031219482422,
            "label": "bottle",
            "left": 0.0,
            "top": 156.046875,
            "width": 90.76875305175781
        }
    ]
}