{
    "image_id": 145781,
    "seq": [
        {
            "height": 425.44996744791666,
            "label": "dog",
            "left": 3.1687618255615235,
            "top": 0.0,
            "width": 562.725
        },
        {
            "height": 346.65,
            "label": "bottle",
            "left": 291.496875,
            "top": 252.72498372395833,
            "width": 308.034375
        },
        {
            "height": 172.5375,
            "label": "bottle",
            "left": 0.0,
            "top": 207.43748372395834,
            "width": 90.76875
        }
    ]
}