{
    "image_id": 146155,
    "seq": [
        {
            "height": 463.21875,
            "label": "person",
            "left": 147.02813720703125,
            "top": 16.78125,
            "width": 212.2781219482422
        },
        {
            "height": 376.60308837890625,
            "label": "person",
            "left": 5.681250095367432,
            "top": 103.39688110351562,
            "width": 175.40626525878906
        },
        {
            "height": 104.77500915527344,
            "label": "person",
            "left": 101.64375305175781,
            "top": 114.7125015258789,
            "width": 78.58125305175781
        },
        {
            "height": 220.1531219482422,
            "label": "person",
            "left": 533.0906372070312,
            "top": 160.97813415527344,
            "width": 66.90937805175781
        },
        {
            "height": 83.01563262939453,
            "label": "wine glass",
            "left": 124.46249389648438,
            "top": 197.33436584472656,
            "width": 31.60312271118164
        },
        {
            "height": 125.91561889648438,
            "label": "wine glass",
            "left": 456.3187561035156,
            "top": 267.984375,
            "width": 109.78125
        },
        {
            "height": 111.7125015258789,
            "label": "wine glass",
            "left": 308.5406188964844,
            "top": 135.1687469482422,
            "width": 40.51874923706055
        },
        {
            "height": 131.07186889648438,
            "label": "person",
            "left": 0.0,
            "top": 348.40313720703125,
            "width": 32.87812423706055
        },
        {
            "height": 52.99687194824219,
            "label": "bottle",
            "left": 416.0531311035156,
            "top": 234.9562530517578,
            "width": 11.66249942779541
        },
        {
            "height": 54.58124923706055,
            "label": "bottle",
            "left": 437.765625,
            "top": 233.2781219482422,
            "width": 9.10312557220459
        },
        {
            "height": 57.506248474121094,
            "label": "bottle",
            "left": 445.5093688964844,
            "top": 231.0187530517578,
            "width": 12.140625
        },
        {
            "height": 57.96562576293945,
            "label": "bottle",
            "left": 454.1625061035156,
            "top": 229.7624969482422,
            "width": 14.0625
        },
        {
            "height": 52.42499923706055,
            "label": "bottle",
            "left": 413.9156494140625,
            "top": 162.4406280517578,
            "width": 12.487500190734863
        },
        {
            "height": 14.484375,
            "label": "bottle",
            "left": 374.0531005859375,
            "top": 190.359375,
            "width": 28.96875
        },
        {
            "height": 14.409374237060547,
            "label": "bottle",
            "left": 372.1125183105469,
            "top": 206.86874389648438,
            "width": 31.087499618530273
        },
        {
            "height": 15.09375,
            "label": "bottle",
            "left": 372.8531188964844,
            "top": 240.71250915527344,
            "width": 31.996875762939453
        },
        {
            "height": 43.256248474121094,
            "label": "bottle",
            "left": 418.2281188964844,
            "top": 318.11248779296875,
            "width": 11.30625057220459
        },
        {
            "height": 48.187503814697266,
            "label": "bottle",
            "left": 437.4750061035156,
            "top": 316.85626220703125,
            "width": 12.9375
        },
        {
            "height": 49.04062271118164,
            "label": "bottle",
            "left": 460.66876220703125,
            "top": 320.0718688964844,
            "width": 14.831250190734863
        },
        {
            "height": 56.13750076293945,
            "label": "bottle",
            "left": 424.9312438964844,
            "top": 233.2218780517578,
            "width": 13.30312442779541
        },
        {
            "height": 14.784375190734863,
            "label": "bottle",
            "left": 373.15313720703125,
            "top": 173.72811889648438,
            "width": 28.171873092651367
        }
    ]
}