{
    "image_id": 146155,
    "seq": [
        {
            "height": 579.0234375,
            "label": "person",
            "left": 146.55938720703125,
            "top": 20.390657424926758,
            "width": 212.278125
        },
        {
            "height": 470.75384521484375,
            "label": "person",
            "left": 5.212497711181641,
            "top": 128.66014099121094,
            "width": 175.40625
        },
        {
            "height": 130.96876525878906,
            "label": "person",
            "left": 101.175,
            "top": 142.80467224121094,
            "width": 78.58125
        },
        {
            "height": 275.19140625,
            "label": "person",
            "left": 532.621875,
            "top": 200.63670349121094,
            "width": 66.909375
        },
        {
            "height": 103.76953125,
            "label": "wine glass",
            "left": 123.99376220703125,
            "top": 246.08203125,
            "width": 31.603125
        },
        {
            "height": 157.39453125,
            "label": "wine glass",
            "left": 455.849951171875,
            "top": 334.3945007324219,
            "width": 109.78125
        },
        {
            "height": 139.640625,
            "label": "wine glass",
            "left": 308.0718505859375,
            "top": 168.37498474121094,
            "width": 40.51875
        },
        {
            "height": 163.83984375,
            "label": "person",
            "left": 0.0,
            "top": 434.91790771484375,
            "width": 32.878125
        },
        {
            "height": 66.24609375,
            "label": "bottle",
            "left": 415.584375,
            "top": 293.109375,
            "width": 11.662499237060548
        },
        {
            "height": 68.2265625,
            "label": "bottle",
            "left": 437.296875,
            "top": 291.0116882324219,
            "width": 9.103125
        },
        {
            "height": 71.88280487060547,
            "label": "bottle",
            "left": 445.040625,
            "top": 288.1875,
            "width": 12.140625
        },
        {
            "height": 72.45703125,
            "label": "bottle",
            "left": 453.69375,
            "top": 286.6171569824219,
            "width": 14.0625
        },
        {
            "height": 65.53125,
            "label": "bottle",
            "left": 413.446875,
            "top": 202.46484375,
            "width": 12.4875
        },
        {
            "height": 18.10546875,
            "label": "bottle",
            "left": 373.5843994140625,
            "top": 237.36326599121094,
            "width": 28.96875
        },
        {
            "height": 18.011716842651367,
            "label": "bottle",
            "left": 371.6437255859375,
            "top": 258.0,
            "width": 31.0875
        },
        {
            "height": 18.8671875,
            "label": "bottle",
            "left": 372.384375,
            "top": 300.3046569824219,
            "width": 31.996875
        },
        {
            "height": 54.0703125,
            "label": "bottle",
            "left": 417.759375,
            "top": 397.0547180175781,
            "width": 11.306251525878906
        },
        {
            "height": 60.234375,
            "label": "bottle",
            "left": 437.00625,
            "top": 395.484375,
            "width": 12.9375
        },
        {
            "height": 61.300777435302734,
            "label": "bottle",
            "left": 460.2,
            "top": 399.50390625,
            "width": 14.83125
        },
        {
            "height": 70.171875,
            "label": "bottle",
            "left": 424.4625,
            "top": 290.94140625,
            "width": 13.303123474121094
        },
        {
            "height": 18.48046875,
            "label": "bottle",
            "left": 372.684375,
            "top": 216.57421875,
            "width": 28.171875
        }
    ]
}