{
    "image_id": 146363,
    "seq": [
        {
            "height": 174.947998046875,
            "label": "umbrella",
            "left": 261.9119873046875,
            "top": 101.12399291992188,
            "width": 306.40802001953125
        },
        {
            "height": 111.37199401855469,
            "label": "chair",
            "left": 255.156005859375,
            "top": 264.0,
            "width": 245.50799560546875
        },
        {
            "height": 76.53600311279297,
            "label": "chair",
            "left": 125.35200500488281,
            "top": 373.4639892578125,
            "width": 141.60000610351562
        }
    ]
}