{
    "image_id": 146358,
    "seq": [
        {
            "height": 332.0812683105469,
            "label": "person",
            "left": 167.15625,
            "top": 87.8062515258789,
            "width": 128.35311889648438
        },
        {
            "height": 63.35625457763672,
            "label": "chair",
            "left": 64.52812957763672,
            "top": 168.10311889648438,
            "width": 76.6312484741211
        },
        {
            "height": 75.89061737060547,
            "label": "tie",
            "left": 252.7218780517578,
            "top": 173.671875,
            "width": 24.768749237060547
        },
        {
            "height": 149.75625610351562,
            "label": "cake",
            "left": 20.118749618530273,
            "top": 245.89688110351562,
            "width": 135.1125030517578
        },
        {
            "height": 36.881248474121094,
            "label": "wine glass",
            "left": 97.28437042236328,
            "top": 207.63748168945312,
            "width": 10.83750057220459
        },
        {
            "height": 59.12812805175781,
            "label": "chair",
            "left": 0.0,
            "top": 167.87814331054688,
            "width": 40.087501525878906
        },
        {
            "height": 465.1875305175781,
            "label": "person",
            "left": 229.63124084472656,
            "top": 106.66875457763672,
            "width": 133.3312530517578
        },
        {
            "height": 76.73436737060547,
            "label": "person",
            "left": 145.6218719482422,
            "top": 125.7093734741211,
            "width": 58.040626525878906
        },
        {
            "height": 19.57499885559082,
            "label": "knife",
            "left": 179.92498779296875,
            "top": 242.80311584472656,
            "width": 52.55624771118164
        },
        {
            "height": 62.240623474121094,
            "label": "person",
            "left": 134.44688415527344,
            "top": 134.015625,
            "width": 39.80624771118164
        },
        {
            "height": 226.1999969482422,
            "label": "dining table",
            "left": 2.25,
            "top": 344.73748779296875,
            "width": 256.0124816894531
        }
    ]
}