{
    "image_id": 146363,
    "seq": [
        {
            "height": 233.26397916666667,
            "label": "umbrella",
            "left": 261.31196875,
            "top": 134.03198958333334,
            "width": 306.408
        },
        {
            "height": 148.496,
            "label": "chair",
            "left": 254.555984375,
            "top": 351.2,
            "width": 245.508
        },
        {
            "height": 102.048,
            "label": "chair",
            "left": 124.7520078125,
            "top": 497.1519583333333,
            "width": 141.6
        }
    ]
}