{
    "image_id": 146358,
    "seq": [
        {
            "height": 332.08125,
            "label": "person",
            "left": 274.9484536082474,
            "top": 87.33748168945313,
            "width": 211.7164948453608
        },
        {
            "height": 63.35625,
            "label": "chair",
            "left": 105.66494845360825,
            "top": 167.634375,
            "width": 126.4020618556701
        },
        {
            "height": 75.890625,
            "label": "tie",
            "left": 416.08762886597935,
            "top": 173.20313720703126,
            "width": 40.855670103092784
        },
        {
            "height": 149.75625,
            "label": "cake",
            "left": 32.41237616784794,
            "top": 245.428125,
            "width": 222.8659793814433
        },
        {
            "height": 36.88125,
            "label": "wine glass",
            "left": 159.69588635631445,
            "top": 207.1687255859375,
            "width": 17.876289918250645
        },
        {
            "height": 59.128125,
            "label": "chair",
            "left": 0.0,
            "top": 167.40936279296875,
            "width": 66.1237163740335
        },
        {
            "height": 465.1875,
            "label": "person",
            "left": 378.0,
            "top": 106.19998779296876,
            "width": 219.9278350515464
        },
        {
            "height": 76.73436889648437,
            "label": "person",
            "left": 239.4278350515464,
            "top": 125.240625,
            "width": 95.73711340206185
        },
        {
            "height": 19.574996948242188,
            "label": "knife",
            "left": 296.0103092783505,
            "top": 242.334375,
            "width": 86.69072164948453
        },
        {
            "height": 62.240625,
            "label": "person",
            "left": 220.99484536082474,
            "top": 133.54688720703126,
            "width": 65.65979381443299
        },
        {
            "height": 226.2,
            "label": "dining table",
            "left": 2.9381525098663017,
            "top": 344.26875,
            "width": 422.28861952319585
        }
    ]
}