{
    "image_id": 146498,
    "seq": [
        {
            "height": 8.699999809265137,
            "label": "car",
            "left": 100.49999237060547,
            "top": 284.50311279296875,
            "width": 17.859375
        },
        {
            "height": 8.137500762939453,
            "label": "car",
            "left": 121.78125,
            "top": 279.1031188964844,
            "width": 7.631249904632568
        },
        {
            "height": 4.809375286102295,
            "label": "car",
            "left": 105.81562805175781,
            "top": 257.4093933105469,
            "width": 14.193750381469727
        },
        {
            "height": 4.6875,
            "label": "car",
            "left": 122.98123931884766,
            "top": 255.234375,
            "width": 12.83437442779541
        },
        {
            "height": 7.734375,
            "label": "car",
            "left": 102.375,
            "top": 261.1687316894531,
            "width": 16.771873474121094
        },
        {
            "height": 2.700000047683716,
            "label": "car",
            "left": 93.8343734741211,
            "top": 257.6343688964844,
            "width": 8.868749618530273
        }
    ]
}