{
    "image_id": 146498,
    "seq": [
        {
            "height": 11.6,
            "label": "car",
            "left": 100.03125,
            "top": 378.71246744791665,
            "width": 17.859375
        },
        {
            "height": 10.85,
            "label": "car",
            "left": 121.3125,
            "top": 371.5125,
            "width": 7.63125
        },
        {
            "height": 6.4125,
            "label": "car",
            "left": 105.346875,
            "top": 342.5875,
            "width": 14.19375
        },
        {
            "height": 6.25,
            "label": "car",
            "left": 122.51248779296876,
            "top": 339.6875,
            "width": 12.834375
        },
        {
            "height": 10.3125,
            "label": "car",
            "left": 101.90625,
            "top": 347.59996744791664,
            "width": 16.771875
        },
        {
            "height": 3.600000254313151,
            "label": "car",
            "left": 93.36563110351562,
            "top": 342.8875,
            "width": 8.86875
        }
    ]
}