{
    "image_id": 146489,
    "seq": [
        {
            "height": 299.4656066894531,
            "label": "bottle",
            "left": 169.03125,
            "top": 3.374999761581421,
            "width": 103.89374542236328
        },
        {
            "height": 128.42813110351562,
            "label": "cell phone",
            "left": 1.0125000476837158,
            "top": 262.1625061035156,
            "width": 81.90937805175781
        },
        {
            "height": 310.0687255859375,
            "label": "wine glass",
            "left": 1.0031250715255737,
            "top": 74.59687042236328,
            "width": 189.2624969482422
        },
        {
            "height": 110.22187805175781,
            "label": "pizza",
            "left": 297.29998779296875,
            "top": 135.50624084472656,
            "width": 291.2437438964844
        },
        {
            "height": 447.86248779296875,
            "label": "dining table",
            "left": 2.0250000953674316,
            "top": 2.137500047683716,
            "width": 597.9750366210938
        },
        {
            "height": 160.1437530517578,
            "label": "wine glass",
            "left": 65.4937515258789,
            "top": 0.0,
            "width": 118.3125
        }
    ]
}