{
    "image_id": 146489,
    "seq": [
        {
            "height": 399.2875,
            "label": "bottle",
            "left": 168.5625,
            "top": 3.8750289916992187,
            "width": 103.89375
        },
        {
            "height": 171.2375,
            "label": "cell phone",
            "left": 0.5437463760375977,
            "top": 348.92503255208334,
            "width": 81.909375
        },
        {
            "height": 413.425,
            "label": "wine glass",
            "left": 0.5343765258789063,
            "top": 98.83751627604167,
            "width": 189.2625
        },
        {
            "height": 146.9625,
            "label": "pizza",
            "left": 296.83125,
            "top": 180.05001627604167,
            "width": 291.24375
        },
        {
            "height": 597.15,
            "label": "dining table",
            "left": 1.5562176704406738,
            "top": 2.22504145304362,
            "width": 597.975048828125
        },
        {
            "height": 213.52501627604167,
            "label": "wine glass",
            "left": 65.025,
            "top": 0.0,
            "width": 118.3125
        }
    ]
}