{
    "image_id": 146457,
    "seq": [
        {
            "height": 63.90000534057617,
            "label": "bottle",
            "left": 326.8031311035156,
            "top": 40.63125228881836,
            "width": 21.103124618530273
        },
        {
            "height": 61.78125,
            "label": "bottle",
            "left": 476.0343933105469,
            "top": 55.078125,
            "width": 33.21562576293945
        },
        {
            "height": 86.55937194824219,
            "label": "chair",
            "left": 1.0125000476837158,
            "top": 268.9875183105469,
            "width": 92.0250015258789
        },
        {
            "height": 241.1437530517578,
            "label": "dining table",
            "left": 0.0,
            "top": 203.4187469482422,
            "width": 583.9500122070312
        },
        {
            "height": 340.546875,
            "label": "person",
            "left": 0.0,
            "top": 0.0,
            "width": 247.1343536376953
        },
        {
            "height": 247.75311279296875,
            "label": "person",
            "left": 166.8562469482422,
            "top": 0.0,
            "width": 147.6374969482422
        },
        {
            "height": 75.47813415527344,
            "label": "bowl",
            "left": 536.3062744140625,
            "top": 374.5218505859375,
            "width": 63.69375228881836
        },
        {
            "height": 49.99687576293945,
            "label": "bottle",
            "left": 544.5375366210938,
            "top": 74.5218734741211,
            "width": 18.15937614440918
        },
        {
            "height": 30.899999618530273,
            "label": "bottle",
            "left": 469.2093811035156,
            "top": 82.9124984741211,
            "width": 8.699999809265137
        },
        {
            "height": 47.521873474121094,
            "label": "pizza",
            "left": 362.0250244140625,
            "top": 228.5437469482422,
            "width": 128.42813110351562
        },
        {
            "height": 47.625,
            "label": "pizza",
            "left": 301.8843688964844,
            "top": 258.3843688964844,
            "width": 119.0625
        },
        {
            "height": 94.1156234741211,
            "label": "bottle",
            "left": 507.35626220703125,
            "top": 177.85313415527344,
            "width": 52.91250228881836
        },
        {
            "height": 18.26249885559082,
            "label": "bottle",
            "left": 188.765625,
            "top": 40.66875457763672,
            "width": 9.056249618530273
        }
    ]
}