{
    "image_id": 146457,
    "seq": [
        {
            "height": 85.20000813802083,
            "label": "bottle",
            "left": 326.3343994140625,
            "top": 53.549991861979166,
            "width": 21.103123474121094
        },
        {
            "height": 82.375,
            "label": "bottle",
            "left": 475.565576171875,
            "top": 72.81248372395834,
            "width": 33.215625
        },
        {
            "height": 115.4125,
            "label": "chair",
            "left": 0.543750810623169,
            "top": 358.02496744791665,
            "width": 92.02500610351562
        },
        {
            "height": 321.525,
            "label": "dining table",
            "left": 0.0,
            "top": 270.59996744791664,
            "width": 583.95
        },
        {
            "height": 454.0625,
            "label": "person",
            "left": 0.0,
            "top": 0.0,
            "width": 247.1343505859375
        },
        {
            "height": 330.3375,
            "label": "person",
            "left": 166.3875,
            "top": 0.0,
            "width": 147.6375
        },
        {
            "height": 100.63751627604167,
            "label": "bowl",
            "left": 535.8375,
            "top": 498.7375,
            "width": 63.69375
        },
        {
            "height": 66.66250406901041,
            "label": "bottle",
            "left": 544.068798828125,
            "top": 98.73750813802083,
            "width": 18.159376525878905
        },
        {
            "height": 41.2,
            "label": "bottle",
            "left": 468.740625,
            "top": 109.92501627604166,
            "width": 8.7
        },
        {
            "height": 63.3625,
            "label": "pizza",
            "left": 361.55625,
            "top": 304.1,
            "width": 128.428125
        },
        {
            "height": 63.5,
            "label": "pizza",
            "left": 301.415625,
            "top": 343.8875325520833,
            "width": 119.0625
        },
        {
            "height": 125.4875,
            "label": "bottle",
            "left": 506.887548828125,
            "top": 236.51248372395833,
            "width": 52.9125
        },
        {
            "height": 24.35,
            "label": "bottle",
            "left": 188.29686279296874,
            "top": 53.59998779296875,
            "width": 9.05625
        }
    ]
}