{
    "image_id": 146667,
    "seq": [
        {
            "height": 91.28437805175781,
            "label": "car",
            "left": 545.5219116210938,
            "top": 2.4468748569488525,
            "width": 54.47812271118164
        },
        {
            "height": 50.50312423706055,
            "label": "car",
            "left": 98.93437194824219,
            "top": 0.40312501788139343,
            "width": 124.61249542236328
        },
        {
            "height": 451.9406433105469,
            "label": "motorcycle",
            "left": 4.537500381469727,
            "top": 43.15312194824219,
            "width": 480.3374938964844
        },
        {
            "height": 252.0843963623047,
            "label": "person",
            "left": 236.19375610351562,
            "top": 35.203125,
            "width": 191.90625
        },
        {
            "height": 119.11874389648438,
            "label": "person",
            "left": 152.53125,
            "top": 1.4812500476837158,
            "width": 42.703125
        },
        {
            "height": 113.578125,
            "label": "person",
            "left": 60.224998474121094,
            "top": 16.396875381469727,
            "width": 42.431251525878906
        },
        {
            "height": 99.40312194824219,
            "label": "person",
            "left": 506.8968811035156,
            "top": 22.781248092651367,
            "width": 39.91875457763672
        },
        {
            "height": 107.03437042236328,
            "label": "person",
            "left": 496.84686279296875,
            "top": 8.831250190734863,
            "width": 18.009374618530273
        },
        {
            "height": 65.84062957763672,
            "label": "person",
            "left": 404.88751220703125,
            "top": 13.443750381469727,
            "width": 42.87187576293945
        },
        {
            "height": 56.71875,
            "label": "person",
            "left": 313.4156188964844,
            "top": 23.465625762939453,
            "width": 25.621875762939453
        },
        {
            "height": 111.60938262939453,
            "label": "person",
            "left": 25.33125114440918,
            "top": 23.41874885559082,
            "width": 47.56875228881836
        },
        {
            "height": 97.9781265258789,
            "label": "person",
            "left": 479.2030944824219,
            "top": 14.25937557220459,
            "width": 23.690624237060547
        },
        {
            "height": 19.95937728881836,
            "label": "person",
            "left": 139.95936584472656,
            "top": 46.631248474121094,
            "width": 20.915624618530273
        },
        {
            "height": 35.79375076293945,
            "label": "backpack",
            "left": 151.8937530517578,
            "top": 16.462499618530273,
            "width": 29.137500762939453
        },
        {
            "height": 40.256248474121094,
            "label": "handbag",
            "left": 19.88437271118164,
            "top": 39.64687728881836,
            "width": 29.97187614440918
        },
        {
            "height": 38.50312423706055,
            "label": "handbag",
            "left": 66.63750457763672,
            "top": 35.15625,
            "width": 25.528125762939453
        },
        {
            "height": 23.47500228881836,
            "label": "handbag",
            "left": 215.953125,
            "top": 100.89375305175781,
            "width": 11.90625
        },
        {
            "height": 31.959373474121094,
            "label": "handbag",
            "left": 404.9156494140625,
            "top": 46.70624923706055,
            "width": 21.196876525878906
        },
        {
            "height": 35.32500076293945,
            "label": "handbag",
            "left": 350.3062744140625,
            "top": 21.91874885559082,
            "width": 13.265625
        },
        {
            "height": 51.57187271118164,
            "label": "handbag",
            "left": 386.0062561035156,
            "top": 121.86563110351562,
            "width": 29.98124885559082
        },
        {
            "height": 3.2250001430511475,
            "label": "apple",
            "left": 374.6812438964844,
            "top": 28.753124237060547,
            "width": 3.6187498569488525
        },
        {
            "height": 38.765621185302734,
            "label": "person",
            "left": 447.84375,
            "top": 15.637499809265137,
            "width": 37.34062576293945
        },
        {
            "height": 31.171875,
            "label": "handbag",
            "left": 327.55316162109375,
            "top": 48.50625228881836,
            "width": 28.84687614440918
        },
        {
            "height": 179.9343719482422,
            "label": "person",
            "left": 214.4250030517578,
            "top": 4.640625,
            "width": 44.98124694824219
        }
    ]
}