{
    "image_id": 146667,
    "seq": [
        {
            "height": 108.3896103896104,
            "label": "car",
            "left": 545.053125,
            "top": 2.3487872688137754,
            "width": 54.478125
        },
        {
            "height": 59.966608447356215,
            "label": "car",
            "left": 98.465625,
            "top": 0.0,
            "width": 124.6125
        },
        {
            "height": 536.6270871985158,
            "label": "motorcycle",
            "left": 4.068732452392578,
            "top": 50.68274582560297,
            "width": 480.3375
        },
        {
            "height": 299.32099373840447,
            "label": "person",
            "left": 235.7250244140625,
            "top": 41.24303904800556,
            "width": 191.90625
        },
        {
            "height": 141.43970315398886,
            "label": "person",
            "left": 152.06251220703126,
            "top": 1.202239027713358,
            "width": 42.703125
        },
        {
            "height": 134.860853432282,
            "label": "person",
            "left": 59.75625,
            "top": 18.912810543251393,
            "width": 42.431253051757814
        },
        {
            "height": 118.02968460111317,
            "label": "person",
            "left": 506.428125,
            "top": 26.493506493506494,
            "width": 39.91875305175781
        },
        {
            "height": 127.0909090909091,
            "label": "person",
            "left": 496.378173828125,
            "top": 9.92950541367115,
            "width": 18.009373474121094
        },
        {
            "height": 78.1781148538961,
            "label": "person",
            "left": 404.41875,
            "top": 15.406311601345083,
            "width": 42.871875
        },
        {
            "height": 67.34693877551021,
            "label": "person",
            "left": 312.9468994140625,
            "top": 27.306120637175326,
            "width": 25.621875
        },
        {
            "height": 132.52319109461968,
            "label": "person",
            "left": 24.8625,
            "top": 27.250456574675326,
            "width": 47.568756103515625
        },
        {
            "height": 116.33766233766234,
            "label": "person",
            "left": 478.734375,
            "top": 16.374759030032468,
            "width": 23.690625
        },
        {
            "height": 23.699445225533395,
            "label": "person",
            "left": 139.49063720703126,
            "top": 54.812605084647494,
            "width": 20.915625
        },
        {
            "height": 42.500927643784784,
            "label": "backpack",
            "left": 151.42498779296875,
            "top": 18.990714503130796,
            "width": 29.1375
        },
        {
            "height": 47.79962169526902,
            "label": "handbag",
            "left": 19.415623474121094,
            "top": 46.51946964865492,
            "width": 29.971875
        },
        {
            "height": 45.71799628942486,
            "label": "handbag",
            "left": 66.16875,
            "top": 41.187387668135436,
            "width": 25.528125
        },
        {
            "height": 27.873842257073285,
            "label": "handbag",
            "left": 215.484375,
            "top": 119.24302817717997,
            "width": 11.90625
        },
        {
            "height": 37.94805194805195,
            "label": "handbag",
            "left": 404.446875,
            "top": 54.901669758812616,
            "width": 21.196875
        },
        {
            "height": 41.9443413729128,
            "label": "handbag",
            "left": 349.8374755859375,
            "top": 25.469391378710576,
            "width": 13.265625
        },
        {
            "height": 61.23562152133581,
            "label": "handbag",
            "left": 385.5375,
            "top": 144.14469793599258,
            "width": 29.98125
        },
        {
            "height": 3.829313543599258,
            "label": "apple",
            "left": 374.2125,
            "top": 33.58441196080705,
            "width": 3.6187496185302734
        },
        {
            "height": 46.029684601113175,
            "label": "person",
            "left": 447.375,
            "top": 18.011128101808904,
            "width": 37.34062805175781
        },
        {
            "height": 37.01298701298701,
            "label": "handbag",
            "left": 327.0843505859375,
            "top": 57.038975533395174,
            "width": 28.846875
        },
        {
            "height": 213.6511914424861,
            "label": "person",
            "left": 213.95625,
            "top": 4.953607845837198,
            "width": 44.98125
        }
    ]
}