{
    "image_id": 146825,
    "seq": [
        {
            "height": 183.92811584472656,
            "label": "train",
            "left": 47.953128814697266,
            "top": 75.75936889648438,
            "width": 549.8156127929688
        },
        {
            "height": 44.099998474121094,
            "label": "person",
            "left": 52.25625228881836,
            "top": 138.6281280517578,
            "width": 9.140625
        },
        {
            "height": 54.02812576293945,
            "label": "person",
            "left": 10.415624618530273,
            "top": 136.7062530517578,
            "width": 18.881248474121094
        },
        {
            "height": 48.82500076293945,
            "label": "person",
            "left": 36.459373474121094,
            "top": 142.5656280517578,
            "width": 16.265625
        },
        {
            "height": 18.796873092651367,
            "label": "person",
            "left": 58.80937194824219,
            "top": 134.9250030517578,
            "width": 4.865624904632568
        },
        {
            "height": 57.89999771118164,
            "label": "person",
            "left": 23.606250762939453,
            "top": 130.22813415527344,
            "width": 19.865625381469727
        },
        {
            "height": 37.67812728881836,
            "label": "person",
            "left": 44.53125,
            "top": 133.8562469482422,
            "width": 11.240625381469727
        },
        {
            "height": 38.73749923706055,
            "label": "clock",
            "left": 295.9781188964844,
            "top": 16.200000762939453,
            "width": 29.756250381469727
        },
        {
            "height": 23.774999618530273,
            "label": "handbag",
            "left": 11.746874809265137,
            "top": 148.5,
            "width": 18.543750762939453
        },
        {
            "height": 8.84999942779541,
            "label": "handbag",
            "left": 52.61249923706055,
            "top": 155.49375915527344,
            "width": 7.331250190734863
        }
    ]
}