{
    "image_id": 146831,
    "seq": [
        {
            "height": 19.931249618530273,
            "label": "car",
            "left": 117.984375,
            "top": 124.70625305175781,
            "width": 83.89686584472656
        },
        {
            "height": 201.0749969482422,
            "label": "person",
            "left": 254.27813720703125,
            "top": 137.6437530517578,
            "width": 82.9124984741211
        },
        {
            "height": 59.240623474121094,
            "label": "skateboard",
            "left": 275.87811279296875,
            "top": 288.8812561035156,
            "width": 68.671875
        },
        {
            "height": 7.443750381469727,
            "label": "car",
            "left": 203.77499389648438,
            "top": 135.34686279296875,
            "width": 30.543750762939453
        },
        {
            "height": 146.21250915527344,
            "label": "person",
            "left": 1.1906250715255737,
            "top": 232.69688415527344,
            "width": 100.72500610351562
        }
    ]
}