{
    "image_id": 146825,
    "seq": [
        {
            "height": 380.9514563106796,
            "label": "train",
            "left": 47.4843994140625,
            "top": 155.94170964805826,
            "width": 549.815576171875
        },
        {
            "height": 91.33980582524272,
            "label": "person",
            "left": 51.7875,
            "top": 286.1553903721683,
            "width": 9.140625
        },
        {
            "height": 111.90291262135922,
            "label": "person",
            "left": 9.946875762939452,
            "top": 282.1747825647249,
            "width": 18.88125
        },
        {
            "height": 101.12621991302589,
            "label": "person",
            "left": 35.990625,
            "top": 294.310704894822,
            "width": 16.265625
        },
        {
            "height": 38.932038834951456,
            "label": "person",
            "left": 58.34061889648437,
            "top": 278.4854368932039,
            "width": 4.865625
        },
        {
            "height": 119.92231745550161,
            "label": "person",
            "left": 23.137501525878907,
            "top": 268.75725627022655,
            "width": 19.865623474121094
        },
        {
            "height": 78.03884127224919,
            "label": "person",
            "left": 44.0625,
            "top": 276.2718699433657,
            "width": 11.240625
        },
        {
            "height": 80.23300970873787,
            "label": "clock",
            "left": 295.509375,
            "top": 32.5825590362055,
            "width": 29.75625
        },
        {
            "height": 49.24271844660194,
            "label": "handbag",
            "left": 11.278123474121093,
            "top": 306.60189118122975,
            "width": 18.54375
        },
        {
            "height": 18.33009550718042,
            "label": "handbag",
            "left": 52.14375,
            "top": 321.0873533576052,
            "width": 7.33125
        }
    ]
}