{
    "image_id": 146831,
    "seq": [
        {
            "height": 29.803736036068926,
            "label": "car",
            "left": 117.515625,
            "top": 185.77568268107476,
            "width": 83.89686279296875
        },
        {
            "height": 300.67289719626166,
            "label": "person",
            "left": 253.809375,
            "top": 205.12147707359813,
            "width": 82.9125
        },
        {
            "height": 88.58411214953271,
            "label": "skateboard",
            "left": 275.409375,
            "top": 431.2709915303738,
            "width": 68.671875
        },
        {
            "height": 11.13084226233937,
            "label": "car",
            "left": 203.30623779296874,
            "top": 201.68693414135515,
            "width": 30.54375305175781
        },
        {
            "height": 218.63553227219626,
            "label": "person",
            "left": 0.7218763351440429,
            "top": 347.2570093457944,
            "width": 100.725
        }
    ]
}