{
    "image_id": 147223,
    "seq": [
        {
            "height": 128.7375030517578,
            "label": "car",
            "left": 1.453125,
            "top": 146.56874084472656,
            "width": 138.92813110351562
        },
        {
            "height": 54.36562728881836,
            "label": "car",
            "left": 40.01250076293945,
            "top": 132.99374389648438,
            "width": 107.97187805175781
        },
        {
            "height": 269.54998779296875,
            "label": "bus",
            "left": 147.234375,
            "top": 43.10625076293945,
            "width": 373.7343444824219
        },
        {
            "height": 25.153125762939453,
            "label": "car",
            "left": 546.9562377929688,
            "top": 97.3031234741211,
            "width": 11.287500381469727
        },
        {
            "height": 19.33125114440918,
            "label": "car",
            "left": 561.328125,
            "top": 92.1937484741211,
            "width": 38.671875
        }
    ]
}