{
    "image_id": 147223,
    "seq": [
        {
            "height": 228.86668836805555,
            "label": "car",
            "left": 0.9843707084655762,
            "top": 259.7333550347222,
            "width": 138.928125
        },
        {
            "height": 96.65,
            "label": "car",
            "left": 39.54374389648437,
            "top": 235.6,
            "width": 107.971875
        },
        {
            "height": 479.2,
            "label": "bus",
            "left": 146.76563720703126,
            "top": 75.80000542534722,
            "width": 373.7343505859375
        },
        {
            "height": 44.716669379340274,
            "label": "car",
            "left": 546.4875,
            "top": 172.14996744791668,
            "width": 11.2875
        },
        {
            "height": 34.36666937934028,
            "label": "car",
            "left": 560.859375,
            "top": 163.0666449652778,
            "width": 38.671875
        }
    ]
}