{
    "image_id": 147338,
    "seq": [
        {
            "height": 438.20625,
            "label": "fire hydrant",
            "left": 150.3875,
            "top": 87.16873168945312,
            "width": 316.4
        },
        {
            "height": 125.4,
            "label": "truck",
            "left": 1.1750101725260416,
            "top": 72.33749389648438,
            "width": 231.9125
        },
        {
            "height": 169.88438720703124,
            "label": "truck",
            "left": 233.0875,
            "top": 37.28437805175781,
            "width": 366.2875
        },
        {
            "height": 43.603128051757814,
            "label": "truck",
            "left": 510.5750325520833,
            "top": 24.421875,
            "width": 88.8
        },
        {
            "height": 17.41875,
            "label": "truck",
            "left": 0.0,
            "top": 93.85313110351562,
            "width": 62.61249593098958
        },
        {
            "height": 126.234375,
            "label": "car",
            "left": 0.0,
            "top": 70.83750610351562,
            "width": 231.34998372395833
        }
    ]
}