{
    "image_id": 147338,
    "seq": [
        {
            "height": 438.2062683105469,
            "label": "fire hydrant",
            "left": 113.25936889648438,
            "top": 87.63750457763672,
            "width": 237.3000030517578
        },
        {
            "height": 125.39999389648438,
            "label": "truck",
            "left": 1.350000023841858,
            "top": 72.8062515258789,
            "width": 173.9343719482422
        },
        {
            "height": 169.88438415527344,
            "label": "truck",
            "left": 175.2843780517578,
            "top": 37.75312423706055,
            "width": 274.7156066894531
        },
        {
            "height": 43.603126525878906,
            "label": "truck",
            "left": 383.3999938964844,
            "top": 24.890625,
            "width": 66.5999984741211
        },
        {
            "height": 17.418750762939453,
            "label": "truck",
            "left": 0.0,
            "top": 94.3218765258789,
            "width": 46.959373474121094
        },
        {
            "height": 126.23436737060547,
            "label": "car",
            "left": 0.0,
            "top": 71.3062515258789,
            "width": 173.5124969482422
        }
    ]
}