{
    "image_id": 147498,
    "seq": [
        {
            "height": 5.578124523162842,
            "label": "bird",
            "left": 289.5093688964844,
            "top": 264.9375,
            "width": 6.918750286102295
        },
        {
            "height": 8.953125,
            "label": "bird",
            "left": 348.68438720703125,
            "top": 172.82814025878906,
            "width": 7.012500286102295
        },
        {
            "height": 5.231249809265137,
            "label": "bird",
            "left": 209.15626525878906,
            "top": 317.3999938964844,
            "width": 8.38124942779541
        },
        {
            "height": 5.550000190734863,
            "label": "bird",
            "left": 326.41876220703125,
            "top": 230.25001525878906,
            "width": 8.44687557220459
        },
        {
            "height": 5.100000381469727,
            "label": "bird",
            "left": 186.10311889648438,
            "top": 344.04376220703125,
            "width": 6.318749904632568
        },
        {
            "height": 4.162499904632568,
            "label": "bird",
            "left": 164.8781280517578,
            "top": 353.3531494140625,
            "width": 4.162499904632568
        },
        {
            "height": 6.065624713897705,
            "label": "bird",
            "left": 154.921875,
            "top": 346.5656433105469,
            "width": 8.203125
        },
        {
            "height": 6.478124618530273,
            "label": "bird",
            "left": 193.78125,
            "top": 305.8500061035156,
            "width": 7.865625381469727
        },
        {
            "height": 6.553124904632568,
            "label": "bird",
            "left": 351.4593811035156,
            "top": 245.57814025878906,
            "width": 7.921874523162842
        },
        {
            "height": 7.293749809265137,
            "label": "bird",
            "left": 327.3374938964844,
            "top": 200.44688415527344,
            "width": 7.612499713897705
        },
        {
            "height": 9.065625190734863,
            "label": "bird",
            "left": 140.44686889648438,
            "top": 286.99688720703125,
            "width": 6.871874809265137
        },
        {
            "height": 8.15625,
            "label": "bird",
            "left": 162.2062530517578,
            "top": 270.44061279296875,
            "width": 8.793749809265137
        },
        {
            "height": 6.909374713897705,
            "label": "bird",
            "left": 302.0999755859375,
            "top": 224.5124969482422,
            "width": 9.46875
        },
        {
            "height": 4.378125190734863,
            "label": "bird",
            "left": 251.11874389648438,
            "top": 205.0031280517578,
            "width": 6.196875095367432
        },
        {
            "height": 7.03125,
            "label": "bird",
            "left": 270.609375,
            "top": 286.9593811035156,
            "width": 7.171875
        },
        {
            "height": 8.737500190734863,
            "label": "bird",
            "left": 339.9375305175781,
            "top": 145.36874389648438,
            "width": 9.346875190734863
        },
        {
            "height": 5.615624904632568,
            "label": "bird",
            "left": 276.3843688964844,
            "top": 151.6687469482422,
            "width": 8.84999942779541
        },
        {
            "height": 6.0,
            "label": "bird",
            "left": 178.13436889648438,
            "top": 376.5375061035156,
            "width": 7.528124809265137
        },
        {
            "height": 3.871875047683716,
            "label": "bird",
            "left": 213.43125915527344,
            "top": 306.7218933105469,
            "width": 4.59375
        },
        {
            "height": 6.984375,
            "label": "bird",
            "left": 262.47186279296875,
            "top": 266.5687561035156,
            "width": 6.665625095367432
        },
        {
            "height": 6.946875095367432,
            "label": "bird",
            "left": 273.2250061035156,
            "top": 278.3625183105469,
            "width": 8.512499809265137
        },
        {
            "height": 8.090625762939453,
            "label": "bird",
            "left": 167.03436279296875,
            "top": 296.6531066894531,
            "width": 8.540624618530273
        }
    ]
}