{
    "image_id": 147415,
    "seq": [
        {
            "height": 146.975,
            "label": "chair",
            "left": 64.24688110351562,
            "top": 177.125,
            "width": 243.7125
        },
        {
            "height": 585.175,
            "label": "person",
            "left": 330.2062255859375,
            "top": 5.099964396158854,
            "width": 269.325
        },
        {
            "height": 307.425,
            "label": "laptop",
            "left": 76.38751220703125,
            "top": 274.425,
            "width": 292.246875
        },
        {
            "height": 72.85,
            "label": "remote",
            "left": 23.915623474121094,
            "top": 525.9124674479167,
            "width": 43.36874694824219
        },
        {
            "height": 58.175,
            "label": "bottle",
            "left": 363.24375,
            "top": 377.6125,
            "width": 10.903125
        },
        {
            "height": 72.3125,
            "label": "keyboard",
            "left": 145.528125,
            "top": 447.91253255208335,
            "width": 163.828125
        },
        {
            "height": 63.475,
            "label": "bottle",
            "left": 374.5781494140625,
            "top": 374.19996744791666,
            "width": 26.728125
        },
        {
            "height": 56.0875,
            "label": "cup",
            "left": 434.184423828125,
            "top": 354.225,
            "width": 37.8
        },
        {
            "height": 167.8875,
            "label": "book",
            "left": 187.6125,
            "top": 417.7375,
            "width": 225.665625
        },
        {
            "height": 88.8375,
            "label": "book",
            "left": 84.85311889648438,
            "top": 502.48753255208334,
            "width": 91.171875
        }
    ]
}