{
    "image_id": 147415,
    "seq": [
        {
            "height": 110.23125457763672,
            "label": "chair",
            "left": 64.71562194824219,
            "top": 133.3125,
            "width": 243.7124786376953
        },
        {
            "height": 438.88128662109375,
            "label": "person",
            "left": 330.67498779296875,
            "top": 4.293749809265137,
            "width": 269.32501220703125
        },
        {
            "height": 230.56875610351562,
            "label": "laptop",
            "left": 76.85624694824219,
            "top": 206.28749084472656,
            "width": 292.24688720703125
        },
        {
            "height": 54.63750076293945,
            "label": "remote",
            "left": 24.384376525878906,
            "top": 394.90313720703125,
            "width": 43.36874771118164
        },
        {
            "height": 43.63125228881836,
            "label": "bottle",
            "left": 363.71246337890625,
            "top": 283.6781005859375,
            "width": 10.903124809265137
        },
        {
            "height": 54.234375,
            "label": "keyboard",
            "left": 145.9968719482422,
            "top": 336.4031066894531,
            "width": 163.828125
        },
        {
            "height": 47.60625076293945,
            "label": "bottle",
            "left": 375.0468444824219,
            "top": 281.1187438964844,
            "width": 26.728126525878906
        },
        {
            "height": 42.06562423706055,
            "label": "cup",
            "left": 434.6531066894531,
            "top": 266.13751220703125,
            "width": 37.79999923706055
        },
        {
            "height": 125.91561889648438,
            "label": "book",
            "left": 188.0812530517578,
            "top": 313.7718811035156,
            "width": 225.66563415527344
        },
        {
            "height": 66.62812042236328,
            "label": "book",
            "left": 85.3218765258789,
            "top": 377.3343811035156,
            "width": 91.171875
        }
    ]
}