{
    "image_id": 147498,
    "seq": [
        {
            "height": 6.812977099236641,
            "label": "bird",
            "left": 289.040625,
            "top": 323.01526717557255,
            "width": 6.91875
        },
        {
            "height": 10.935114503816793,
            "label": "bird",
            "left": 348.2156494140625,
            "top": 210.51525226622138,
            "width": 7.012500762939453
        },
        {
            "height": 6.3893129770992365,
            "label": "bird",
            "left": 208.6875,
            "top": 387.0916328721374,
            "width": 8.381249237060548
        },
        {
            "height": 6.778625954198473,
            "label": "bird",
            "left": 325.95,
            "top": 280.6488251431298,
            "width": 8.446875
        },
        {
            "height": 6.22900809950501,
            "label": "bird",
            "left": 185.63438720703124,
            "top": 419.63358778625957,
            "width": 6.318749618530274
        },
        {
            "height": 5.083969465648855,
            "label": "bird",
            "left": 164.409375,
            "top": 431.0038167938931,
            "width": 4.1625
        },
        {
            "height": 7.408396014730439,
            "label": "bird",
            "left": 154.453125,
            "top": 422.7137702767176,
            "width": 8.203125
        },
        {
            "height": 7.912213740458015,
            "label": "bird",
            "left": 193.31251220703126,
            "top": 372.9847626431298,
            "width": 7.865625
        },
        {
            "height": 8.00381679389313,
            "label": "bird",
            "left": 350.9906005859375,
            "top": 299.3702290076336,
            "width": 7.921875
        },
        {
            "height": 8.908396946564885,
            "label": "bird",
            "left": 326.86875,
            "top": 244.24809160305344,
            "width": 7.6125
        },
        {
            "height": 11.072519083969466,
            "label": "bird",
            "left": 139.97813720703124,
            "top": 349.9580152671756,
            "width": 6.871875
        },
        {
            "height": 9.961832061068701,
            "label": "bird",
            "left": 161.7375,
            "top": 329.73664122137404,
            "width": 8.79375
        },
        {
            "height": 8.438931297709924,
            "label": "bird",
            "left": 301.6312744140625,
            "top": 273.6412213740458,
            "width": 9.46875
        },
        {
            "height": 5.347328244274809,
            "label": "bird",
            "left": 250.6500244140625,
            "top": 249.8129920085878,
            "width": 6.196875
        },
        {
            "height": 8.587786259541986,
            "label": "bird",
            "left": 270.140625,
            "top": 349.912213740458,
            "width": 7.171875
        },
        {
            "height": 10.67175572519084,
            "label": "bird",
            "left": 339.46875,
            "top": 176.9770992366412,
            "width": 9.346875
        },
        {
            "height": 6.858778160036975,
            "label": "bird",
            "left": 275.915625,
            "top": 184.67175572519085,
            "width": 8.849999237060548
        },
        {
            "height": 7.328243808891937,
            "label": "bird",
            "left": 177.665625,
            "top": 459.32067032442745,
            "width": 7.528125
        },
        {
            "height": 4.729007633587786,
            "label": "bird",
            "left": 212.9625,
            "top": 374.0495885019084,
            "width": 4.59375
        },
        {
            "height": 8.530534351145038,
            "label": "bird",
            "left": 262.003125,
            "top": 325.00763358778624,
            "width": 6.665625
        },
        {
            "height": 8.48473282442748,
            "label": "bird",
            "left": 272.75625,
            "top": 339.41218392175574,
            "width": 8.5125
        },
        {
            "height": 9.881679389312977,
            "label": "bird",
            "left": 166.565625,
            "top": 361.7519083969466,
            "width": 8.540625
        }
    ]
}