{
    "image_id": 147518,
    "seq": [
        {
            "height": 161.7937469482422,
            "label": "toilet",
            "left": 106.51875305175781,
            "top": 415.05938720703125,
            "width": 130.78125
        },
        {
            "height": 48.45000076293945,
            "label": "sink",
            "left": 388.2937316894531,
            "top": 316.0968933105469,
            "width": 61.70624923706055
        },
        {
            "height": 129.00936889648438,
            "label": "toilet",
            "left": 151.25624084472656,
            "top": 296.4281311035156,
            "width": 147.28126525878906
        },
        {
            "height": 50.55937576293945,
            "label": "book",
            "left": 300.1125183105469,
            "top": 430.9406433105469,
            "width": 31.996875762939453
        }
    ]
}