{
    "image_id": 147518,
    "seq": [
        {
            "height": 161.79373779296876,
            "label": "toilet",
            "left": 141.39998372395834,
            "top": 414.590625,
            "width": 174.375
        },
        {
            "height": 48.45,
            "label": "sink",
            "left": 517.1,
            "top": 315.6281005859375,
            "width": 82.275
        },
        {
            "height": 129.009375,
            "label": "toilet",
            "left": 201.04998372395832,
            "top": 295.959375,
            "width": 196.375
        },
        {
            "height": 50.559375,
            "label": "book",
            "left": 399.525,
            "top": 430.471875,
            "width": 42.6625
        }
    ]
}