{
    "image_id": 147740,
    "seq": [
        {
            "height": 236.4,
            "label": "car",
            "left": 0.0,
            "top": 355.3875325520833,
            "width": 170.55936279296876
        },
        {
            "height": 257.15,
            "label": "person",
            "left": 3.6093772888183593,
            "top": 180.77501627604167,
            "width": 86.73749389648438
        },
        {
            "height": 233.3625,
            "label": "person",
            "left": 62.193756103515625,
            "top": 208.87503255208333,
            "width": 57.571868896484375
        },
        {
            "height": 165.04998372395832,
            "label": "person",
            "left": 99.3,
            "top": 275.6,
            "width": 35.484375
        },
        {
            "height": 143.875,
            "label": "person",
            "left": 358.275,
            "top": 160.35,
            "width": 39.478125
        },
        {
            "height": 223.825,
            "label": "person",
            "left": 180.5437744140625,
            "top": 366.11243489583336,
            "width": 245.7281005859375
        },
        {
            "height": 190.5875,
            "label": "banana",
            "left": 215.334375,
            "top": 156.56248372395834,
            "width": 150.35625
        },
        {
            "height": 68.275,
            "label": "banana",
            "left": 342.7593994140625,
            "top": 284.6875,
            "width": 27.703125
        },
        {
            "height": 42.2375,
            "label": "person",
            "left": 351.965625,
            "top": 179.61248372395832,
            "width": 17.878125
        },
        {
            "height": 233.3625,
            "label": "motorcycle",
            "left": 0.0,
            "top": 253.0125,
            "width": 83.99061889648438
        },
        {
            "height": 193.85,
            "label": "motorcycle",
            "left": 352.78125,
            "top": 257.70001627604165,
            "width": 51.384375
        },
        {
            "height": 159.3625,
            "label": "handbag",
            "left": 210.39375,
            "top": 437.925,
            "width": 70.171875
        },
        {
            "height": 484.375,
            "label": "person",
            "left": 522.1875,
            "top": 103.28750813802084,
            "width": 77.34375
        }
    ]
}