{
    "image_id": 147740,
    "seq": [
        {
            "height": 177.29998779296875,
            "label": "car",
            "left": 0.0,
            "top": 267.0093688964844,
            "width": 170.5593719482422
        },
        {
            "height": 192.8625030517578,
            "label": "person",
            "left": 4.078125,
            "top": 136.04998779296875,
            "width": 86.73749542236328
        },
        {
            "height": 175.02188110351562,
            "label": "person",
            "left": 62.66249465942383,
            "top": 157.125,
            "width": 57.57187271118164
        },
        {
            "height": 123.7874984741211,
            "label": "person",
            "left": 99.76875305175781,
            "top": 207.1687469482422,
            "width": 35.484375
        },
        {
            "height": 107.90625,
            "label": "person",
            "left": 358.7437438964844,
            "top": 120.73125457763672,
            "width": 39.478126525878906
        },
        {
            "height": 167.86874389648438,
            "label": "person",
            "left": 181.01251220703125,
            "top": 275.0531311035156,
            "width": 245.72811889648438
        },
        {
            "height": 142.9406280517578,
            "label": "banana",
            "left": 215.80313110351562,
            "top": 117.890625,
            "width": 150.3562469482422
        },
        {
            "height": 51.20624923706055,
            "label": "banana",
            "left": 343.2281188964844,
            "top": 213.984375,
            "width": 27.703125
        },
        {
            "height": 31.67812728881836,
            "label": "person",
            "left": 352.4343566894531,
            "top": 135.17813110351562,
            "width": 17.878124237060547
        },
        {
            "height": 175.02188110351562,
            "label": "motorcycle",
            "left": 0.0,
            "top": 190.22813415527344,
            "width": 83.9906234741211
        },
        {
            "height": 145.3874969482422,
            "label": "motorcycle",
            "left": 353.25,
            "top": 193.74375915527344,
            "width": 51.38437271118164
        },
        {
            "height": 119.5218734741211,
            "label": "handbag",
            "left": 210.8625030517578,
            "top": 328.9125061035156,
            "width": 70.171875
        },
        {
            "height": 363.28125,
            "label": "person",
            "left": 522.65625,
            "top": 77.93437194824219,
            "width": 77.34375
        }
    ]
}