{
    "image_id": 147729,
    "seq": [
        {
            "height": 90.0,
            "label": "cell phone",
            "left": 305.3760070800781,
            "top": 141.04800415039062,
            "width": 59.903995513916016
        },
        {
            "height": 345.5880126953125,
            "label": "person",
            "left": 0.0,
            "top": 104.41200256347656,
            "width": 372.80401611328125
        },
        {
            "height": 283.1399841308594,
            "label": "person",
            "left": 1.0080000162124634,
            "top": 93.03599548339844,
            "width": 194.16000366210938
        },
        {
            "height": 204.26400756835938,
            "label": "person",
            "left": 368.0879821777344,
            "top": 238.656005859375,
            "width": 222.46798706054688
        },
        {
            "height": 82.76399993896484,
            "label": "person",
            "left": 274.1999816894531,
            "top": 110.16000366210938,
            "width": 65.34000396728516
        },
        {
            "height": 168.20399475097656,
            "label": "person",
            "left": 343.02001953125,
            "top": 119.24400329589844,
            "width": 99.50399780273438
        },
        {
            "height": 98.08799743652344,
            "label": "person",
            "left": 391.343994140625,
            "top": 77.55599212646484,
            "width": 75.85199737548828
        },
        {
            "height": 88.9800033569336,
            "label": "person",
            "left": 561.239990234375,
            "top": 32.36399841308594,
            "width": 38.7599983215332
        },
        {
            "height": 229.7760009765625,
            "label": "person",
            "left": 290.02801513671875,
            "top": 142.39199829101562,
            "width": 106.08000183105469
        },
        {
            "height": 126.94800567626953,
            "label": "person",
            "left": 409.5840148925781,
            "top": 125.74800109863281,
            "width": 163.2239990234375
        }
    ]
}