{
    "image_id": 147725,
    "seq": [
        {
            "height": 85.57500457763672,
            "label": "car",
            "left": 377.15625,
            "top": 163.77188110351562,
            "width": 164.01560974121094
        },
        {
            "height": 32.446876525878906,
            "label": "car",
            "left": 122.24999237060547,
            "top": 168.46875,
            "width": 22.34062385559082
        },
        {
            "height": 136.08750915527344,
            "label": "bus",
            "left": 143.55938720703125,
            "top": 104.97187805175781,
            "width": 216.58126831054688
        },
        {
            "height": 26.034374237060547,
            "label": "person",
            "left": 295.8187561035156,
            "top": 147.3562469482422,
            "width": 26.296873092651367
        },
        {
            "height": 89.51250457763672,
            "label": "truck",
            "left": 67.4156265258789,
            "top": 160.49998474121094,
            "width": 73.078125
        },
        {
            "height": 29.343748092651367,
            "label": "person",
            "left": 568.3499755859375,
            "top": 171.1125030517578,
            "width": 12.13124942779541
        },
        {
            "height": 23.39999771118164,
            "label": "car",
            "left": 113.56875610351562,
            "top": 161.25,
            "width": 13.86562442779541
        },
        {
            "height": 32.74687576293945,
            "label": "car",
            "left": 502.16253662109375,
            "top": 172.8468780517578,
            "width": 49.125003814697266
        },
        {
            "height": 32.165626525878906,
            "label": "car",
            "left": 31.312501907348633,
            "top": 170.14688110351562,
            "width": 6.187499523162842
        },
        {
            "height": 41.87812423706055,
            "label": "car",
            "left": 524.3343505859375,
            "top": 170.70936584472656,
            "width": 45.59062576293945
        }
    ]
}