{
    "image_id": 147729,
    "seq": [
        {
            "height": 120.0,
            "label": "cell phone",
            "left": 304.776,
            "top": 187.264,
            "width": 59.90399609375
        },
        {
            "height": 460.784,
            "label": "person",
            "left": 0.0,
            "top": 138.41603125,
            "width": 372.80403125
        },
        {
            "height": 377.52,
            "label": "person",
            "left": 0.407999755859375,
            "top": 123.24801041666667,
            "width": 194.16
        },
        {
            "height": 272.352,
            "label": "person",
            "left": 367.488,
            "top": 317.408,
            "width": 222.468
        },
        {
            "height": 110.352,
            "label": "person",
            "left": 273.6,
            "top": 146.07998958333334,
            "width": 65.34
        },
        {
            "height": 224.272,
            "label": "person",
            "left": 342.42,
            "top": 158.192,
            "width": 99.504
        },
        {
            "height": 130.784,
            "label": "person",
            "left": 390.744,
            "top": 102.60801041666667,
            "width": 75.8519921875
        },
        {
            "height": 118.64,
            "label": "person",
            "left": 560.64,
            "top": 42.352002604166664,
            "width": 38.76
        },
        {
            "height": 306.368,
            "label": "person",
            "left": 289.42803125,
            "top": 189.056,
            "width": 106.08
        },
        {
            "height": 169.264,
            "label": "person",
            "left": 408.98396875,
            "top": 166.86397916666667,
            "width": 163.224
        }
    ]
}