{
    "image_id": 147725,
    "seq": [
        {
            "height": 139.3587786259542,
            "label": "car",
            "left": 376.6875,
            "top": 265.93891141857506,
            "width": 164.01561279296874
        },
        {
            "height": 52.83969465648855,
            "label": "car",
            "left": 121.78126220703125,
            "top": 273.5878260178117,
            "width": 22.340623474121095
        },
        {
            "height": 221.61832061068702,
            "label": "bus",
            "left": 143.090625,
            "top": 170.18320610687022,
            "width": 216.5812744140625
        },
        {
            "height": 42.396946564885496,
            "label": "person",
            "left": 295.35,
            "top": 239.20612674936388,
            "width": 26.296875
        },
        {
            "height": 145.77100230597964,
            "label": "truck",
            "left": 66.94688110351562,
            "top": 260.6106671437659,
            "width": 73.078125
        },
        {
            "height": 47.786259541984734,
            "label": "person",
            "left": 567.88125,
            "top": 277.89318940839695,
            "width": 12.131248474121094
        },
        {
            "height": 38.106867744115775,
            "label": "car",
            "left": 113.1,
            "top": 261.8320610687023,
            "width": 13.865625
        },
        {
            "height": 53.32824427480916,
            "label": "car",
            "left": 501.69375,
            "top": 280.7175572519084,
            "width": 49.125
        },
        {
            "height": 52.38167938931298,
            "label": "car",
            "left": 30.84375,
            "top": 276.32059080788804,
            "width": 6.187499618530273
        },
        {
            "height": 68.19846831265903,
            "label": "car",
            "left": 523.865625,
            "top": 277.2366213422392,
            "width": 45.59062194824219
        }
    ]
}