{
    "image_id": 148508,
    "seq": [
        {
            "height": 24.02812385559082,
            "label": "car",
            "left": 353.71875,
            "top": 187.28439331054688,
            "width": 28.57499885559082
        },
        {
            "height": 147.328125,
            "label": "bus",
            "left": 156.19686889648438,
            "top": 110.109375,
            "width": 104.390625
        },
        {
            "height": 186.19686889648438,
            "label": "person",
            "left": 401.04376220703125,
            "top": 168.1687469482422,
            "width": 38.97187423706055
        },
        {
            "height": 32.55000305175781,
            "label": "person",
            "left": 301.359375,
            "top": 196.98748779296875,
            "width": 13.706250190734863
        },
        {
            "height": 43.884376525878906,
            "label": "person",
            "left": 112.31250762939453,
            "top": 208.6125030517578,
            "width": 17.053125381469727
        },
        {
            "height": 56.83124923706055,
            "label": "person",
            "left": 50.578125,
            "top": 205.87501525878906,
            "width": 15.778124809265137
        },
        {
            "height": 196.36875915527344,
            "label": "person",
            "left": 427.9125061035156,
            "top": 175.9499969482422,
            "width": 48.178123474121094
        },
        {
            "height": 125.34375,
            "label": "person",
            "left": 222.04689025878906,
            "top": 268.61248779296875,
            "width": 128.0437469482422
        },
        {
            "height": 61.71562576293945,
            "label": "person",
            "left": 38.86874771118164,
            "top": 208.921875,
            "width": 16.162500381469727
        },
        {
            "height": 40.134376525878906,
            "label": "person",
            "left": 142.72500610351562,
            "top": 206.21250915527344,
            "width": 9.55312442779541
        },
        {
            "height": 21.224998474121094,
            "label": "person",
            "left": 273.375,
            "top": 202.18124389648438,
            "width": 8.42812442779541
        },
        {
            "height": 11.54062557220459,
            "label": "car",
            "left": 445.4812316894531,
            "top": 152.77500915527344,
            "width": 26.681249618530273
        },
        {
            "height": 35.099998474121094,
            "label": "person",
            "left": 539.7562255859375,
            "top": 160.77188110351562,
            "width": 40.53750228881836
        },
        {
            "height": 197.67189025878906,
            "label": "person",
            "left": 426.3843688964844,
            "top": 173.859375,
            "width": 72.44062042236328
        },
        {
            "height": 37.99687576293945,
            "label": "person",
            "left": 84.68437194824219,
            "top": 223.28436279296875,
            "width": 29.306249618530273
        },
        {
            "height": 69.95625305175781,
            "label": "person",
            "left": 26.93437385559082,
            "top": 205.828125,
            "width": 18.974998474121094
        }
    ]
}