{
    "image_id": 148508,
    "seq": [
        {
            "height": 36.18352711397059,
            "label": "car",
            "left": 353.2500244140625,
            "top": 281.32235294117646,
            "width": 28.575
        },
        {
            "height": 221.85882352941175,
            "label": "bus",
            "left": 155.72813720703124,
            "top": 165.10586397058825,
            "width": 104.390625
        },
        {
            "height": 280.3905882352941,
            "label": "person",
            "left": 400.575,
            "top": 252.5364705882353,
            "width": 38.971875
        },
        {
            "height": 49.01647058823529,
            "label": "person",
            "left": 300.890625,
            "top": 295.9341544117647,
            "width": 13.70625
        },
        {
            "height": 66.08470588235294,
            "label": "person",
            "left": 111.84375,
            "top": 313.44,
            "width": 17.053125
        },
        {
            "height": 85.58117647058823,
            "label": "person",
            "left": 50.109375,
            "top": 309.3176838235294,
            "width": 15.778125
        },
        {
            "height": 295.7082536764706,
            "label": "person",
            "left": 427.44375,
            "top": 264.25413602941177,
            "width": 48.178125
        },
        {
            "height": 188.75294117647059,
            "label": "person",
            "left": 221.578125,
            "top": 403.7929411764706,
            "width": 128.04375
        },
        {
            "height": 92.9364705882353,
            "label": "person",
            "left": 38.400003051757814,
            "top": 313.90588235294115,
            "width": 16.1625
        },
        {
            "height": 60.43764705882353,
            "label": "person",
            "left": 142.25625,
            "top": 309.82584558823527,
            "width": 9.553124237060548
        },
        {
            "height": 31.96235294117647,
            "label": "person",
            "left": 272.90625,
            "top": 303.7553492647059,
            "width": 8.428125
        },
        {
            "height": 17.378824678308824,
            "label": "car",
            "left": 445.0125,
            "top": 229.35527573529413,
            "width": 26.68125
        },
        {
            "height": 52.8564705882353,
            "label": "person",
            "left": 539.2875,
            "top": 241.39764705882354,
            "width": 40.537506103515625
        },
        {
            "height": 297.67058823529413,
            "label": "person",
            "left": 425.915673828125,
            "top": 261.10586397058825,
            "width": 72.44061889648438
        },
        {
            "height": 57.218823529411765,
            "label": "person",
            "left": 84.21561889648437,
            "top": 335.53408088235295,
            "width": 29.306246948242187
        },
        {
            "height": 105.34588235294117,
            "label": "person",
            "left": 26.465621948242188,
            "top": 309.2470220588235,
            "width": 18.975
        }
    ]
}