{
    "image_id": 148620,
    "seq": [
        {
            "height": 163.81199645996094,
            "label": "tv",
            "left": 266.9639892578125,
            "top": 73.8239974975586,
            "width": 247.75201416015625
        },
        {
            "height": 163.82400512695312,
            "label": "laptop",
            "left": 32.36399841308594,
            "top": 168.87599182128906,
            "width": 204.26400756835938
        },
        {
            "height": 34.54800033569336,
            "label": "mouse",
            "left": 543.4080200195312,
            "top": 310.0680236816406,
            "width": 42.395999908447266
        },
        {
            "height": 63.41999435424805,
            "label": "keyboard",
            "left": 264.76800537109375,
            "top": 273.92401123046875,
            "width": 242.61599731445312
        },
        {
            "height": 37.2599983215332,
            "label": "keyboard",
            "left": 61.63199996948242,
            "top": 266.2439880371094,
            "width": 141.75599670410156
        }
    ]
}