{
    "image_id": 148662,
    "seq": [
        {
            "height": 159.9,
            "label": "hot dog",
            "left": 69.58125,
            "top": 383.5750325520833,
            "width": 127.359375
        },
        {
            "height": 600.0,
            "label": "person",
            "left": 76.38746948242188,
            "top": 0.0,
            "width": 521.79375
        },
        {
            "height": 294.875,
            "label": "person",
            "left": 65.07188110351562,
            "top": 0.0,
            "width": 331.3125
        },
        {
            "height": 309.175,
            "label": "person",
            "left": 0.2812519550323486,
            "top": 0.0,
            "width": 132.628125
        }
    ]
}