{
    "image_id": 148662,
    "seq": [
        {
            "height": 119.92499542236328,
            "label": "hot dog",
            "left": 70.05000305175781,
            "top": 288.1499938964844,
            "width": 127.35938262939453
        },
        {
            "height": 450.0,
            "label": "person",
            "left": 76.85624694824219,
            "top": 0.0,
            "width": 521.7937622070312
        },
        {
            "height": 221.15625,
            "label": "person",
            "left": 65.5406265258789,
            "top": 0.0,
            "width": 331.3125
        },
        {
            "height": 231.88124084472656,
            "label": "person",
            "left": 0.75,
            "top": 0.0,
            "width": 132.6281280517578
        }
    ]
}