{
    "image_id": 148620,
    "seq": [
        {
            "height": 218.416,
            "label": "tv",
            "left": 266.36403125,
            "top": 97.63198958333334,
            "width": 247.752015625
        },
        {
            "height": 218.432,
            "label": "laptop",
            "left": 31.76399609375,
            "top": 224.36795833333332,
            "width": 204.264
        },
        {
            "height": 46.064,
            "label": "mouse",
            "left": 542.808,
            "top": 412.62404166666664,
            "width": 42.39600390625
        },
        {
            "height": 84.56,
            "label": "keyboard",
            "left": 264.16803125,
            "top": 364.432,
            "width": 242.615984375
        },
        {
            "height": 49.68,
            "label": "keyboard",
            "left": 61.03200390625,
            "top": 354.192,
            "width": 141.756
        }
    ]
}