{
    "image_id": 148719,
    "seq": [
        {
            "height": 265.9593811035156,
            "label": "truck",
            "left": 90.0,
            "top": 90.0,
            "width": 456.06561279296875
        },
        {
            "height": 198.3000030517578,
            "label": "truck",
            "left": 0.0,
            "top": 101.42813110351562,
            "width": 242.83123779296875
        },
        {
            "height": 63.80624771118164,
            "label": "truck",
            "left": 510.9375,
            "top": 108.42188262939453,
            "width": 83.25936889648438
        },
        {
            "height": 32.296875,
            "label": "truck",
            "left": 180.58123779296875,
            "top": 109.62187194824219,
            "width": 27.946874618530273
        },
        {
            "height": 28.059375762939453,
            "label": "truck",
            "left": 216.89999389648438,
            "top": 111.2437515258789,
            "width": 39.478126525878906
        },
        {
            "height": 41.36249542236328,
            "label": "person",
            "left": 1.6218750476837158,
            "top": 112.06875610351562,
            "width": 38.90625
        }
    ]
}