{
    "image_id": 148719,
    "seq": [
        {
            "height": 354.6125,
            "label": "truck",
            "left": 89.53121948242188,
            "top": 119.37501627604166,
            "width": 456.065625
        },
        {
            "height": 264.4,
            "label": "truck",
            "left": 0.0,
            "top": 134.61251627604167,
            "width": 242.83125
        },
        {
            "height": 85.075,
            "label": "truck",
            "left": 510.468798828125,
            "top": 143.9375,
            "width": 83.259375
        },
        {
            "height": 43.0625,
            "label": "truck",
            "left": 180.1125,
            "top": 145.53748372395833,
            "width": 27.946875
        },
        {
            "height": 37.4125,
            "label": "truck",
            "left": 216.43125,
            "top": 147.7,
            "width": 39.478125
        },
        {
            "height": 55.14999186197917,
            "label": "person",
            "left": 1.1531241416931153,
            "top": 148.80001627604167,
            "width": 38.90625
        }
    ]
}