{
    "image_id": 148957,
    "seq": [
        {
            "height": 180.0,
            "label": "donut",
            "left": 380.22186279296875,
            "top": 47.53125,
            "width": 162.8156280517578
        },
        {
            "height": 136.51873779296875,
            "label": "donut",
            "left": 212.3625030517578,
            "top": 65.7281265258789,
            "width": 168.87188720703125
        },
        {
            "height": 158.76564025878906,
            "label": "donut",
            "left": 62.69999694824219,
            "top": 98.09062194824219,
            "width": 176.96249389648438
        },
        {
            "height": 184.2468719482422,
            "label": "donut",
            "left": 404.4937438964844,
            "top": 222.375,
            "width": 179.59689331054688
        },
        {
            "height": 176.60626220703125,
            "label": "donut",
            "left": 224.12814331054688,
            "top": 190.49063110351562,
            "width": 199.9968719482422
        },
        {
            "height": 174.75,
            "label": "donut",
            "left": 44.15625,
            "top": 255.89064025878906,
            "width": 205.55624389648438
        }
    ]
}