{
    "image_id": 148999,
    "seq": [
        {
            "height": 10.574999809265137,
            "label": "person",
            "left": 447.53436279296875,
            "top": 313.42498779296875,
            "width": 9.78749942779541
        },
        {
            "height": 121.26563262939453,
            "label": "person",
            "left": 457.01251220703125,
            "top": 102.12187194824219,
            "width": 127.56562805175781
        },
        {
            "height": 110.09062194824219,
            "label": "person",
            "left": 396.11248779296875,
            "top": 114.43124389648438,
            "width": 62.08125305175781
        },
        {
            "height": 56.50312423706055,
            "label": "person",
            "left": 280.7906188964844,
            "top": 155.23126220703125,
            "width": 41.04374694824219
        },
        {
            "height": 42.62812423706055,
            "label": "person",
            "left": 239.0906219482422,
            "top": 177.03749084472656,
            "width": 40.55624771118164
        },
        {
            "height": 11.118749618530273,
            "label": "person",
            "left": 465.3374938964844,
            "top": 311.8312683105469,
            "width": 7.40625
        },
        {
            "height": 6.487500190734863,
            "label": "person",
            "left": 500.3531494140625,
            "top": 314.08123779296875,
            "width": 6.103125095367432
        },
        {
            "height": 11.418750762939453,
            "label": "person",
            "left": 420.7124938964844,
            "top": 313.453125,
            "width": 10.921875
        },
        {
            "height": 6.599999904632568,
            "label": "person",
            "left": 323.671875,
            "top": 325.171875,
            "width": 6.675000190734863
        },
        {
            "height": 24.421875,
            "label": "traffic light",
            "left": 72.6937484741211,
            "top": 174.1875,
            "width": 18.271875381469727
        },
        {
            "height": 7.40625,
            "label": "person",
            "left": 409.3968505859375,
            "top": 318.4593811035156,
            "width": 6.609375476837158
        },
        {
            "height": 7.846875190734863,
            "label": "person",
            "left": 389.953125,
            "top": 320.296875,
            "width": 8.559374809265137
        },
        {
            "height": 98.0531234741211,
            "label": "train",
            "left": 78.26250457763672,
            "top": 292.98748779296875,
            "width": 452.484375
        },
        {
            "height": 115.91250610351562,
            "label": "horse",
            "left": 28.781251907348633,
            "top": 174.1125030517578,
            "width": 135.5812530517578
        },
        {
            "height": 7.425000190734863,
            "label": "person",
            "left": 386.9156188964844,
            "top": 320.26873779296875,
            "width": 4.809375286102295
        },
        {
            "height": 10.13437557220459,
            "label": "person",
            "left": 308.1562805175781,
            "top": 322.5375061035156,
            "width": 7.790625095367432
        }
    ]
}