{
    "image_id": 148957,
    "seq": [
        {
            "height": 240.0,
            "label": "donut",
            "left": 379.7531005859375,
            "top": 62.750004069010416,
            "width": 162.81563720703124
        },
        {
            "height": 182.025,
            "label": "donut",
            "left": 211.89375,
            "top": 87.01250813802083,
            "width": 168.871875
        },
        {
            "height": 211.6875,
            "label": "donut",
            "left": 62.231256103515626,
            "top": 130.16250813802083,
            "width": 176.9625
        },
        {
            "height": 245.6625,
            "label": "donut",
            "left": 404.025,
            "top": 295.8749674479167,
            "width": 179.59688720703124
        },
        {
            "height": 235.475,
            "label": "donut",
            "left": 223.6593505859375,
            "top": 253.36248372395832,
            "width": 199.996875
        },
        {
            "height": 233.0,
            "label": "donut",
            "left": 43.6875,
            "top": 340.5625,
            "width": 205.5562255859375
        }
    ]
}