{
    "image_id": 148999,
    "seq": [
        {
            "height": 15.850118239534543,
            "label": "person",
            "left": 447.065625,
            "top": 469.0679156908665,
            "width": 9.787498474121094
        },
        {
            "height": 181.75644028103045,
            "label": "person",
            "left": 456.543798828125,
            "top": 152.36065573770492,
            "width": 127.56563720703124
        },
        {
            "height": 165.0070257611241,
            "label": "person",
            "left": 395.64375,
            "top": 170.81030444964873,
            "width": 62.08125
        },
        {
            "height": 84.68852459016394,
            "label": "person",
            "left": 280.321875,
            "top": 231.96251097775175,
            "width": 41.04375
        },
        {
            "height": 63.89227166276346,
            "label": "person",
            "left": 238.6218994140625,
            "top": 264.64638831967216,
            "width": 40.55624694824219
        },
        {
            "height": 16.66510538641686,
            "label": "person",
            "left": 464.86875,
            "top": 466.6791569086651,
            "width": 7.40625
        },
        {
            "height": 9.723653395784543,
            "label": "person",
            "left": 499.884375,
            "top": 470.05152224824354,
            "width": 6.103125381469726
        },
        {
            "height": 17.114754098360656,
            "label": "person",
            "left": 420.24375,
            "top": 469.1100336651054,
            "width": 10.921875
        },
        {
            "height": 9.892271662763466,
            "label": "person",
            "left": 323.203125,
            "top": 486.67443647540983,
            "width": 6.675
        },
        {
            "height": 36.604215456674474,
            "label": "traffic light",
            "left": 72.225,
            "top": 260.37470725995314,
            "width": 18.271875
        },
        {
            "height": 11.100702576112413,
            "label": "person",
            "left": 408.928125,
            "top": 476.61361973067915,
            "width": 6.609375
        },
        {
            "height": 11.76112412177986,
            "label": "person",
            "left": 389.484423828125,
            "top": 479.3677180913349,
            "width": 8.559375
        },
        {
            "height": 146.96486204625293,
            "label": "train",
            "left": 77.79375610351562,
            "top": 438.43559718969556,
            "width": 452.484375
        },
        {
            "height": 173.73302107728338,
            "label": "horse",
            "left": 28.312503051757812,
            "top": 260.26231337822014,
            "width": 135.58125
        },
        {
            "height": 11.1288056206089,
            "label": "person",
            "left": 386.4468994140625,
            "top": 479.32556352459017,
            "width": 4.809375
        },
        {
            "height": 15.189697837382903,
            "label": "person",
            "left": 307.6875,
            "top": 482.72599531615924,
            "width": 7.790625762939453
        }
    ]
}