{
    "image_id": 149222,
    "seq": [
        {
            "height": 301.35601806640625,
            "label": "tv",
            "left": 4.656000137329102,
            "top": 0.0,
            "width": 345.5760192871094
        },
        {
            "height": 235.00799560546875,
            "label": "tv",
            "left": 336.4079895019531,
            "top": 2.135999917984009,
            "width": 169.6199951171875
        },
        {
            "height": 48.71999740600586,
            "label": "mouse",
            "left": 454.51202392578125,
            "top": 345.2879943847656,
            "width": 72.92400360107422
        },
        {
            "height": 104.0879898071289,
            "label": "keyboard",
            "left": 94.80000305175781,
            "top": 349.33197021484375,
            "width": 358.6199951171875
        },
        {
            "height": 17.124000549316406,
            "label": "person",
            "left": 234.4560089111328,
            "top": 180.05999755859375,
            "width": 16.236000061035156
        },
        {
            "height": 43.12799835205078,
            "label": "person",
            "left": 195.19200134277344,
            "top": 90.77999877929688,
            "width": 49.93199920654297
        },
        {
            "height": 19.55999755859375,
            "label": "person",
            "left": 283.3320007324219,
            "top": 87.37199401855469,
            "width": 14.843999862670898
        },
        {
            "height": 43.19999694824219,
            "label": "cat",
            "left": 280.2239990234375,
            "top": 251.72401428222656,
            "width": 35.9640007019043
        },
        {
            "height": 18.696001052856445,
            "label": "carrot",
            "left": 66.69599914550781,
            "top": 94.41600036621094,
            "width": 26.136001586914062
        }
    ]
}