{
    "image_id": 149222,
    "seq": [
        {
            "height": 393.4151843994778,
            "label": "tv",
            "left": 4.05598291015625,
            "top": 0.0,
            "width": 345.576
        },
        {
            "height": 306.79895561357705,
            "label": "tv",
            "left": 335.808,
            "top": 2.0052117330287205,
            "width": 169.62
        },
        {
            "height": 63.60313315926893,
            "label": "mouse",
            "left": 453.91196875,
            "top": 449.984375,
            "width": 72.924
        },
        {
            "height": 135.8851174934726,
            "label": "keyboard",
            "left": 94.2,
            "top": 455.2637483681462,
            "width": 358.62
        },
        {
            "height": 22.35509138381201,
            "label": "person",
            "left": 233.856,
            "top": 234.28198433420366,
            "width": 16.236
        },
        {
            "height": 56.302872062663184,
            "label": "person",
            "left": 194.592,
            "top": 117.72844933093995,
            "width": 49.932
        },
        {
            "height": 25.535248041775457,
            "label": "person",
            "left": 282.732,
            "top": 113.27939376631853,
            "width": 14.844
        },
        {
            "height": 56.39686684073107,
            "label": "cat",
            "left": 279.624,
            "top": 327.8380997062663,
            "width": 35.964
        },
        {
            "height": 24.407310704960835,
            "label": "carrot",
            "left": 66.096,
            "top": 122.47519582245431,
            "width": 26.136
        }
    ]
}