{
    "image_id": 149375,
    "seq": [
        {
            "height": 312.6656494140625,
            "label": "person",
            "left": 195.15936279296875,
            "top": 39.53437423706055,
            "width": 173.6999969482422
        },
        {
            "height": 53.91562271118164,
            "label": "person",
            "left": 82.0687484741211,
            "top": 130.67813110351562,
            "width": 19.134374618530273
        },
        {
            "height": 43.18124771118164,
            "label": "person",
            "left": 113.5875015258789,
            "top": 140.7937469482422,
            "width": 26.353126525878906
        },
        {
            "height": 69.1031265258789,
            "label": "person",
            "left": 482.7374572753906,
            "top": 133.49063110351562,
            "width": 20.821874618530273
        },
        {
            "height": 79.9781265258789,
            "label": "skateboard",
            "left": 204.20626831054688,
            "top": 279.4406433105469,
            "width": 100.02188110351562
        },
        {
            "height": 20.484375,
            "label": "skateboard",
            "left": 493.3687438964844,
            "top": 179.2687530517578,
            "width": 16.85624885559082
        }
    ]
}