{
    "image_id": 149375,
    "seq": [
        {
            "height": 412.5896907216495,
            "label": "person",
            "left": 194.690625,
            "top": 51.550491301546394,
            "width": 173.7
        },
        {
            "height": 71.14639175257732,
            "label": "person",
            "left": 81.60000610351562,
            "top": 171.82268041237114,
            "width": 19.134375
        },
        {
            "height": 56.98143927190721,
            "label": "person",
            "left": 113.11875,
            "top": 185.17111791237113,
            "width": 26.353125
        },
        {
            "height": 91.18762886597938,
            "label": "person",
            "left": 482.268798828125,
            "top": 175.5340206185567,
            "width": 20.821873474121094
        },
        {
            "height": 105.53814432989691,
            "label": "skateboard",
            "left": 203.73751220703124,
            "top": 368.12780283505157,
            "width": 100.021875
        },
        {
            "height": 27.03092582152062,
            "label": "skateboard",
            "left": 492.9,
            "top": 235.94223582474226,
            "width": 16.85625
        }
    ]
}