{
    "image_id": 149568,
    "seq": [
        {
            "height": 404.0327868852459,
            "label": "dog",
            "left": 116.78438720703124,
            "top": 124.7759847449909,
            "width": 308.19375
        },
        {
            "height": 196.56830601092895,
            "label": "dog",
            "left": 95.82188110351562,
            "top": 125.21310052367942,
            "width": 237.0375
        },
        {
            "height": 433.224043715847,
            "label": "person",
            "left": 135.675,
            "top": 0.0,
            "width": 171.946875
        },
        {
            "height": 33.2896174863388,
            "label": "frisbee",
            "left": 76.63125610351562,
            "top": 176.17486338797815,
            "width": 45.618753051757814
        }
    ]
}