{
    "image_id": 149568,
    "seq": [
        {
            "height": 346.5843811035156,
            "label": "dog",
            "left": 117.25312805175781,
            "top": 107.50312805175781,
            "width": 308.1937561035156
        },
        {
            "height": 168.61874389648438,
            "label": "dog",
            "left": 96.2906265258789,
            "top": 107.87812805175781,
            "width": 237.03750610351562
        },
        {
            "height": 371.625,
            "label": "person",
            "left": 136.1437530517578,
            "top": 0.0,
            "width": 171.94686889648438
        },
        {
            "height": 28.556249618530273,
            "label": "frisbee",
            "left": 77.0999984741211,
            "top": 151.59375,
            "width": 45.618751525878906
        }
    ]
}