{
    "image_id": 150224,
    "seq": [
        {
            "height": 93.5531234741211,
            "label": "umbrella",
            "left": 31.481252670288086,
            "top": 95.98124694824219,
            "width": 270.7781066894531
        },
        {
            "height": 98.953125,
            "label": "chair",
            "left": 402.1125183105469,
            "top": 295.9593811035156,
            "width": 118.7437515258789
        },
        {
            "height": 107.953125,
            "label": "person",
            "left": 192.50625610351562,
            "top": 271.66876220703125,
            "width": 80.0625
        },
        {
            "height": 102.5531234741211,
            "label": "person",
            "left": 384.1218566894531,
            "top": 250.97811889648438,
            "width": 116.9437484741211
        },
        {
            "height": 174.40313720703125,
            "label": "person",
            "left": 324.40313720703125,
            "top": 200.38125610351562,
            "width": 73.20000457763672
        },
        {
            "height": 102.8812484741211,
            "label": "person",
            "left": 382.04998779296875,
            "top": 226.6125030517578,
            "width": 42.599998474121094
        },
        {
            "height": 126.87187194824219,
            "label": "person",
            "left": 354.7875061035156,
            "top": 264.73126220703125,
            "width": 91.9124984741211
        },
        {
            "height": 24.0,
            "label": "person",
            "left": 293.3812561035156,
            "top": 315.5343933105469,
            "width": 22.387500762939453
        },
        {
            "height": 34.89375305175781,
            "label": "handbag",
            "left": 155.4656219482422,
            "top": 348.54376220703125,
            "width": 51.10312271118164
        },
        {
            "height": 37.77187728881836,
            "label": "backpack",
            "left": 550.9312133789062,
            "top": 314.8687438964844,
            "width": 49.06875228881836
        },
        {
            "height": 47.709373474121094,
            "label": "backpack",
            "left": 540.3187866210938,
            "top": 346.3312683105469,
            "width": 59.681251525878906
        },
        {
            "height": 50.69062423706055,
            "label": "backpack",
            "left": 504.0375061035156,
            "top": 341.70001220703125,
            "width": 39.82500076293945
        },
        {
            "height": 50.756248474121094,
            "label": "backpack",
            "left": 254.2218780517578,
            "top": 337.5843505859375,
            "width": 72.5625
        },
        {
            "height": 50.09062576293945,
            "label": "handbag",
            "left": 256.3406066894531,
            "top": 338.9906311035156,
            "width": 70.640625
        }
    ]
}