{
    "image_id": 150265,
    "seq": [
        {
            "height": 96.82499694824219,
            "label": "fire hydrant",
            "left": 286.4906311035156,
            "top": 153.38436889648438,
            "width": 36.33749771118164
        },
        {
            "height": 238.64999389648438,
            "label": "person",
            "left": 114.609375,
            "top": 351.90936279296875,
            "width": 187.41563415527344
        },
        {
            "height": 96.83438110351562,
            "label": "person",
            "left": 63.328125,
            "top": 27.609376907348633,
            "width": 48.94687271118164
        },
        {
            "height": 97.640625,
            "label": "person",
            "left": 17.278125762939453,
            "top": 0.0,
            "width": 57.29999923706055
        },
        {
            "height": 72.91874694824219,
            "label": "person",
            "left": 151.50936889648438,
            "top": 0.234375,
            "width": 26.409374237060547
        },
        {
            "height": 89.3812484741211,
            "label": "handbag",
            "left": 234.07498168945312,
            "top": 416.15625,
            "width": 34.04999923706055
        },
        {
            "height": 303.4875183105469,
            "label": "person",
            "left": 11.315625190734863,
            "top": 73.42499542236328,
            "width": 141.6281280517578
        },
        {
            "height": 64.6968765258789,
            "label": "person",
            "left": 85.42500305175781,
            "top": 0.0,
            "width": 37.10625076293945
        }
    ]
}