{
    "image_id": 150224,
    "seq": [
        {
            "height": 140.22014051522248,
            "label": "umbrella",
            "left": 31.012506103515626,
            "top": 143.15691781323184,
            "width": 270.7781005859375
        },
        {
            "height": 148.31381733021078,
            "label": "chair",
            "left": 401.6437255859375,
            "top": 442.8899663348946,
            "width": 118.74375
        },
        {
            "height": 161.80327868852459,
            "label": "person",
            "left": 192.0375,
            "top": 406.4823990046838,
            "width": 80.0625
        },
        {
            "height": 153.7096018735363,
            "label": "person",
            "left": 383.653125,
            "top": 375.47076258782204,
            "width": 116.94375
        },
        {
            "height": 261.40046838407494,
            "label": "person",
            "left": 323.934375,
            "top": 299.6346421252927,
            "width": 73.2
        },
        {
            "height": 154.20140515222482,
            "label": "person",
            "left": 381.58125,
            "top": 338.95081967213116,
            "width": 42.59999389648438
        },
        {
            "height": 190.1592505854801,
            "label": "person",
            "left": 354.31875,
            "top": 396.0842725409836,
            "width": 91.9125
        },
        {
            "height": 35.9718946684719,
            "label": "person",
            "left": 292.9125,
            "top": 472.2295081967213,
            "width": 22.387501525878907
        },
        {
            "height": 52.29976580796253,
            "label": "handbag",
            "left": 154.99688720703125,
            "top": 521.7049546252928,
            "width": 51.10312194824219
        },
        {
            "height": 56.613583138173304,
            "label": "backpack",
            "left": 550.462451171875,
            "top": 471.2318867096019,
            "width": 49.06875305175781
        },
        {
            "height": 71.50819672131148,
            "label": "backpack",
            "left": 539.849951171875,
            "top": 518.3887953747072,
            "width": 59.68125610351562
        },
        {
            "height": 75.97658079625293,
            "label": "backpack",
            "left": 503.56875,
            "top": 511.4473067915691,
            "width": 39.82500305175781
        },
        {
            "height": 76.07494145199063,
            "label": "backpack",
            "left": 253.7531494140625,
            "top": 505.2786519320843,
            "width": 72.5625
        },
        {
            "height": 75.07728337236534,
            "label": "handbag",
            "left": 255.8718994140625,
            "top": 507.38638026932085,
            "width": 70.640625
        }
    ]
}