{
    "image_id": 150265,
    "seq": [
        {
            "height": 96.825,
            "label": "fire hydrant",
            "left": 381.3625,
            "top": 152.915625,
            "width": 48.44999593098958
        },
        {
            "height": 238.65,
            "label": "person",
            "left": 152.18748372395834,
            "top": 351.440625,
            "width": 249.8875
        },
        {
            "height": 96.83438110351562,
            "label": "person",
            "left": 83.8125,
            "top": 27.140618896484376,
            "width": 65.2625
        },
        {
            "height": 97.640625,
            "label": "person",
            "left": 22.4125,
            "top": 0.0,
            "width": 76.4
        },
        {
            "height": 72.91875,
            "label": "person",
            "left": 201.3875,
            "top": 0.0,
            "width": 35.21249593098958
        },
        {
            "height": 89.38124389648438,
            "label": "handbag",
            "left": 311.475,
            "top": 415.6875,
            "width": 45.4
        },
        {
            "height": 303.4875244140625,
            "label": "person",
            "left": 14.46250712076823,
            "top": 72.9562255859375,
            "width": 188.83751627604167
        },
        {
            "height": 64.696875,
            "label": "person",
            "left": 113.275,
            "top": 0.0,
            "width": 49.47500406901042
        }
    ]
}