{
    "image_id": 1503,
    "seq": [
        {
            "height": 339.775,
            "label": "laptop",
            "left": 0.07499456405639648,
            "top": 248.19998372395833,
            "width": 235.6125
        },
        {
            "height": 55.14999186197917,
            "label": "mouse",
            "left": 225.8625,
            "top": 443.675,
            "width": 70.81875
        },
        {
            "height": 113.8,
            "label": "keyboard",
            "left": 301.18125,
            "top": 379.84996744791664,
            "width": 289.33125
        },
        {
            "height": 223.825,
            "label": "tv",
            "left": 234.675,
            "top": 27.400004069010418,
            "width": 209.325
        },
        {
            "height": 24.15,
            "label": "mouse",
            "left": 571.968798828125,
            "top": 384.725,
            "width": 27.0
        }
    ]
}