{
    "image_id": 1503,
    "seq": [
        {
            "height": 254.8312530517578,
            "label": "laptop",
            "left": 1.0125000476837158,
            "top": 187.08749389648438,
            "width": 235.6125030517578
        },
        {
            "height": 41.36249542236328,
            "label": "mouse",
            "left": 226.79998779296875,
            "top": 333.6937561035156,
            "width": 70.8187484741211
        },
        {
            "height": 85.3499984741211,
            "label": "keyboard",
            "left": 302.1187744140625,
            "top": 285.82501220703125,
            "width": 289.33123779296875
        },
        {
            "height": 167.86874389648438,
            "label": "tv",
            "left": 235.6125030517578,
            "top": 21.48750114440918,
            "width": 209.3249969482422
        },
        {
            "height": 18.112499237060547,
            "label": "mouse",
            "left": 572.90625,
            "top": 289.48126220703125,
            "width": 26.999998092651367
        }
    ]
}