{
    "image_id": 150417,
    "seq": [
        {
            "height": 245.6437530517578,
            "label": "refrigerator",
            "left": 262.75311279296875,
            "top": 0.09375,
            "width": 218.4562530517578
        },
        {
            "height": 167.390625,
            "label": "chair",
            "left": 99.07499694824219,
            "top": 138.7312469482422,
            "width": 168.2531280517578
        },
        {
            "height": 286.4624938964844,
            "label": "dining table",
            "left": 170.6531219482422,
            "top": 157.1906280517578,
            "width": 383.9718933105469
        },
        {
            "height": 248.203125,
            "label": "person",
            "left": 105.40312194824219,
            "top": 66.34687042236328,
            "width": 214.921875
        },
        {
            "height": 41.02499771118164,
            "label": "cup",
            "left": 448.0968933105469,
            "top": 179.24998474121094,
            "width": 24.618749618530273
        },
        {
            "height": 85.56562042236328,
            "label": "bowl",
            "left": 336.2437744140625,
            "top": 227.61561584472656,
            "width": 102.68437194824219
        },
        {
            "height": 87.984375,
            "label": "cake",
            "left": 252.80624389648438,
            "top": 289.2093505859375,
            "width": 107.1937484741211
        },
        {
            "height": 16.228124618530273,
            "label": "cup",
            "left": 48.07499694824219,
            "top": 101.12812805175781,
            "width": 16.706249237060547
        },
        {
            "height": 21.09375,
            "label": "cup",
            "left": 32.37187194824219,
            "top": 96.20625305175781,
            "width": 15.731250762939453
        },
        {
            "height": 87.32813262939453,
            "label": "cup",
            "left": 336.0,
            "top": 227.671875,
            "width": 103.02188110351562
        },
        {
            "height": 41.71875,
            "label": "cup",
            "left": 328.1999816894531,
            "top": 220.16249084472656,
            "width": 36.13125228881836
        },
        {
            "height": 419.6062316894531,
            "label": "person",
            "left": 355.3218994140625,
            "top": 2.1468749046325684,
            "width": 244.67811584472656
        }
    ]
}