{
    "image_id": 150417,
    "seq": [
        {
            "height": 327.525,
            "label": "refrigerator",
            "left": 262.284375,
            "top": 0.0,
            "width": 218.45625
        },
        {
            "height": 223.18748372395834,
            "label": "chair",
            "left": 98.60623779296876,
            "top": 184.35,
            "width": 168.253125
        },
        {
            "height": 381.95,
            "label": "dining table",
            "left": 170.184375,
            "top": 208.96253255208333,
            "width": 383.971875
        },
        {
            "height": 330.9375,
            "label": "person",
            "left": 104.93436279296876,
            "top": 87.83749186197916,
            "width": 214.921875
        },
        {
            "height": 54.69999593098958,
            "label": "cup",
            "left": 447.628125,
            "top": 238.375,
            "width": 24.618748474121094
        },
        {
            "height": 114.08749186197916,
            "label": "bowl",
            "left": 335.775,
            "top": 302.8625,
            "width": 102.684375
        },
        {
            "height": 117.31250813802083,
            "label": "cake",
            "left": 252.3375,
            "top": 384.98743489583336,
            "width": 107.19375
        },
        {
            "height": 21.6375,
            "label": "cup",
            "left": 47.60625,
            "top": 134.21248372395834,
            "width": 16.70625
        },
        {
            "height": 28.125,
            "label": "cup",
            "left": 31.903118896484376,
            "top": 127.64999186197916,
            "width": 15.73125
        },
        {
            "height": 116.43750813802083,
            "label": "cup",
            "left": 335.53125,
            "top": 302.9374674479167,
            "width": 103.021875
        },
        {
            "height": 55.625,
            "label": "cup",
            "left": 327.7312744140625,
            "top": 292.925,
            "width": 36.13125
        },
        {
            "height": 559.475,
            "label": "person",
            "left": 354.853125,
            "top": 2.2374867757161456,
            "width": 244.678125
        }
    ]
}