{
    "image_id": 150649,
    "seq": [
        {
            "height": 145.5120086669922,
            "label": "person",
            "left": 130.40399169921875,
            "top": 174.77999877929688,
            "width": 95.1719970703125
        },
        {
            "height": 129.239990234375,
            "label": "person",
            "left": 143.7480010986328,
            "top": 26.579998016357422,
            "width": 88.05599975585938
        },
        {
            "height": 120.7800064086914,
            "label": "person",
            "left": 244.06800842285156,
            "top": 25.5,
            "width": 85.53599548339844
        },
        {
            "height": 182.42401123046875,
            "label": "person",
            "left": 536.6640014648438,
            "top": 169.16400146484375,
            "width": 63.33599853515625
        },
        {
            "height": 47.20800018310547,
            "label": "skateboard",
            "left": 136.05599975585938,
            "top": 281.1000061035156,
            "width": 39.9839973449707
        },
        {
            "height": 19.031997680664062,
            "label": "skateboard",
            "left": 393.0360107421875,
            "top": 143.3520050048828,
            "width": 59.70000076293945
        },
        {
            "height": 12.504000663757324,
            "label": "skateboard",
            "left": 237.89999389648438,
            "top": 139.96800231933594,
            "width": 50.43600082397461
        },
        {
            "height": 15.0,
            "label": "skateboard",
            "left": 139.9199981689453,
            "top": 145.5120086669922,
            "width": 43.560001373291016
        },
        {
            "height": 60.70800018310547,
            "label": "skateboard",
            "left": 560.052001953125,
            "top": 294.7080078125,
            "width": 39.948001861572266
        },
        {
            "height": 5.423999786376953,
            "label": "person",
            "left": 477.1199951171875,
            "top": 97.90799713134766,
            "width": 2.8439998626708984
        },
        {
            "height": 109.2719955444336,
            "label": "person",
            "left": 379.823974609375,
            "top": 44.45999526977539,
            "width": 71.62799835205078
        }
    ]
}