{
    "image_id": 150649,
    "seq": [
        {
            "height": 233.94212218649517,
            "label": "person",
            "left": 129.8040078125,
            "top": 280.0321794614148,
            "width": 95.172
        },
        {
            "height": 207.7813504823151,
            "label": "person",
            "left": 143.147984375,
            "top": 41.76847618569132,
            "width": 88.056
        },
        {
            "height": 194.18006430868166,
            "label": "person",
            "left": 243.468,
            "top": 40.032154340836016,
            "width": 85.536
        },
        {
            "height": 293.2861736334405,
            "label": "person",
            "left": 536.064,
            "top": 271.0032154340836,
            "width": 63.336
        },
        {
            "height": 75.89710610932475,
            "label": "skateboard",
            "left": 135.456,
            "top": 450.9646302250804,
            "width": 39.984
        },
        {
            "height": 30.598067599477492,
            "label": "skateboard",
            "left": 392.436,
            "top": 229.5048482717042,
            "width": 59.7
        },
        {
            "height": 20.10289389067524,
            "label": "skateboard",
            "left": 237.3,
            "top": 224.06430868167203,
            "width": 50.436
        },
        {
            "height": 24.115755627009648,
            "label": "skateboard",
            "left": 139.32,
            "top": 232.97749196141478,
            "width": 43.56
        },
        {
            "height": 97.60128617363344,
            "label": "skateboard",
            "left": 559.452,
            "top": 472.84244372990355,
            "width": 39.948
        },
        {
            "height": 8.720257234726688,
            "label": "person",
            "left": 476.52,
            "top": 156.44375502411575,
            "width": 2.843999755859375
        },
        {
            "height": 175.67845659163987,
            "label": "person",
            "left": 379.224,
            "top": 70.51444433279742,
            "width": 71.628
        }
    ]
}