{
    "image_id": 150638,
    "seq": [
        {
            "height": 154.43923240938167,
            "label": "bottle",
            "left": 513.6375,
            "top": 135.1342950426439,
            "width": 45.15
        },
        {
            "height": 168.23027718550105,
            "label": "bottle",
            "left": 358.0312744140625,
            "top": 142.4904051172708,
            "width": 51.46875
        },
        {
            "height": 68.95522388059702,
            "label": "bottle",
            "left": 409.85625,
            "top": 127.5607759195096,
            "width": 28.921875
        },
        {
            "height": 68.95522388059702,
            "label": "bottle",
            "left": 437.671875,
            "top": 126.9339102478678,
            "width": 30.675
        },
        {
            "height": 209.1172874466951,
            "label": "bottle",
            "left": 283.040625,
            "top": 188.5969982675906,
            "width": 48.628125
        },
        {
            "height": 144.08955223880596,
            "label": "bottle",
            "left": 139.36873779296874,
            "top": 220.43924906716418,
            "width": 28.115628051757813
        },
        {
            "height": 506.96798374200426,
            "label": "dining table",
            "left": 0.0,
            "top": 84.30706956289978,
            "width": 569.128125
        },
        {
            "height": 113.80810234541578,
            "label": "person",
            "left": 171.0656005859375,
            "top": 0.0,
            "width": 138.01875
        },
        {
            "height": 70.33689532249467,
            "label": "person",
            "left": 158.83125,
            "top": 7.624728790478412,
            "width": 26.878128051757812
        },
        {
            "height": 90.88272921108742,
            "label": "cup",
            "left": 335.971875,
            "top": 315.8379530916844,
            "width": 47.840625
        },
        {
            "height": 72.79317697228144,
            "label": "cup",
            "left": 480.750048828125,
            "top": 250.87420042643924,
            "width": 40.00312194824219
        },
        {
            "height": 54.30703208288912,
            "label": "cup",
            "left": 342.609375,
            "top": 178.5287513326226,
            "width": 25.321875
        },
        {
            "height": 33.159914712153515,
            "label": "cup",
            "left": 478.565576171875,
            "top": 217.25369802771854,
            "width": 36.45
        },
        {
            "height": 45.46695095948827,
            "label": "cup",
            "left": 293.25,
            "top": 48.639646355277186,
            "width": 23.024996948242187
        },
        {
            "height": 17.769722814498934,
            "label": "cup",
            "left": 554.015625,
            "top": 87.56929637526652,
            "width": 10.256249237060548
        },
        {
            "height": 32.264388159648185,
            "label": "cup",
            "left": 574.453125,
            "top": 83.87206823027718,
            "width": 25.078125
        },
        {
            "height": 101.59062666577825,
            "label": "person",
            "left": 467.671875,
            "top": 0.0,
            "width": 74.775
        },
        {
            "height": 95.13006396588486,
            "label": "person",
            "left": 135.99373779296874,
            "top": 16.746280108941896,
            "width": 50.971875
        }
    ]
}