{
    "image_id": 150638,
    "seq": [
        {
            "height": 113.17500305175781,
            "label": "bottle",
            "left": 514.1062622070312,
            "top": 99.49687194824219,
            "width": 45.150001525878906
        },
        {
            "height": 123.28125,
            "label": "bottle",
            "left": 358.4999694824219,
            "top": 104.88749694824219,
            "width": 51.468753814697266
        },
        {
            "height": 50.531253814697266,
            "label": "bottle",
            "left": 410.3249816894531,
            "top": 93.9468765258789,
            "width": 28.921875
        },
        {
            "height": 50.531253814697266,
            "label": "bottle",
            "left": 438.140625,
            "top": 93.48750305175781,
            "width": 30.67500114440918
        },
        {
            "height": 153.24375915527344,
            "label": "bottle",
            "left": 283.5093994140625,
            "top": 138.6750030517578,
            "width": 48.62812423706055
        },
        {
            "height": 105.59062194824219,
            "label": "bottle",
            "left": 139.83750915527344,
            "top": 162.00936889648438,
            "width": 28.115625381469727
        },
        {
            "height": 371.5124816894531,
            "label": "dining table",
            "left": 0.0,
            "top": 62.250003814697266,
            "width": 569.1281127929688
        },
        {
            "height": 83.4000015258789,
            "label": "person",
            "left": 171.5343780517578,
            "top": 0.0,
            "width": 138.0187530517578
        },
        {
            "height": 51.54375076293945,
            "label": "person",
            "left": 159.3000030517578,
            "top": 6.056250095367432,
            "width": 26.87812614440918
        },
        {
            "height": 66.5999984741211,
            "label": "cup",
            "left": 336.4406433105469,
            "top": 231.91876220703125,
            "width": 47.84062194824219
        },
        {
            "height": 53.34375,
            "label": "cup",
            "left": 481.2187194824219,
            "top": 184.3125,
            "width": 40.00312423706055
        },
        {
            "height": 39.796875,
            "label": "cup",
            "left": 343.078125,
            "top": 131.296875,
            "width": 25.321874618530273
        },
        {
            "height": 24.299999237060547,
            "label": "cup",
            "left": 479.03436279296875,
            "top": 159.67501831054688,
            "width": 36.45000076293945
        },
        {
            "height": 33.31875228881836,
            "label": "cup",
            "left": 293.7187194824219,
            "top": 36.11249923706055,
            "width": 23.02499771118164
        },
        {
            "height": 13.021875381469727,
            "label": "cup",
            "left": 554.484375,
            "top": 64.64061737060547,
            "width": 10.25624942779541
        },
        {
            "height": 23.643749237060547,
            "label": "cup",
            "left": 574.921875,
            "top": 61.93124771118164,
            "width": 25.078125
        },
        {
            "height": 74.4468765258789,
            "label": "person",
            "left": 468.140625,
            "top": 0.39374998211860657,
            "width": 74.7750015258789
        },
        {
            "height": 69.7125015258789,
            "label": "person",
            "left": 136.46249389648438,
            "top": 12.74062442779541,
            "width": 50.97187423706055
        }
    ]
}