{
    "image_id": 15079,
    "seq": [
        {
            "height": 352.30316162109375,
            "label": "knife",
            "left": 424.15313720703125,
            "top": 8.578125,
            "width": 164.56874084472656
        },
        {
            "height": 233.34375,
            "label": "sandwich",
            "left": 51.618751525878906,
            "top": 97.04999542236328,
            "width": 308.7093811035156
        },
        {
            "height": 201.41249084472656,
            "label": "sandwich",
            "left": 190.65000915527344,
            "top": 7.734375,
            "width": 256.3125
        }
    ]
}