{
    "image_id": 15079,
    "seq": [
        {
            "height": 531.7783755896227,
            "label": "knife",
            "left": 423.684375,
            "top": 12.240568340949292,
            "width": 164.56873779296876
        },
        {
            "height": 352.2169811320755,
            "label": "sandwich",
            "left": 51.149993896484375,
            "top": 145.7830280807783,
            "width": 308.709375
        },
        {
            "height": 304.0188679245283,
            "label": "sandwich",
            "left": 190.18126220703124,
            "top": 10.966994951356131,
            "width": 256.3125
        }
    ]
}