{
    "image_id": 151000,
    "seq": [
        {
            "height": 40.070422535211264,
            "label": "cell phone",
            "left": 230.26875,
            "top": 65.69014084507042,
            "width": 48.075
        },
        {
            "height": 536.7746112089202,
            "label": "person",
            "left": 164.2968505859375,
            "top": 49.22535669747653,
            "width": 201.478125
        },
        {
            "height": 149.00000916960093,
            "label": "person",
            "left": 530.971875,
            "top": 450.2957746478873,
            "width": 38.55
        },
        {
            "height": 400.90144512910797,
            "label": "person",
            "left": 127.48125,
            "top": 196.3098408157277,
            "width": 108.346875
        },
        {
            "height": 325.816864730047,
            "label": "handbag",
            "left": 210.28125,
            "top": 239.1549112382629,
            "width": 72.075
        },
        {
            "height": 63.366201767899064,
            "label": "handbag",
            "left": 521.634423828125,
            "top": 516.6197183098592,
            "width": 24.796875
        },
        {
            "height": 59.591544710974176,
            "label": "handbag",
            "left": 457.3125,
            "top": 538.4648254107981,
            "width": 26.053125
        },
        {
            "height": 282.0422535211268,
            "label": "person",
            "left": 424.35,
            "top": 314.8310225938967,
            "width": 61.059375
        },
        {
            "height": 225.94366197183098,
            "label": "person",
            "left": 461.1375,
            "top": 373.35203931924883,
            "width": 52.275
        },
        {
            "height": 287.5774464495305,
            "label": "person",
            "left": 339.7312255859375,
            "top": 246.91549295774647,
            "width": 56.15625
        },
        {
            "height": 65.80281690140845,
            "label": "person",
            "left": 562.14375,
            "top": 533.4929944248827,
            "width": 37.3875
        },
        {
            "height": 32.38028169014085,
            "label": "tie",
            "left": 193.66873779296876,
            "top": 321.71834653755866,
            "width": 17.128125
        },
        {
            "height": 29.295774647887324,
            "label": "cell phone",
            "left": 154.79063720703124,
            "top": 395.0845070422535,
            "width": 32.03437194824219
        }
    ]
}