{
    "image_id": 151000,
    "seq": [
        {
            "height": 26.671875,
            "label": "cell phone",
            "left": 230.73748779296875,
            "top": 44.193748474121094,
            "width": 48.07499694824219
        },
        {
            "height": 357.2906188964844,
            "label": "person",
            "left": 164.765625,
            "top": 33.234375,
            "width": 201.47813415527344
        },
        {
            "height": 99.17813110351562,
            "label": "person",
            "left": 531.4406127929688,
            "top": 300.1968688964844,
            "width": 38.54999923706055
        },
        {
            "height": 266.8500061035156,
            "label": "person",
            "left": 127.94999694824219,
            "top": 131.13751220703125,
            "width": 108.34687805175781
        },
        {
            "height": 216.8718719482422,
            "label": "handbag",
            "left": 210.75,
            "top": 159.65625,
            "width": 72.07499694824219
        },
        {
            "height": 42.17812728881836,
            "label": "handbag",
            "left": 522.1030883789062,
            "top": 344.34375,
            "width": 24.796875
        },
        {
            "height": 39.66562271118164,
            "label": "handbag",
            "left": 457.7812194824219,
            "top": 358.8843688964844,
            "width": 26.053125381469727
        },
        {
            "height": 187.734375,
            "label": "person",
            "left": 424.81878662109375,
            "top": 210.0281219482422,
            "width": 61.05937194824219
        },
        {
            "height": 150.3937530517578,
            "label": "person",
            "left": 461.6062316894531,
            "top": 248.98123168945312,
            "width": 52.27499771118164
        },
        {
            "height": 191.4187469482422,
            "label": "person",
            "left": 340.20001220703125,
            "top": 164.82186889648438,
            "width": 56.156253814697266
        },
        {
            "height": 43.79999923706055,
            "label": "person",
            "left": 562.6124877929688,
            "top": 355.57501220703125,
            "width": 37.38750076293945
        },
        {
            "height": 21.553125381469727,
            "label": "tie",
            "left": 194.1374969482422,
            "top": 214.6125030517578,
            "width": 17.12812614440918
        },
        {
            "height": 19.5,
            "label": "cell phone",
            "left": 155.25938415527344,
            "top": 263.4468994140625,
            "width": 32.03437423706055
        }
    ]
}