{
    "image_id": 151480,
    "seq": [
        {
            "height": 13.443750381469727,
            "label": "baseball glove",
            "left": 353.33441162109375,
            "top": 234.5625,
            "width": 15.693750381469727
        },
        {
            "height": 14.915624618530273,
            "label": "baseball glove",
            "left": 158.53125,
            "top": 231.8625030517578,
            "width": 11.296875
        },
        {
            "height": 15.12187385559082,
            "label": "baseball glove",
            "left": 233.3718719482422,
            "top": 242.6531219482422,
            "width": 14.868749618530273
        },
        {
            "height": 46.05937576293945,
            "label": "backpack",
            "left": 243.0749969482422,
            "top": 191.82188415527344,
            "width": 20.990623474121094
        },
        {
            "height": 37.171875,
            "label": "backpack",
            "left": 166.9406280517578,
            "top": 191.91563415527344,
            "width": 31.94062614440918
        },
        {
            "height": 135.43125915527344,
            "label": "person",
            "left": 159.00001525878906,
            "top": 164.15625,
            "width": 50.41874694824219
        },
        {
            "height": 135.13124084472656,
            "label": "person",
            "left": 248.72811889648438,
            "top": 173.4187469482422,
            "width": 50.756248474121094
        },
        {
            "height": 120.86250305175781,
            "label": "person",
            "left": 360.12188720703125,
            "top": 176.40936279296875,
            "width": 47.381248474121094
        },
        {
            "height": 139.3125,
            "label": "person",
            "left": 195.03749084472656,
            "top": 162.4499969482422,
            "width": 41.58749771118164
        },
        {
            "height": 45.22500228881836,
            "label": "person",
            "left": 384.5718688964844,
            "top": 68.64375305175781,
            "width": 27.02812385559082
        },
        {
            "height": 89.32499694824219,
            "label": "person",
            "left": 346.15313720703125,
            "top": 25.40625,
            "width": 34.61249923706055
        },
        {
            "height": 54.009376525878906,
            "label": "person",
            "left": 292.1906433105469,
            "top": 59.55937194824219,
            "width": 27.009374618530273
        },
        {
            "height": 124.69686889648438,
            "label": "person",
            "left": 275.390625,
            "top": 170.03436279296875,
            "width": 39.609375
        },
        {
            "height": 13.209375381469727,
            "label": "baseball glove",
            "left": 283.00311279296875,
            "top": 236.83123779296875,
            "width": 15.449999809265137
        },
        {
            "height": 86.25,
            "label": "person",
            "left": 235.16249084472656,
            "top": 170.6531219482422,
            "width": 33.40312576293945
        },
        {
            "height": 75.1312484741211,
            "label": "person",
            "left": 331.42498779296875,
            "top": 39.77812576293945,
            "width": 24.778125762939453
        },
        {
            "height": 22.200000762939453,
            "label": "backpack",
            "left": 175.32188415527344,
            "top": 88.50000762939453,
            "width": 28.059375762939453
        },
        {
            "height": 65.2874984741211,
            "label": "person",
            "left": 225.69375610351562,
            "top": 42.02812576293945,
            "width": 19.753124237060547
        }
    ]
}