{
    "image_id": 151480,
    "seq": [
        {
            "height": 17.925,
            "label": "baseball glove",
            "left": 352.8656494140625,
            "top": 312.125,
            "width": 15.69375
        },
        {
            "height": 19.8875,
            "label": "baseball glove",
            "left": 158.06248779296874,
            "top": 308.525,
            "width": 11.296875
        },
        {
            "height": 20.16249796549479,
            "label": "baseball glove",
            "left": 232.9031005859375,
            "top": 322.91246744791664,
            "width": 14.86875
        },
        {
            "height": 61.4125,
            "label": "backpack",
            "left": 242.6062744140625,
            "top": 255.1375,
            "width": 20.990625
        },
        {
            "height": 49.5625,
            "label": "backpack",
            "left": 166.47186279296875,
            "top": 255.26248372395833,
            "width": 31.940625
        },
        {
            "height": 180.57501627604168,
            "label": "person",
            "left": 158.53125,
            "top": 218.24996744791667,
            "width": 50.41875
        },
        {
            "height": 180.175,
            "label": "person",
            "left": 248.259375,
            "top": 230.6,
            "width": 50.75625
        },
        {
            "height": 161.15,
            "label": "person",
            "left": 359.653125,
            "top": 234.58751627604167,
            "width": 47.38125
        },
        {
            "height": 185.75,
            "label": "person",
            "left": 194.56876220703126,
            "top": 215.975,
            "width": 41.5875
        },
        {
            "height": 60.300008138020836,
            "label": "person",
            "left": 384.103125,
            "top": 90.9,
            "width": 27.028121948242188
        },
        {
            "height": 119.1,
            "label": "person",
            "left": 345.684375,
            "top": 33.24999796549479,
            "width": 34.61249694824219
        },
        {
            "height": 72.0125,
            "label": "person",
            "left": 291.7218994140625,
            "top": 78.7875,
            "width": 27.009375
        },
        {
            "height": 166.2625,
            "label": "person",
            "left": 274.921875,
            "top": 226.0875,
            "width": 39.609375
        },
        {
            "height": 17.6125,
            "label": "baseball glove",
            "left": 282.534375,
            "top": 315.15,
            "width": 15.45
        },
        {
            "height": 115.0,
            "label": "person",
            "left": 234.69375,
            "top": 226.91248372395833,
            "width": 33.403125
        },
        {
            "height": 100.175,
            "label": "person",
            "left": 330.956201171875,
            "top": 52.41250813802083,
            "width": 24.778125
        },
        {
            "height": 29.6,
            "label": "backpack",
            "left": 174.85313720703124,
            "top": 117.37499186197917,
            "width": 28.059375
        },
        {
            "height": 87.05,
            "label": "person",
            "left": 225.225,
            "top": 55.41248779296875,
            "width": 19.753125
        }
    ]
}