{
    "image_id": 151657,
    "seq": [
        {
            "height": 185.034375,
            "label": "tie",
            "left": 220.86233766233767,
            "top": 134.221875,
            "width": 58.8
        },
        {
            "height": 492.13125,
            "label": "person",
            "left": 308.52467532467534,
            "top": 100.65938720703124,
            "width": 224.13508522727273
        },
        {
            "height": 578.371875,
            "label": "person",
            "left": 14.945463423295454,
            "top": 15.075015258789062,
            "width": 318.9817978896104
        }
    ]
}