{
    "image_id": 151629,
    "seq": [
        {
            "height": 100.13436889648438,
            "label": "person",
            "left": 87.12187957763672,
            "top": 437.70941162109375,
            "width": 35.94375228881836
        },
        {
            "height": 62.484375,
            "label": "tennis racket",
            "left": 243.22500610351562,
            "top": 341.92498779296875,
            "width": 81.62812042236328
        },
        {
            "height": 11.850000381469727,
            "label": "sports ball",
            "left": 88.28437042236328,
            "top": 456.54376220703125,
            "width": 10.25624942779541
        },
        {
            "height": 351.1218566894531,
            "label": "person",
            "left": 36.31875228881836,
            "top": 240.9375,
            "width": 305.3812255859375
        },
        {
            "height": 132.421875,
            "label": "person",
            "left": 21.084375381469727,
            "top": 434.8031311035156,
            "width": 80.15625
        },
        {
            "height": 48.25312805175781,
            "label": "tennis racket",
            "left": 13.153124809265137,
            "top": 504.375,
            "width": 20.493751525878906
        }
    ]
}