{
    "image_id": 151657,
    "seq": [
        {
            "height": 185.03436279296875,
            "label": "tie",
            "left": 133.3312530517578,
            "top": 134.6906280517578,
            "width": 35.37187576293945
        },
        {
            "height": 492.1312561035156,
            "label": "person",
            "left": 186.0656280517578,
            "top": 101.12812805175781,
            "width": 134.8312530517578
        },
        {
            "height": 578.3718872070312,
            "label": "person",
            "left": 9.459375381469727,
            "top": 15.543749809265137,
            "width": 191.88748168945312
        }
    ]
}