{
    "image_id": 151629,
    "seq": [
        {
            "height": 100.134375,
            "label": "person",
            "left": 129.87822014051523,
            "top": 437.240625,
            "width": 53.87353629976581
        },
        {
            "height": 62.484375,
            "label": "tennis racket",
            "left": 363.8501170960187,
            "top": 341.45625,
            "width": 122.34660421545668
        },
        {
            "height": 11.85,
            "label": "sports ball",
            "left": 131.62060889929742,
            "top": 456.075,
            "width": 15.372364196062646
        },
        {
            "height": 351.121875,
            "label": "person",
            "left": 53.7330393735363,
            "top": 240.4687744140625,
            "width": 457.7142857142857
        },
        {
            "height": 132.421875,
            "label": "person",
            "left": 30.899295136855972,
            "top": 434.334375,
            "width": 120.14051522248243
        },
        {
            "height": 48.253125,
            "label": "tennis racket",
            "left": 19.01170617132611,
            "top": 503.90625,
            "width": 30.716627634660423
        }
    ]
}