{
    "image_id": 151820,
    "seq": [
        {
            "height": 109.23749542236328,
            "label": "chair",
            "left": 123.05624389648438,
            "top": 291.07501220703125,
            "width": 142.08749389648438
        },
        {
            "height": 121.70625305175781,
            "label": "chair",
            "left": 326.88751220703125,
            "top": 273.39373779296875,
            "width": 153.89060974121094
        },
        {
            "height": 144.5812530517578,
            "label": "chair",
            "left": 466.6500244140625,
            "top": 254.3343963623047,
            "width": 131.0812530517578
        },
        {
            "height": 59.40937423706055,
            "label": "chair",
            "left": 559.987548828125,
            "top": 197.90625,
            "width": 37.46249771118164
        },
        {
            "height": 20.59687614440918,
            "label": "chair",
            "left": 331.359375,
            "top": 173.90625,
            "width": 17.90625
        },
        {
            "height": 83.12812042236328,
            "label": "dining table",
            "left": 174.40313720703125,
            "top": 204.0,
            "width": 223.20001220703125
        },
        {
            "height": 15.721875190734863,
            "label": "cup",
            "left": 283.95001220703125,
            "top": 219.8156280517578,
            "width": 16.65937614440918
        },
        {
            "height": 14.971875190734863,
            "label": "spoon",
            "left": 203.4375,
            "top": 250.15310668945312,
            "width": 9.646875381469727
        },
        {
            "height": 137.8874969482422,
            "label": "handbag",
            "left": 554.9437255859375,
            "top": 254.31561279296875,
            "width": 35.65312576293945
        },
        {
            "height": 89.96249389648438,
            "label": "person",
            "left": 233.8874969482422,
            "top": 130.4343719482422,
            "width": 80.96249389648438
        },
        {
            "height": 123.23436737060547,
            "label": "person",
            "left": 128.203125,
            "top": 123.42186737060547,
            "width": 95.8968734741211
        },
        {
            "height": 251.11874389648438,
            "label": "person",
            "left": 321.46875,
            "top": 148.79063415527344,
            "width": 177.03749084472656
        },
        {
            "height": 85.00312042236328,
            "label": "person",
            "left": 332.09063720703125,
            "top": 131.6999969482422,
            "width": 85.70625305175781
        },
        {
            "height": 223.9968719482422,
            "label": "person",
            "left": 59.37187576293945,
            "top": 135.83438110351562,
            "width": 138.5343780517578
        },
        {
            "height": 28.818748474121094,
            "label": "wine glass",
            "left": 200.625,
            "top": 212.3718719482422,
            "width": 14.934375762939453
        },
        {
            "height": 30.328123092651367,
            "label": "wine glass",
            "left": 212.953125,
            "top": 228.64688110351562,
            "width": 15.262499809265137
        },
        {
            "height": 30.309377670288086,
            "label": "wine glass",
            "left": 310.8656311035156,
            "top": 208.04998779296875,
            "width": 14.859375
        },
        {
            "height": 15.262499809265137,
            "label": "cup",
            "left": 230.8781280517578,
            "top": 219.7781219482422,
            "width": 13.743749618530273
        },
        {
            "height": 8.306249618530273,
            "label": "spoon",
            "left": 480.15936279296875,
            "top": 209.28750610351562,
            "width": 8.681249618530273
        },
        {
            "height": 25.537500381469727,
            "label": "chair",
            "left": 233.390625,
            "top": 176.72811889648438,
            "width": 14.362499237060547
        },
        {
            "height": 182.61563110351562,
            "label": "chair",
            "left": 32.381248474121094,
            "top": 213.19688415527344,
            "width": 37.781246185302734
        },
        {
            "height": 98.8218765258789,
            "label": "person",
            "left": 509.1468811035156,
            "top": 141.1875,
            "width": 53.89687728881836
        },
        {
            "height": 45.02812576293945,
            "label": "bottle",
            "left": 363.09375,
            "top": 188.671875,
            "width": 18.571874618530273
        },
        {
            "height": 28.47187614440918,
            "label": "wine glass",
            "left": 327.4968566894531,
            "top": 224.9250030517578,
            "width": 14.34375
        },
        {
            "height": 13.143750190734863,
            "label": "cup",
            "left": 179.25938415527344,
            "top": 236.47500610351562,
            "width": 18.140625
        },
        {
            "height": 168.3468780517578,
            "label": "person",
            "left": 472.3031311035156,
            "top": 164.56874084472656,
            "width": 91.10625457763672
        }
    ]
}