{
    "image_id": 151820,
    "seq": [
        {
            "height": 163.72833723653395,
            "label": "chair",
            "left": 122.5875,
            "top": 435.56908665105385,
            "width": 142.0875
        },
        {
            "height": 182.41688012295083,
            "label": "chair",
            "left": 326.4187744140625,
            "top": 409.0679522833724,
            "width": 153.890625
        },
        {
            "height": 216.70257611241217,
            "label": "chair",
            "left": 466.18125,
            "top": 380.50124414519905,
            "width": 131.08126220703124
        },
        {
            "height": 89.04449648711943,
            "label": "chair",
            "left": 559.51875,
            "top": 295.92504025175646,
            "width": 37.4625
        },
        {
            "height": 30.871196666422716,
            "label": "chair",
            "left": 330.890625,
            "top": 259.9531432962529,
            "width": 17.90625
        },
        {
            "height": 124.59484777517564,
            "label": "dining table",
            "left": 173.934375,
            "top": 305.05854800936766,
            "width": 223.2
        },
        {
            "height": 23.56440281030445,
            "label": "cup",
            "left": 283.48125,
            "top": 328.76346604215456,
            "width": 16.659375
        },
        {
            "height": 22.440281030444964,
            "label": "spoon",
            "left": 202.96876220703126,
            "top": 374.23415544496487,
            "width": 9.646875762939453
        },
        {
            "height": 206.66978922716626,
            "label": "handbag",
            "left": 554.475,
            "top": 380.4730679156909,
            "width": 35.653125
        },
        {
            "height": 134.8384074941452,
            "label": "person",
            "left": 233.41875,
            "top": 194.79623463114754,
            "width": 80.9625
        },
        {
            "height": 184.70725995316158,
            "label": "person",
            "left": 127.734375,
            "top": 184.28571428571428,
            "width": 95.896875
        },
        {
            "height": 376.38403834894615,
            "label": "person",
            "left": 321.0,
            "top": 222.30915178571428,
            "width": 177.0375
        },
        {
            "height": 127.40515222482436,
            "label": "person",
            "left": 331.621875,
            "top": 196.69322672716626,
            "width": 85.70625
        },
        {
            "height": 335.73302107728335,
            "label": "person",
            "left": 58.90311889648437,
            "top": 202.88994803864168,
            "width": 138.534375
        },
        {
            "height": 43.19437481703747,
            "label": "wine glass",
            "left": 200.15625,
            "top": 317.6065207845433,
            "width": 14.934375
        },
        {
            "height": 45.45667447306791,
            "label": "wine glass",
            "left": 212.484375,
            "top": 342.0,
            "width": 15.2625
        },
        {
            "height": 45.428576002634664,
            "label": "wine glass",
            "left": 310.396875,
            "top": 311.128769028103,
            "width": 14.859375
        },
        {
            "height": 22.875878220140514,
            "label": "cup",
            "left": 230.4093994140625,
            "top": 328.7072599531616,
            "width": 13.74375
        },
        {
            "height": 12.449648711943794,
            "label": "spoon",
            "left": 479.690625,
            "top": 312.9836431498829,
            "width": 8.68125
        },
        {
            "height": 38.276346604215455,
            "label": "chair",
            "left": 232.9218505859375,
            "top": 264.1826880854801,
            "width": 14.3625
        },
        {
            "height": 273.7096201697892,
            "label": "chair",
            "left": 31.912496948242186,
            "top": 318.8430913348946,
            "width": 37.781246948242185
        },
        {
            "height": 148.11710516686182,
            "label": "person",
            "left": 508.678173828125,
            "top": 210.91331235362998,
            "width": 53.896875
        },
        {
            "height": 67.48946135831382,
            "label": "bottle",
            "left": 362.625,
            "top": 282.08430913348946,
            "width": 18.571875
        },
        {
            "height": 42.674477641978925,
            "label": "wine glass",
            "left": 327.0281494140625,
            "top": 336.42158225995314,
            "width": 14.34375
        },
        {
            "height": 19.70023419203747,
            "label": "cup",
            "left": 178.79061279296874,
            "top": 353.73302107728335,
            "width": 18.140625
        },
        {
            "height": 252.32320330796253,
            "label": "person",
            "left": 471.834375,
            "top": 245.9578637295082,
            "width": 91.10625610351562
        }
    ]
}