{
    "image_id": 151962,
    "seq": [
        {
            "height": 149.09812108559498,
            "label": "dog",
            "left": 320.68125,
            "top": 299.9749478079332,
            "width": 100.69688110351562
        },
        {
            "height": 468.451004697286,
            "label": "car",
            "left": 60.815618896484374,
            "top": 121.71604253653445,
            "width": 379.74375
        },
        {
            "height": 113.24844239300626,
            "label": "person",
            "left": 49.9875,
            "top": 474.0751239561587,
            "width": 35.31562194824219
        }
    ]
}