{
    "image_id": 151938,
    "seq": [
        {
            "height": 45.12187576293945,
            "label": "bottle",
            "left": 227.39064025878906,
            "top": 165.9562530517578,
            "width": 9.918749809265137
        },
        {
            "height": 50.26874923706055,
            "label": "umbrella",
            "left": 222.234375,
            "top": 100.36874389648438,
            "width": 134.90625
        },
        {
            "height": 234.9093780517578,
            "label": "dining table",
            "left": 151.5281219482422,
            "top": 161.96249389648438,
            "width": 167.24063110351562
        },
        {
            "height": 111.81562805175781,
            "label": "person",
            "left": 256.2187194824219,
            "top": 157.3125,
            "width": 75.0374984741211
        },
        {
            "height": 68.71875,
            "label": "person",
            "left": 244.8562469482422,
            "top": 147.88125610351562,
            "width": 42.91875076293945
        },
        {
            "height": 80.4000015258789,
            "label": "cup",
            "left": 206.56875610351562,
            "top": 411.2156066894531,
            "width": 45.74062728881836
        },
        {
            "height": 12.515625,
            "label": "wine glass",
            "left": 231.78750610351562,
            "top": 199.6593780517578,
            "width": 11.793749809265137
        },
        {
            "height": 587.5687255859375,
            "label": "person",
            "left": 6.215624809265137,
            "top": 2.484375238418579,
            "width": 289.125
        },
        {
            "height": 590.625,
            "label": "person",
            "left": 300.0,
            "top": 0.778124988079071,
            "width": 140.625
        }
    ]
}