{
    "image_id": 151938,
    "seq": [
        {
            "height": 45.121875,
            "label": "bottle",
            "left": 309.0,
            "top": 165.4875,
            "width": 13.506382978723405
        },
        {
            "height": 50.26875,
            "label": "umbrella",
            "left": 301.97872340425533,
            "top": 99.9,
            "width": 183.70212765957447
        },
        {
            "height": 234.909375,
            "label": "dining table",
            "left": 205.6978557180851,
            "top": 161.49376220703124,
            "width": 227.73193151595746
        },
        {
            "height": 111.815625,
            "label": "person",
            "left": 348.25535239361704,
            "top": 156.84375,
            "width": 102.1787150930851
        },
        {
            "height": 68.71875,
            "label": "person",
            "left": 332.78297872340426,
            "top": 147.41248779296876,
            "width": 58.44255319148936
        },
        {
            "height": 80.4,
            "label": "cup",
            "left": 280.6468085106383,
            "top": 410.746875,
            "width": 62.285106382978725
        },
        {
            "height": 12.515625,
            "label": "wine glass",
            "left": 314.9872340425532,
            "top": 199.19063720703124,
            "width": 16.059574468085106
        },
        {
            "height": 587.56875,
            "label": "person",
            "left": 7.825542823304521,
            "top": 2.0156085968017576,
            "width": 393.70212765957444
        },
        {
            "height": 590.625,
            "label": "person",
            "left": 407.8723404255319,
            "top": 0.30936598777770996,
            "width": 191.48936170212767
        }
    ]
}