{
    "image_id": 151962,
    "seq": [
        {
            "height": 111.59062194824219,
            "label": "dog",
            "left": 321.1499938964844,
            "top": 224.9812469482422,
            "width": 100.6968765258789
        },
        {
            "height": 350.60626220703125,
            "label": "car",
            "left": 61.28437805175781,
            "top": 91.56562805175781,
            "width": 379.7437438964844
        },
        {
            "height": 84.7593765258789,
            "label": "person",
            "left": 50.45624923706055,
            "top": 355.28436279296875,
            "width": 35.31562423706055
        }
    ]
}