{
    "image_id": 15254,
    "seq": [
        {
            "height": 348.0187683105469,
            "label": "spoon",
            "left": 491.6999816894531,
            "top": 25.696874618530273,
            "width": 92.5406265258789
        },
        {
            "height": 213.19688415527344,
            "label": "bowl",
            "left": 357.1312561035156,
            "top": 152.99063110351562,
            "width": 197.90625
        },
        {
            "height": 204.20626831054688,
            "label": "bowl",
            "left": 1.8000000715255737,
            "top": 155.625,
            "width": 353.53125
        },
        {
            "height": 149.3249969482422,
            "label": "bowl",
            "left": 59.37187576293945,
            "top": 8.100000381469727,
            "width": 287.8687438964844
        },
        {
            "height": 135.6374969482422,
            "label": "carrot",
            "left": 372.9937438964844,
            "top": 19.781251907348633,
            "width": 40.509376525878906
        },
        {
            "height": 124.0406265258789,
            "label": "carrot",
            "left": 443.54058837890625,
            "top": 25.931249618530273,
            "width": 45.10312271118164
        },
        {
            "height": 135.00936889648438,
            "label": "carrot",
            "left": 354.9937744140625,
            "top": 10.856249809265137,
            "width": 26.437501907348633
        },
        {
            "height": 142.125,
            "label": "carrot",
            "left": 352.6312561035156,
            "top": 8.568750381469727,
            "width": 138.7218780517578
        }
    ]
}