{
    "image_id": 15254,
    "seq": [
        {
            "height": 521.6206454918033,
            "label": "spoon",
            "left": 491.231298828125,
            "top": 37.812609777517565,
            "width": 92.54063110351562
        },
        {
            "height": 319.5456674473068,
            "label": "bowl",
            "left": 356.6625,
            "top": 228.60419716042153,
            "width": 197.90625
        },
        {
            "height": 306.07027590749414,
            "label": "bowl",
            "left": 1.3312519073486329,
            "top": 232.55269320843092,
            "width": 353.5312255859375
        },
        {
            "height": 223.81264637002343,
            "label": "bowl",
            "left": 58.903125,
            "top": 11.437929961943794,
            "width": 287.86875
        },
        {
            "height": 203.2974055913349,
            "label": "carrot",
            "left": 372.5249755859375,
            "top": 28.946138118413348,
            "width": 40.509375
        },
        {
            "height": 185.91569086651054,
            "label": "carrot",
            "left": 443.071875,
            "top": 38.16393900029274,
            "width": 45.103125
        },
        {
            "height": 202.3559718969555,
            "label": "carrot",
            "left": 354.525,
            "top": 15.569086651053864,
            "width": 26.4375
        },
        {
            "height": 213.02107728337236,
            "label": "carrot",
            "left": 352.1625244140625,
            "top": 12.140502643808547,
            "width": 138.721875
        }
    ]
}