{
    "image_id": 152686,
    "seq": [
        {
            "height": 16.59375,
            "label": "sports ball",
            "left": 575.8968505859375,
            "top": 84.73125457763672,
            "width": 19.987499237060547
        },
        {
            "height": 343.0500183105469,
            "label": "person",
            "left": 216.92813110351562,
            "top": 21.862499237060547,
            "width": 164.7937469482422
        },
        {
            "height": 260.671875,
            "label": "person",
            "left": 0.375,
            "top": 103.86563110351562,
            "width": 32.83124923706055
        },
        {
            "height": 46.21875,
            "label": "tennis racket",
            "left": 291.82501220703125,
            "top": 10.996874809265137,
            "width": 78.890625
        }
    ]
}