{
    "image_id": 152686,
    "seq": [
        {
            "height": 26.55,
            "label": "sports ball",
            "left": 575.428125,
            "top": 134.82001953125,
            "width": 19.9875
        },
        {
            "height": 548.880078125,
            "label": "person",
            "left": 216.4593994140625,
            "top": 34.2299658203125,
            "width": 164.79375
        },
        {
            "height": 417.075,
            "label": "person",
            "left": 0.0,
            "top": 165.435,
            "width": 32.83125
        },
        {
            "height": 73.95,
            "label": "tennis racket",
            "left": 291.35625,
            "top": 16.84501953125,
            "width": 78.890625
        }
    ]
}