{
    "image_id": 152771,
    "seq": [
        {
            "height": 79.70624542236328,
            "label": "bicycle",
            "left": 314.5687561035156,
            "top": 265.09686279296875,
            "width": 106.42499542236328
        },
        {
            "height": 26.924999237060547,
            "label": "car",
            "left": 532.7249755859375,
            "top": 256.8374938964844,
            "width": 28.84687614440918
        },
        {
            "height": 30.703125,
            "label": "fire hydrant",
            "left": 226.37811279296875,
            "top": 276.6468505859375,
            "width": 16.912500381469727
        },
        {
            "height": 29.915624618530273,
            "label": "car",
            "left": 1.443750023841858,
            "top": 243.46876525878906,
            "width": 60.46875
        },
        {
            "height": 26.19375228881836,
            "label": "car",
            "left": 569.3530883789062,
            "top": 258.2531433105469,
            "width": 28.303125381469727
        },
        {
            "height": 20.934375762939453,
            "label": "fire hydrant",
            "left": 575.5968627929688,
            "top": 277.3218688964844,
            "width": 8.353124618530273
        }
    ]
}