{
    "image_id": 152740,
    "seq": [
        {
            "height": 92.88218112726587,
            "label": "cow",
            "left": 156.39376220703124,
            "top": 299.41991597432025,
            "width": 76.33125
        },
        {
            "height": 119.49244712990937,
            "label": "cow",
            "left": 137.4375,
            "top": 320.5558204305136,
            "width": 33.946875
        },
        {
            "height": 104.08459214501511,
            "label": "cow",
            "left": 376.9781005859375,
            "top": 404.8640483383686,
            "width": 51.534375
        },
        {
            "height": 83.65558912386707,
            "label": "cow",
            "left": 428.128125,
            "top": 265.7583081570997,
            "width": 48.965625
        },
        {
            "height": 67.17824773413898,
            "label": "cow",
            "left": 234.1875,
            "top": 155.5287009063444,
            "width": 62.08125
        },
        {
            "height": 68.2839820147281,
            "label": "cow",
            "left": 165.23438720703126,
            "top": 234.50750566465257,
            "width": 49.903125
        },
        {
            "height": 60.398791540785496,
            "label": "cow",
            "left": 155.315625,
            "top": 216.1449679003021,
            "width": 41.859375
        },
        {
            "height": 61.01510574018127,
            "label": "cow",
            "left": 85.98750610351563,
            "top": 196.8942480173716,
            "width": 21.815625
        },
        {
            "height": 42.453172205438065,
            "label": "cow",
            "left": 225.0093505859375,
            "top": 165.96974131419938,
            "width": 24.9
        },
        {
            "height": 93.66162551925981,
            "label": "cow",
            "left": 281.49375,
            "top": 267.5891238670695,
            "width": 66.534375
        },
        {
            "height": 54.90634441087613,
            "label": "cow",
            "left": 454.865625,
            "top": 457.5226586102719,
            "width": 22.265625
        },
        {
            "height": 72.598193211858,
            "label": "cow",
            "left": 545.071923828125,
            "top": 448.2417390483384,
            "width": 54.459375
        },
        {
            "height": 64.404833836858,
            "label": "cow",
            "left": 500.090673828125,
            "top": 206.30216200906344,
            "width": 38.00625
        },
        {
            "height": 46.82175226586103,
            "label": "cow",
            "left": 328.35,
            "top": 224.6646997734139,
            "width": 16.74375
        }
    ]
}