{
    "image_id": 152740,
    "seq": [
        {
            "height": 48.03750228881836,
            "label": "cow",
            "left": 156.8625030517578,
            "top": 155.3249969482422,
            "width": 76.33125305175781
        },
        {
            "height": 61.79999923706055,
            "label": "cow",
            "left": 137.90626525878906,
            "top": 166.25624084472656,
            "width": 33.94687271118164
        },
        {
            "height": 53.83124542236328,
            "label": "cow",
            "left": 377.4468688964844,
            "top": 209.859375,
            "width": 51.53437805175781
        },
        {
            "height": 43.265628814697266,
            "label": "cow",
            "left": 428.5968933105469,
            "top": 137.91563415527344,
            "width": 48.96562576293945
        },
        {
            "height": 34.743751525878906,
            "label": "cow",
            "left": 234.65625,
            "top": 80.90625,
            "width": 62.08125305175781
        },
        {
            "height": 35.31562423706055,
            "label": "cow",
            "left": 165.703125,
            "top": 121.75312042236328,
            "width": 49.90312576293945
        },
        {
            "height": 31.237499237060547,
            "label": "cow",
            "left": 155.7843780517578,
            "top": 112.2562484741211,
            "width": 41.859375
        },
        {
            "height": 31.556249618530273,
            "label": "cow",
            "left": 86.45625305175781,
            "top": 102.30000305175781,
            "width": 21.81562614440918
        },
        {
            "height": 21.956249237060547,
            "label": "cow",
            "left": 225.47811889648438,
            "top": 86.30624389648438,
            "width": 24.899999618530273
        },
        {
            "height": 48.44062423706055,
            "label": "cow",
            "left": 281.9624938964844,
            "top": 138.86248779296875,
            "width": 66.53437805175781
        },
        {
            "height": 28.396875381469727,
            "label": "cow",
            "left": 455.3343811035156,
            "top": 237.09373474121094,
            "width": 22.265625
        },
        {
            "height": 37.546875,
            "label": "cow",
            "left": 545.5405883789062,
            "top": 232.2937469482422,
            "width": 54.459373474121094
        },
        {
            "height": 33.30937576293945,
            "label": "cow",
            "left": 500.5593566894531,
            "top": 107.16561889648438,
            "width": 38.006248474121094
        },
        {
            "height": 24.21562385559082,
            "label": "cow",
            "left": 328.8187255859375,
            "top": 116.66250610351562,
            "width": 16.743749618530273
        }
    ]
}