{
    "image_id": 152771,
    "seq": [
        {
            "height": 106.49686032098121,
            "label": "bicycle",
            "left": 314.1,
            "top": 353.5741127348643,
            "width": 106.42498779296875
        },
        {
            "height": 35.97494780793319,
            "label": "car",
            "left": 532.25625,
            "top": 342.5386221294363,
            "width": 28.846875
        },
        {
            "height": 41.02296450939457,
            "label": "fire hydrant",
            "left": 225.909375,
            "top": 369.0062630480167,
            "width": 16.912501525878906
        },
        {
            "height": 39.970772442588725,
            "label": "car",
            "left": 0.9750008583068848,
            "top": 324.6764091858038,
            "width": 60.46875
        },
        {
            "height": 34.997916394832984,
            "label": "car",
            "left": 568.884375,
            "top": 344.43006263048017,
            "width": 28.303125
        },
        {
            "height": 27.970772442588725,
            "label": "fire hydrant",
            "left": 575.128076171875,
            "top": 369.90817458246346,
            "width": 8.353125
        }
    ]
}