{
    "image_id": 153011,
    "seq": [
        {
            "height": 33.984375,
            "label": "car",
            "left": 305.8500061035156,
            "top": 203.47499084472656,
            "width": 67.66874694824219
        },
        {
            "height": 22.865623474121094,
            "label": "car",
            "left": 341.4562683105469,
            "top": 200.25936889648438,
            "width": 53.60625076293945
        },
        {
            "height": 24.609375,
            "label": "car",
            "left": 434.0062255859375,
            "top": 201.4031219482422,
            "width": 18.131250381469727
        },
        {
            "height": 207.60000610351562,
            "label": "bus",
            "left": 447.9562683105469,
            "top": 78.84375,
            "width": 152.04373168945312
        },
        {
            "height": 118.77188110351562,
            "label": "chair",
            "left": 70.42500305175781,
            "top": 264.7406311035156,
            "width": 83.92499542236328
        },
        {
            "height": 154.37811279296875,
            "label": "truck",
            "left": 0.0,
            "top": 105.9375,
            "width": 297.6468505859375
        },
        {
            "height": 43.218746185302734,
            "label": "handbag",
            "left": 437.6343688964844,
            "top": 219.44064331054688,
            "width": 16.509374618530273
        },
        {
            "height": 172.921875,
            "label": "truck",
            "left": 449.6906433105469,
            "top": 110.8218765258789,
            "width": 150.30938720703125
        },
        {
            "height": 132.17813110351562,
            "label": "person",
            "left": 403.5843811035156,
            "top": 195.74061584472656,
            "width": 43.38749694824219
        },
        {
            "height": 131.671875,
            "label": "person",
            "left": 388.546875,
            "top": 189.421875,
            "width": 27.140625
        },
        {
            "height": 170.671875,
            "label": "person",
            "left": 91.10625457763672,
            "top": 188.5031280517578,
            "width": 100.0687484741211
        },
        {
            "height": 90.38438415527344,
            "label": "person",
            "left": 202.95938110351562,
            "top": 180.97499084472656,
            "width": 28.80937385559082
        },
        {
            "height": 140.8874969482422,
            "label": "person",
            "left": 0.0,
            "top": 192.05624389648438,
            "width": 26.353126525878906
        },
        {
            "height": 50.053123474121094,
            "label": "person",
            "left": 18.834375381469727,
            "top": 215.52188110351562,
            "width": 16.612499237060547
        },
        {
            "height": 99.1031265258789,
            "label": "person",
            "left": 128.42813110351562,
            "top": 203.25936889648438,
            "width": 42.468746185302734
        },
        {
            "height": 47.03437423706055,
            "label": "person",
            "left": 154.359375,
            "top": 179.89686584472656,
            "width": 29.128124237060547
        },
        {
            "height": 108.90937042236328,
            "label": "dining table",
            "left": 481.1624755859375,
            "top": 248.25,
            "width": 73.47187805175781
        },
        {
            "height": 80.4375,
            "label": "dining table",
            "left": 344.2406311035156,
            "top": 233.7843780517578,
            "width": 44.09062576293945
        },
        {
            "height": 64.70624542236328,
            "label": "dining table",
            "left": 324.5812683105469,
            "top": 225.66563415527344,
            "width": 45.66562271118164
        },
        {
            "height": 68.4749984741211,
            "label": "dining table",
            "left": 207.9562530517578,
            "top": 220.79061889648438,
            "width": 47.33437728881836
        },
        {
            "height": 86.74687957763672,
            "label": "person",
            "left": 22.996875762939453,
            "top": 206.578125,
            "width": 44.109375
        },
        {
            "height": 35.90625,
            "label": "handbag",
            "left": 163.16249084472656,
            "top": 220.2468719482422,
            "width": 29.137500762939453
        },
        {
            "height": 86.0062484741211,
            "label": "chair",
            "left": 38.50312423706055,
            "top": 238.06875610351562,
            "width": 49.81875228881836
        },
        {
            "height": 7.67812442779541,
            "label": "dining table",
            "left": 23.765625,
            "top": 238.27500915527344,
            "width": 20.756250381469727
        },
        {
            "height": 8.643750190734863,
            "label": "car",
            "left": 340.4718933105469,
            "top": 198.34689331054688,
            "width": 17.081249237060547
        }
    ]
}