{
    "image_id": 153011,
    "seq": [
        {
            "height": 45.3125,
            "label": "car",
            "left": 305.38125,
            "top": 270.67498372395835,
            "width": 67.66875
        },
        {
            "height": 30.4875,
            "label": "car",
            "left": 340.9875,
            "top": 266.3874837239583,
            "width": 53.60625
        },
        {
            "height": 32.8125,
            "label": "car",
            "left": 433.537451171875,
            "top": 267.91248372395836,
            "width": 18.13125
        },
        {
            "height": 276.8,
            "label": "bus",
            "left": 447.4875,
            "top": 104.49999186197917,
            "width": 152.04373779296876
        },
        {
            "height": 158.3625,
            "label": "chair",
            "left": 69.95624389648438,
            "top": 352.3624674479167,
            "width": 83.92499389648438
        },
        {
            "height": 205.83748372395834,
            "label": "truck",
            "left": 0.0,
            "top": 140.62498372395834,
            "width": 297.646875
        },
        {
            "height": 57.625,
            "label": "handbag",
            "left": 437.165576171875,
            "top": 291.9625,
            "width": 16.509375
        },
        {
            "height": 230.5625,
            "label": "truck",
            "left": 449.221875,
            "top": 147.1375,
            "width": 150.30938720703125
        },
        {
            "height": 176.2375,
            "label": "person",
            "left": 403.115625,
            "top": 260.3625162760417,
            "width": 43.3875
        },
        {
            "height": 175.5625,
            "label": "person",
            "left": 388.0781005859375,
            "top": 251.93746744791667,
            "width": 27.140625
        },
        {
            "height": 227.5625,
            "label": "person",
            "left": 90.6375,
            "top": 250.71251627604167,
            "width": 100.06875
        },
        {
            "height": 120.51250813802083,
            "label": "person",
            "left": 202.490625,
            "top": 240.67501627604167,
            "width": 28.809375
        },
        {
            "height": 187.85,
            "label": "person",
            "left": 0.0,
            "top": 255.45001627604168,
            "width": 26.353125
        },
        {
            "height": 66.7375,
            "label": "person",
            "left": 18.365625,
            "top": 286.7374674479167,
            "width": 16.6125
        },
        {
            "height": 132.1375,
            "label": "person",
            "left": 127.95936279296875,
            "top": 270.3875,
            "width": 42.468746948242185
        },
        {
            "height": 62.71249593098958,
            "label": "person",
            "left": 153.89063720703126,
            "top": 239.2375,
            "width": 29.128125
        },
        {
            "height": 145.2125,
            "label": "dining table",
            "left": 480.69375,
            "top": 330.3750325520833,
            "width": 73.471875
        },
        {
            "height": 107.25,
            "label": "dining table",
            "left": 343.771875,
            "top": 311.08746744791665,
            "width": 44.090625
        },
        {
            "height": 86.27499186197916,
            "label": "dining table",
            "left": 324.1125,
            "top": 300.2625,
            "width": 45.665625
        },
        {
            "height": 91.3,
            "label": "dining table",
            "left": 207.4875,
            "top": 293.7625,
            "width": 47.33437805175781
        },
        {
            "height": 115.6625,
            "label": "person",
            "left": 22.528123474121095,
            "top": 274.8125,
            "width": 44.109375
        },
        {
            "height": 47.875,
            "label": "handbag",
            "left": 162.69376220703126,
            "top": 293.03746744791664,
            "width": 29.1375
        },
        {
            "height": 114.675,
            "label": "chair",
            "left": 38.03437194824219,
            "top": 316.8,
            "width": 49.81875
        },
        {
            "height": 10.237498982747395,
            "label": "dining table",
            "left": 23.296873474121092,
            "top": 317.0750325520833,
            "width": 20.75625
        },
        {
            "height": 11.525,
            "label": "car",
            "left": 340.0031494140625,
            "top": 263.83751627604164,
            "width": 17.08125
        }
    ]
}