{
    "image_id": 153229,
    "seq": [
        {
            "height": 390.0656455142232,
            "label": "person",
            "left": 317.71875,
            "top": 192.68273044310723,
            "width": 146.034375
        },
        {
            "height": 277.0240700218818,
            "label": "person",
            "left": 485.86875,
            "top": 232.4507658643326,
            "width": 57.890625
        },
        {
            "height": 474.8927106126915,
            "label": "person",
            "left": 218.55,
            "top": 39.70242409737418,
            "width": 97.021875
        },
        {
            "height": 310.42450765864334,
            "label": "person",
            "left": 484.246923828125,
            "top": 285.19038908643324,
            "width": 115.284375
        },
        {
            "height": 222.98468271334792,
            "label": "person",
            "left": 112.65,
            "top": 293.1334792122538,
            "width": 64.753125
        },
        {
            "height": 230.63894967177242,
            "label": "person",
            "left": 110.32501220703125,
            "top": 270.01311200765866,
            "width": 77.95313110351563
        },
        {
            "height": 11.908096280087527,
            "label": "frisbee",
            "left": 318.2062255859375,
            "top": 13.076590707056893,
            "width": 40.584375
        },
        {
            "height": 44.12691466083151,
            "label": "frisbee",
            "left": 490.490625,
            "top": 312.3413566739606,
            "width": 15.95625
        },
        {
            "height": 487.7855579868709,
            "label": "person",
            "left": 157.55625,
            "top": 42.98469980853392,
            "width": 123.515625
        }
    ]
}