{
    "image_id": 1532,
    "seq": [
        {
            "height": 96.06562042236328,
            "label": "car",
            "left": 1.0125000476837158,
            "top": 346.546875,
            "width": 111.234375
        },
        {
            "height": 42.66562271118164,
            "label": "car",
            "left": 470.15625,
            "top": 372.6468811035156,
            "width": 46.72500228881836
        },
        {
            "height": 24.581249237060547,
            "label": "car",
            "left": 188.04376220703125,
            "top": 376.40625,
            "width": 30.609376907348633
        },
        {
            "height": 55.86562728881836,
            "label": "car",
            "left": 99.55313110351562,
            "top": 352.2281188964844,
            "width": 74.1468734741211
        },
        {
            "height": 14.662500381469727,
            "label": "truck",
            "left": 211.4718780517578,
            "top": 366.7593688964844,
            "width": 18.40312385559082
        },
        {
            "height": 51.41250228881836,
            "label": "car",
            "left": 399.6937255859375,
            "top": 374.7093811035156,
            "width": 60.25312042236328
        },
        {
            "height": 26.08125114440918,
            "label": "car",
            "left": 380.37188720703125,
            "top": 376.875,
            "width": 23.868749618530273
        },
        {
            "height": 110.90625,
            "label": "car",
            "left": 210.98439025878906,
            "top": 339.0937805175781,
            "width": 183.17811584472656
        }
    ]
}