{
    "image_id": 153229,
    "seq": [
        {
            "height": 278.53125,
            "label": "person",
            "left": 318.1875,
            "top": 138.05624389648438,
            "width": 146.0343780517578
        },
        {
            "height": 197.8125,
            "label": "person",
            "left": 486.3374938964844,
            "top": 166.45314025878906,
            "width": 57.890625
        },
        {
            "height": 339.10308837890625,
            "label": "person",
            "left": 219.01873779296875,
            "top": 28.818748474121094,
            "width": 97.0218734741211
        },
        {
            "height": 221.66250610351562,
            "label": "person",
            "left": 484.71563720703125,
            "top": 204.11248779296875,
            "width": 115.28437805175781
        },
        {
            "height": 159.22499084472656,
            "label": "person",
            "left": 113.1187515258789,
            "top": 209.7843780517578,
            "width": 64.75312805175781
        },
        {
            "height": 164.69061279296875,
            "label": "person",
            "left": 110.79374694824219,
            "top": 193.27500915527344,
            "width": 77.95313262939453
        },
        {
            "height": 8.503124237060547,
            "label": "frisbee",
            "left": 318.6750183105469,
            "top": 9.806249618530273,
            "width": 40.584373474121094
        },
        {
            "height": 31.509376525878906,
            "label": "frisbee",
            "left": 490.9593811035156,
            "top": 223.5,
            "width": 15.956250190734863
        },
        {
            "height": 348.30938720703125,
            "label": "person",
            "left": 158.02499389648438,
            "top": 31.162500381469727,
            "width": 123.515625
        }
    ]
}