{
    "image_id": 1532,
    "seq": [
        {
            "height": 128.0875,
            "label": "car",
            "left": 0.543750810623169,
            "top": 461.4375325520833,
            "width": 111.234375
        },
        {
            "height": 56.887491861979164,
            "label": "car",
            "left": 469.6875,
            "top": 496.2375,
            "width": 46.72500305175781
        },
        {
            "height": 32.775,
            "label": "car",
            "left": 187.57498779296876,
            "top": 501.25,
            "width": 30.609375
        },
        {
            "height": 74.4875,
            "label": "car",
            "left": 99.08438720703126,
            "top": 469.0125,
            "width": 74.14686889648438
        },
        {
            "height": 19.55,
            "label": "truck",
            "left": 211.003125,
            "top": 488.38756510416664,
            "width": 18.403123474121095
        },
        {
            "height": 68.55000813802083,
            "label": "car",
            "left": 399.225,
            "top": 498.9875,
            "width": 60.253118896484374
        },
        {
            "height": 34.775,
            "label": "car",
            "left": 379.9031005859375,
            "top": 501.8749674479167,
            "width": 23.868748474121094
        },
        {
            "height": 147.875,
            "label": "car",
            "left": 210.515625,
            "top": 451.49993489583335,
            "width": 183.178125
        }
    ]
}