{
    "image_id": 15335,
    "seq": [
        {
            "height": 163.55625915527344,
            "label": "couch",
            "left": 1.931249976158142,
            "top": 134.5124969482422,
            "width": 510.9749755859375
        },
        {
            "height": 429.81561279296875,
            "label": "person",
            "left": 343.0500183105469,
            "top": 14.128124237060547,
            "width": 256.9499816894531
        },
        {
            "height": 314.49371337890625,
            "label": "person",
            "left": 162.80625915527344,
            "top": 130.45310974121094,
            "width": 195.1687469482422
        },
        {
            "height": 100.453125,
            "label": "person",
            "left": 222.60935974121094,
            "top": 43.52812576293945,
            "width": 93.4124984741211
        },
        {
            "height": 352.7062683105469,
            "label": "person",
            "left": 1.0125000476837158,
            "top": 67.3968734741211,
            "width": 199.6593780517578
        },
        {
            "height": 121.19999694824219,
            "label": "person",
            "left": 477.0281066894531,
            "top": 33.16875076293945,
            "width": 46.321876525878906
        },
        {
            "height": 59.868751525878906,
            "label": "person",
            "left": 519.515625,
            "top": 22.162498474121094,
            "width": 34.33124923706055
        },
        {
            "height": 47.32499694824219,
            "label": "bowl",
            "left": 0.26250001788139343,
            "top": 402.67498779296875,
            "width": 92.484375
        },
        {
            "height": 132.8625030517578,
            "label": "person",
            "left": 507.609375,
            "top": 19.88437271118164,
            "width": 70.37812805175781
        },
        {
            "height": 104.7562484741211,
            "label": "person",
            "left": 322.1531066894531,
            "top": 50.296878814697266,
            "width": 157.14373779296875
        },
        {
            "height": 79.3968734741211,
            "label": "person",
            "left": 150.36561584472656,
            "top": 62.51250076293945,
            "width": 73.1156234741211
        },
        {
            "height": 53.53125,
            "label": "cup",
            "left": 562.4625244140625,
            "top": 396.46875,
            "width": 37.53750228881836
        },
        {
            "height": 15.703125,
            "label": "cell phone",
            "left": 2.3156251907348633,
            "top": 287.3812561035156,
            "width": 42.07500076293945
        },
        {
            "height": 25.96875,
            "label": "person",
            "left": 339.7875061035156,
            "top": 96.03750610351562,
            "width": 22.71562385559082
        },
        {
            "height": 44.09062576293945,
            "label": "person",
            "left": 502.3312683105469,
            "top": 20.287500381469727,
            "width": 28.265623092651367
        }
    ]
}