{
    "image_id": 15335,
    "seq": [
        {
            "height": 218.07501627604168,
            "label": "couch",
            "left": 1.462501335144043,
            "top": 178.725,
            "width": 510.975
        },
        {
            "height": 573.0875,
            "label": "person",
            "left": 342.5812255859375,
            "top": 18.212508138020834,
            "width": 256.9499755859375
        },
        {
            "height": 419.32493489583334,
            "label": "person",
            "left": 162.3375,
            "top": 173.31253255208333,
            "width": 195.16873779296876
        },
        {
            "height": 133.9375,
            "label": "person",
            "left": 222.1406005859375,
            "top": 57.41250406901042,
            "width": 93.4125
        },
        {
            "height": 470.27503255208336,
            "label": "person",
            "left": 0.5437463760375977,
            "top": 89.2375,
            "width": 199.659375
        },
        {
            "height": 161.6,
            "label": "person",
            "left": 476.559375,
            "top": 43.599995930989586,
            "width": 46.321875
        },
        {
            "height": 79.825,
            "label": "person",
            "left": 519.046875,
            "top": 28.925,
            "width": 34.33125
        },
        {
            "height": 63.1,
            "label": "bowl",
            "left": 0.0,
            "top": 536.2750325520833,
            "width": 92.48436889648437
        },
        {
            "height": 177.15,
            "label": "person",
            "left": 507.140625,
            "top": 25.887518310546874,
            "width": 70.378125
        },
        {
            "height": 139.675,
            "label": "person",
            "left": 321.684375,
            "top": 66.43748372395834,
            "width": 157.14375
        },
        {
            "height": 105.8625,
            "label": "person",
            "left": 149.896875,
            "top": 82.72499186197916,
            "width": 73.115625
        },
        {
            "height": 71.375,
            "label": "cup",
            "left": 561.993701171875,
            "top": 528.0000325520833,
            "width": 37.5375
        },
        {
            "height": 20.9375,
            "label": "cell phone",
            "left": 1.8468751907348633,
            "top": 382.55,
            "width": 42.07499694824219
        },
        {
            "height": 34.625,
            "label": "person",
            "left": 339.3187255859375,
            "top": 127.425,
            "width": 22.715625
        },
        {
            "height": 58.7875,
            "label": "person",
            "left": 501.8625,
            "top": 26.425,
            "width": 28.265621948242188
        }
    ]
}